day,cells
1,67680.70057
2,67777.49135
3,67868.89806
4,67954.89361
5,68035.45251
6,68110.5509
7,68180.16652
8,68244.27875
9,68302.86858
10,68355.91865
11,68403.41325
12,68445.3383
13,68481.68138
14,68512.43171
15,68537.58019
16,68557.11937
17,68571.04345
18,68579.34831
19,68582.03148
20,68579.09218
21,68570.53127
22,68556.35129
23,68536.55644
24,68511.15259
25,68480.14726
26,68443.54965
27,68401.3706
28,68353.6226
29,68300.3198
30,68241.47801
31,68177.11465
32,68107.2488
33,68031.90115
34,67951.09405
35,67864.85143
36,67773.19885
37,67676.16346
38,67573.77403
39,67466.06088
40,67353.05594
41,67234.7927
42,67111.3062
43,66982.63302
44,66848.81131
45,66709.8807
46,66565.88238
47,66416.85901
48,66262.85475
49,66103.91523
50,65940.08755
51,65771.42027
52,65597.96334
53,65419.76819
54,65236.8876
55,65049.37577
56,64857.28827
57,64660.68201
58,64459.61526
59,64254.14759
60,64044.33988
61,63830.25432
62,63611.95433
63,63389.5046
64,63162.97105
65,62932.42081
66,62697.9222
67,62459.54469
68,62217.35893
69,61971.43669
70,61721.85082
71,61468.6753
72,61211.98515
73,60951.85642
74,60688.36619
75,60421.59255
76,60151.61455
77,59878.51219
78,59602.36639
79,59323.25898
80,59041.27266
81,58756.491
82,58468.99838
83,58178.88
84,57886.22181
85,57591.11055
86,57293.63365
87,56993.87928
88,56691.93624
89,56387.89402
90,56081.84271
91,55773.873
92,55464.07614
93,55152.54393
94,54839.3687
95,54524.64324
96,54208.4608
97,53890.91509
98,53572.10019
99,53252.11059
100,52931.04109
101,52608.98684
102,52286.04327
103,51962.30607
104,51637.87119
105,51312.83474
106,50987.29305
107,50661.34259
108,50335.07993
109,50008.60176
110,49682.00482
111,49355.38589
112,49028.84175
113,48702.46917
114,48376.36485
115,48050.62543
116,47725.34743
117,47400.62724
118,47076.56107
119,46753.24497
120,46430.77473
121,46109.2459
122,45788.75377
123,45469.3933
124,45151.25913
125,44834.44552
126,44519.04635
127,44205.1551
128,43892.86475
129,43582.26786
130,43273.45647
131,42966.52207
132,42661.55563
133,42358.6475
134,42057.88745
135,41759.3646
136,41463.1674
137,41169.38363
138,40878.10035
139,40589.40386
140,40303.37971
141,40020.11265
142,39739.68664
143,39462.18475
144,39187.68922
145,38916.2814
146,38648.0417
147,38383.04961
148,38121.38365
149,37863.12136
150,37608.33927
151,37357.11287
152,37109.51662
153,36865.62387
154,36625.5069
155,36389.23686
156,36156.88376
157,35928.51646
158,35704.20262
159,35484.00871
160,35267.99998
161,35056.24044
162,34848.79284
163,34645.71865
164,34447.07804
165,34252.92988
166,34063.33169
167,33878.33966
168,33698.00861
169,33522.39196
170,33351.54177
171,33185.50865
172,33024.34181
173,32868.08901
174,32716.79653
175,32570.50922
176,32429.27043
177,32293.122
178,32162.10428
179,32036.25609
180,31915.61473
181,31800.21594
182,31690.09392
183,31585.2813
184,31485.80913
185,31391.7069
186,31303.00249
187,31219.72218
188,31141.89065
189,31069.53096
190,31002.66456
191,30941.31126
192,30885.48924
193,30835.21504
194,30790.50356
195,30751.36805
196,30717.8201
197,30689.86966
198,30667.525
199,30650.79275
200,30639.67787
201,30634.18365
202,30634.31172
203,30640.06204
204,30651.43291
205,30668.42095
206,30691.02114
207,30719.22677
208,30753.02949
209,30792.41928
210,30837.38448
211,30887.91175
212,30943.98612
213,31005.59098
214,31072.70807
215,31145.3175
216,31223.39777
217,31306.92573
218,31395.87662
219,31490.2241
220,31589.94021
221,31694.99539
222,31805.35852
223,31920.99689
224,32041.87624
225,32167.96075
226,32299.21306
227,32435.59427
228,32577.06397
229,32723.58024
230,32875.09967
231,33031.57736
232,33192.96693
233,33359.22057
234,33530.28902
235,33706.12157
236,33886.66613
237,34071.86919
238,34261.67589
239,34456.02997
240,34654.87384
241,34858.14858
242,35065.79396
243,35277.74845
244,35493.94924
245,35714.33226
246,35938.83221
247,36167.38257
248,36399.91561
249,36636.36243
250,36876.65296
251,37120.716
252,37368.47924
253,37619.86924
254,37874.81152
255,38133.23054
256,38395.04971
257,38660.19146
258,38928.57722
259,39200.12747
260,39474.76172
261,39752.39861
262,40032.95587
263,40316.35035
264,40602.49809
265,40891.31429
266,41182.71337
267,41476.60898
268,41772.91403
269,42071.54073
270,42372.40058
271,42675.40443
272,42980.4625
273,43287.48438
274,43596.37911
275,43907.05515
276,44219.42044
277,44533.38242
278,44848.84805
279,45165.72386
280,45483.91595
281,45803.33004
282,46123.87146
283,46445.44525
284,46767.9561
285,47091.30846
286,47415.40651
287,47740.1542
288,48065.45532
289,48391.21347
290,48717.33211
291,49043.71461
292,49370.26426
293,49696.88429
294,50023.47792
295,50349.94838
296,50676.19891
297,51002.13285
298,51327.65362
299,51652.66476
300,51977.06995
301,52300.77308
302,52623.67821
303,52945.68967
304,53266.71204
305,53586.65019
306,53905.40932
307,54222.89497
308,54539.01307
309,54853.66993
310,55166.77233
311,55478.22748
312,55787.9431
313,56095.8274
314,56401.78915
315,56705.7377
316,57007.58297
317,57307.23552
318,57604.60656
319,57899.60797
320,58192.15233
321,58482.15296
322,58769.52392
323,59054.18007
324,59336.03705
325,59615.01133
326,59891.02026
327,60163.98205
328,60433.8158
329,60700.44157
330,60963.78035
331,61223.75411
332,61480.2858
333,61733.29941
334,61982.71998
335,62228.47358
336,62470.48741
337,62708.68973
338,62943.00998
339,63173.37872
340,63399.72767
341,63621.98978
342,63840.09918
343,64053.99124
344,64263.60257
345,64468.87107
346,64669.73591
347,64866.13757
348,65058.01785
349,65245.3199
350,65427.98821
351,65605.96865
352,65779.20848
353,65947.65638
354,66111.26242
355,66269.97812
356,66423.75646
357,66572.55186
358,66716.32023
359,66855.01898
360,66988.60701
361,67117.04472
362,67240.29406
363,67358.31851
364,67471.08309
365,67578.55439
366,67680.70057
367,67777.49135
368,67868.89806
369,67954.89361
370,68035.45251
371,68110.5509
372,68180.16652
373,68244.27875
374,68302.86858
375,68355.91865
376,68403.41325
377,68445.3383
378,68481.68138
379,68512.43171
380,68537.58019
381,68557.11937
382,68571.04345
383,68579.34831
384,68582.03148
385,68579.09218
386,68570.53127
387,68556.35129
388,68536.55644
389,68511.15259
390,68480.14726
391,68443.54965
392,68401.3706
393,68353.6226
394,68300.3198
395,68241.47801
396,68177.11465
397,68107.2488
398,68031.90115
399,67951.09405
400,67864.85143
401,67773.19885
402,67676.16346
403,67573.77403
404,67466.06088
405,67353.05594
406,67234.7927
407,67111.3062
408,66982.63302
409,66848.81131
410,66709.8807
411,66565.88238
412,66416.85901
413,66262.85475
414,66103.91523
415,65940.08755
416,65771.42027
417,65597.96334
418,65419.76819
419,65236.8876
420,65049.37577
421,64857.28827
422,64660.68201
423,64459.61526
424,64254.14759
425,64044.33988
426,63830.25432
427,63611.95433
428,63389.5046
429,63162.97105
430,62932.42081
431,62697.9222
432,62459.54469
433,62217.35893
434,61971.43669
435,61721.85082
436,61468.6753
437,61211.98515
438,60951.85642
439,60688.36619
440,60421.59255
441,60151.61455
442,59878.51219
443,59602.36639
444,59323.25898
445,59041.27266
446,58756.491
447,58468.99838
448,58178.88
449,57886.22181
450,57591.11055
451,57293.63365
452,56993.87928
453,56691.93624
454,56387.89402
455,56081.84271
456,55773.873
457,55464.07614
458,55152.54393
459,54839.3687
460,54524.64324
461,54208.4608
462,53890.91509
463,53572.10019
464,53252.11059
465,52931.04109
466,52608.98684
467,52286.04327
468,51962.30607
469,51637.87119
470,51312.83474
471,50987.29305
472,50661.34259
473,50335.07993
474,50008.60176
475,49682.00482
476,49355.38589
477,49028.84175
478,48702.46917
479,48376.36485
480,48050.62543
481,47725.34743
482,47400.62724
483,47076.56107
484,46753.24497
485,46430.77473
486,46109.2459
487,45788.75377
488,45469.3933
489,45151.25913
490,44834.44552
491,44519.04635
492,44205.1551
493,43892.86475
494,43582.26786
495,43273.45647
496,42966.52207
497,42661.55563
498,42358.6475
499,42057.88745
500,41759.3646
501,41463.1674
502,41169.38363
503,40878.10035
504,40589.40386
505,40303.37971
506,40020.11265
507,39739.68664
508,39462.18475
509,39187.68922
510,38916.2814
511,38648.0417
512,38383.04961
513,38121.38365
514,37863.12136
515,37608.33927
516,37357.11287
517,37109.51662
518,36865.62387
519,36625.5069
520,36389.23686
521,36156.88376
522,35928.51646
523,35704.20262
524,35484.00871
525,35267.99998
526,35056.24044
527,34848.79284
528,34645.71865
529,34447.07804
530,34252.92988
531,34063.33169
532,33878.33966
533,33698.00861
534,33522.39196
535,33351.54177
536,33185.50865
537,33024.34181
538,32868.08901
539,32716.79653
540,32570.50922
541,32429.27043
542,32293.122
543,32162.10428
544,32036.25609
545,31915.61473
546,31800.21594
547,31690.09392
548,31585.2813
549,31485.80913
550,31391.7069
551,31303.00249
552,31219.72218
553,31141.89065
554,31069.53096
555,31002.66456
556,30941.31126
557,30885.48924
558,30835.21504
559,30790.50356
560,30751.36805
561,30717.8201
562,30689.86966
563,30667.525
564,30650.79275
565,30639.67787
566,30634.18365
567,30634.31172
568,30640.06204
569,30651.43291
570,30668.42095
571,30691.02114
572,30719.22677
573,30753.02949
574,30792.41928
575,30837.38448
576,30887.91175
577,30943.98612
578,31005.59098
579,31072.70807
580,31145.3175
581,31223.39777
582,31306.92573
583,31395.87662
584,31490.2241
585,31589.94021
586,31694.99539
587,31805.35852
588,31920.99689
589,32041.87624
590,32167.96075
591,32299.21306
592,32435.59427
593,32577.06397
594,32723.58024
595,32875.09967
596,33031.57736
597,33192.96693
598,33359.22057
599,33530.28902
600,33706.12157
601,33886.66613
602,34071.86919
603,34261.67589
604,34456.02997
605,34654.87384
606,34858.14858
607,35065.79396
608,35277.74845
609,35493.94924
610,35714.33226
611,35938.83221
612,36167.38257
613,36399.91561
614,36636.36243
615,36876.65296
616,37120.716
617,37368.47924
618,37619.86924
619,37874.81152
620,38133.23054
621,38395.04971
622,38660.19146
623,38928.57722
624,39200.12747
625,39474.76172
626,39752.39861
627,40032.95587
628,40316.35035
629,40602.49809
630,40891.31429
631,41182.71337
632,41476.60898
633,41772.91403
634,42071.54073
635,42372.40058
636,42675.40443
637,42980.4625
638,43287.48438
639,43596.37911
640,43907.05515
641,44219.42044
642,44533.38242
643,44848.84805
644,45165.72386
645,45483.91595
646,45803.33004
647,46123.87146
648,46445.44525
649,46767.9561
650,47091.30846
651,47415.40651
652,47740.1542
653,48065.45532
654,48391.21347
655,48717.33211
656,49043.71461
657,49370.26426
658,49696.88429
659,50023.47792
660,50349.94838
661,50676.19891
662,51002.13285
663,51327.65362
664,51652.66476
665,51977.06995
666,52300.77308
667,52623.67821
668,52945.68967
669,53266.71204
670,53586.65019
671,53905.40932
672,54222.89497
673,54539.01307
674,54853.66993
675,55166.77233
676,55478.22748
677,55787.9431
678,56095.8274
679,56401.78915
680,56705.7377
681,57007.58297
682,57307.23552
683,57604.60656
684,57899.60797
685,58192.15233
686,58482.15296
687,58769.52392
688,59054.18007
689,59336.03705
690,59615.01133
691,59891.02026
692,60163.98205
693,60433.8158
694,60700.44157
695,60963.78035
696,61223.75411
697,61480.2858
698,61733.29941
699,61982.71998
700,62228.47358
701,62470.48741
702,62708.68973
703,62943.00998
704,63173.37872
705,63399.72767
706,63621.98978
707,63840.09918
708,64053.99124
709,64263.60257
710,64468.87107
711,64669.73591
712,64866.13757
713,65058.01785
714,65245.3199
715,65427.98821
716,65605.96865
717,65779.20848
718,65947.65638
719,66111.26242
720,66269.97812
721,66423.75646
722,66572.55186
723,66716.32023
724,66855.01898
725,66988.60701
726,67117.04472
727,67240.29406
728,67358.31851
729,67471.08309
730,67578.55439
731,67680.70057
732,67777.49135
733,67868.89806
734,67954.89361
735,68035.45251
736,68110.5509
737,68180.16652
738,68244.27875
739,68302.86858
740,68355.91865
741,68403.41325
742,68445.3383
743,68481.68138
744,68512.43171
745,68537.58019
746,68557.11937
747,68571.04345
748,68579.34831
749,68582.03148
750,68579.09218
751,68570.53127
752,68556.35129
753,68536.55644
754,68511.15259
755,68480.14726
756,68443.54965
757,68401.3706
758,68353.6226
759,68300.3198
760,68241.47801
761,68177.11465
762,68107.2488
763,68031.90115
764,67951.09405
765,67864.85143
766,67773.19885
767,67676.16346
768,67573.77403
769,67466.06088
770,67353.05594
771,67234.7927
772,67111.3062
773,66982.63302
774,66848.81131
775,66709.8807
776,66565.88238
777,66416.85901
778,66262.85475
779,66103.91523
780,65940.08755
781,65771.42027
782,65597.96334
783,65419.76819
784,65236.8876
785,65049.37577
786,64857.28827
787,64660.68201
788,64459.61526
789,64254.14759
790,64044.33988
791,63830.25432
792,63611.95433
793,63389.5046
794,63162.97105
795,62932.42081
796,62697.9222
797,62459.54469
798,62217.35893
799,61971.43669
800,61721.85082
801,61468.6753
802,61211.98515
803,60951.85642
804,60688.36619
805,60421.59255
806,60151.61455
807,59878.51219
808,59602.36639
809,59323.25898
810,59041.27266
811,58756.491
812,58468.99838
813,58178.88
814,57886.22181
815,57591.11055
816,57293.63365
817,56993.87928
818,56691.93624
819,56387.89402
820,56081.84271
821,55773.873
822,55464.07614
823,55152.54393
824,54839.3687
825,54524.64324
826,54208.4608
827,53890.91509
828,53572.10019
829,53252.11059
830,52931.04109
831,52608.98684
832,52286.04327
833,51962.30607
834,51637.87119
835,51312.83474
836,50987.29305
837,50661.34259
838,50335.07993
839,50008.60176
840,49682.00482
841,49355.38589
842,49028.84175
843,48702.46917
844,48376.36485
845,48050.62543
846,47725.34743
847,47400.62724
848,47076.56107
849,46753.24497
850,46430.77473
851,46109.2459
852,45788.75377
853,45469.3933
854,45151.25913
855,44834.44552
856,44519.04635
857,44205.1551
858,43892.86475
859,43582.26786
860,43273.45647
861,42966.52207
862,42661.55563
863,42358.6475
864,42057.88745
865,41759.3646
866,41463.1674
867,41169.38363
868,40878.10035
869,40589.40386
870,40303.37971
871,40020.11265
872,39739.68664
873,39462.18475
874,39187.68922
875,38916.2814
876,38648.0417
877,38383.04961
878,38121.38365
879,37863.12136
880,37608.33927
881,37357.11287
882,37109.51662
883,36865.62387
884,36625.5069
885,36389.23686
886,36156.88376
887,35928.51646
888,35704.20262
889,35484.00871
890,35267.99998
891,35056.24044
892,34848.79284
893,34645.71865
894,34447.07804
895,34252.92988
896,34063.33169
897,33878.33966
898,33698.00861
899,33522.39196
900,33351.54177
901,33185.50865
902,33024.34181
903,32868.08901
904,32716.79653
905,32570.50922
906,32429.27043
907,32293.122
908,32162.10428
909,32036.25609
910,31915.61473
911,31800.21594
912,31690.09392
913,31585.2813
914,31485.80913
915,31391.7069
916,31303.00249
917,31219.72218
918,31141.89065
919,31069.53096
920,31002.66456
921,30941.31126
922,30885.48924
923,30835.21504
924,30790.50356
925,30751.36805
926,30717.8201
927,30689.86966
928,30667.525
929,30650.79275
930,30639.67787
931,30634.18365
932,30634.31172
933,30640.06204
934,30651.43291
935,30668.42095
936,30691.02114
937,30719.22677
938,30753.02949
939,30792.41928
940,30837.38448
941,30887.91175
942,30943.98612
943,31005.59098
944,31072.70807
945,31145.3175
946,31223.39777
947,31306.92573
948,31395.87662
949,31490.2241
950,31589.94021
951,31694.99539
952,31805.35852
953,31920.99689
954,32041.87624
955,32167.96075
956,32299.21306
957,32435.59427
958,32577.06397
959,32723.58024
960,32875.09967
961,33031.57736
962,33192.96693
963,33359.22057
964,33530.28902
965,33706.12157
966,33886.66613
967,34071.86919
968,34261.67589
969,34456.02997
970,34654.87384
971,34858.14858
972,35065.79396
973,35277.74845
974,35493.94924
975,35714.33226
976,35938.83221
977,36167.38257
978,36399.91561
979,36636.36243
980,36876.65296
981,37120.716
982,37368.47924
983,37619.86924
984,37874.81152
985,38133.23054
986,38395.04971
987,38660.19146
988,38928.57722
989,39200.12747
990,39474.76172
991,39752.39861
992,40032.95587
993,40316.35035
994,40602.49809
995,40891.31429
996,41182.71337
997,41476.60898
998,41772.91403
999,42071.54073
1000,42372.40058
1001,42675.40443
1002,42980.4625
1003,43287.48438
1004,43596.37911
1005,43907.05515
1006,44219.42044
1007,44533.38242
1008,44848.84805
1009,45165.72386
1010,45483.91595
1011,45803.33004
1012,46123.87146
1013,46445.44525
1014,46767.9561
1015,47091.30846
1016,47415.40651
1017,47740.1542
1018,48065.45532
1019,48391.21347
1020,48717.33211
1021,49043.71461
1022,49370.26426
1023,49696.88429
1024,50023.47792
1025,50349.94838
1026,50676.19891
1027,51002.13285
1028,51327.65362
1029,51652.66476
1030,51977.06995
1031,52300.77308
1032,52623.67821
1033,52945.68967
1034,53266.71204
1035,53586.65019
1036,53905.40932
1037,54222.89497
1038,54539.01307
1039,54853.66993
1040,55166.77233
1041,55478.22748
1042,55787.9431
1043,56095.8274
1044,56401.78915
1045,56705.7377
1046,57007.58297
1047,57307.23552
1048,57604.60656
1049,57899.60797
1050,58192.15233
1051,58482.15296
1052,58769.52392
1053,59054.18007
1054,59336.03705
1055,59615.01133
1056,59891.02026
1057,60163.98205
1058,60433.8158
1059,60700.44157
1060,60963.78035
1061,61223.75411
1062,61480.2858
1063,61733.29941
1064,61982.71998
1065,62228.47358
1066,62470.48741
1067,62708.68973
1068,62943.00998
1069,63173.37872
1070,63399.72767
1071,63621.98978
1072,63840.09918
1073,64053.99124
1074,64263.60257
1075,64468.87107
1076,64669.73591
1077,64866.13757
1078,65058.01785
1079,65245.3199
1080,65427.98821
1081,65605.96865
1082,65779.20848
1083,65947.65638
1084,66111.26242
1085,66269.97812
1086,66423.75646
1087,66572.55186
1088,66716.32023
1089,66855.01898
1090,66988.60701
1091,67117.04472
1092,67240.29406
1093,67358.31851
1094,67471.08309
1095,67578.55439
1096,67680.70057
1097,67777.49135
1098,67868.89806
1099,67954.89361
1100,68035.45251
1101,68110.5509
1102,68180.16652
1103,68244.27875
1104,68302.86858
1105,68355.91865
1106,68403.41325
1107,68445.3383
1108,68481.68138
1109,68512.43171
1110,68537.58019
1111,68557.11937
1112,68571.04345
1113,68579.34831
1114,68582.03148
1115,68579.09218
1116,68570.53127
1117,68556.35129
1118,68536.55644
1119,68511.15259
1120,68480.14726
1121,68443.54965
1122,68401.3706
1123,68353.6226
1124,68300.3198
1125,68241.47801
1126,68177.11465
1127,68107.2488
1128,68031.90115
1129,67951.09405
1130,67864.85143
1131,67773.19885
1132,67676.16346
1133,67573.77403
1134,67466.06088
1135,67353.05594
1136,67234.7927
1137,67111.3062
1138,66982.63302
1139,66848.81131
1140,66709.8807
1141,66565.88238
1142,66416.85901
1143,66262.85475
1144,66103.91523
1145,65940.08755
1146,65771.42027
1147,65597.96334
1148,65419.76819
1149,65236.8876
1150,65049.37577
1151,64857.28827
1152,64660.68201
1153,64459.61526
1154,64254.14759
1155,64044.33988
1156,63830.25432
1157,63611.95433
1158,63389.5046
1159,63162.97105
1160,62932.42081
1161,62697.9222
1162,62459.54469
1163,62217.35893
1164,61971.43669
1165,61721.85082
1166,61468.6753
1167,61211.98515
1168,60951.85642
1169,60688.36619
1170,60421.59255
1171,60151.61455
1172,59878.51219
1173,59602.36639
1174,59323.25898
1175,59041.27266
1176,58756.491
1177,58468.99838
1178,58178.88
1179,57886.22181
1180,57591.11055
1181,57293.63365
1182,56993.87928
1183,56691.93624
1184,56387.89402
1185,56081.84271
1186,55773.873
1187,55464.07614
1188,55152.54393
1189,54839.3687
1190,54524.64324
1191,54208.4608
1192,53890.91509
1193,53572.10019
1194,53252.11059
1195,52931.04109
1196,52608.98684
1197,52286.04327
1198,51962.30607
1199,51637.87119
1200,51312.83474
1201,50987.29305
1202,50661.34259
1203,50335.07993
1204,50008.60176
1205,49682.00482
1206,49355.38589
1207,49028.84175
1208,48702.46917
1209,48376.36485
1210,48050.62543
1211,47725.34743
1212,47400.62724
1213,47076.56107
1214,46753.24497
1215,46430.77473
1216,46109.2459
1217,45788.75377
1218,45469.3933
1219,45151.25913
1220,44834.44552
1221,44519.04635
1222,44205.1551
1223,43892.86475
1224,43582.26786
1225,43273.45647
1226,42966.52207
1227,42661.55563
1228,42358.6475
1229,42057.88745
1230,41759.3646
1231,41463.1674
1232,41169.38363
1233,40878.10035
1234,40589.40386
1235,40303.37971
1236,40020.11265
1237,39739.68664
1238,39462.18475
1239,39187.68922
1240,38916.2814
1241,38648.0417
1242,38383.04961
1243,38121.38365
1244,37863.12136
1245,37608.33927
1246,37357.11287
1247,37109.51662
1248,36865.62387
1249,36625.5069
1250,36389.23686
1251,36156.88376
1252,35928.51646
1253,35704.20262
1254,35484.00871
1255,35267.99998
1256,35056.24044
1257,34848.79284
1258,34645.71865
1259,34447.07804
1260,34252.92988
1261,34063.33169
1262,33878.33966
1263,33698.00861
1264,33522.39196
1265,33351.54177
1266,33185.50865
1267,33024.34181
1268,32868.08901
1269,32716.79653
1270,32570.50922
1271,32429.27043
1272,32293.122
1273,32162.10428
1274,32036.25609
1275,31915.61473
1276,31800.21594
1277,31690.09392
1278,31585.2813
1279,31485.80913
1280,31391.7069
1281,31303.00249
1282,31219.72218
1283,31141.89065
1284,31069.53096
1285,31002.66456
1286,30941.31126
1287,30885.48924
1288,30835.21504
1289,30790.50356
1290,30751.36805
1291,30717.8201
1292,30689.86966
1293,30667.525
1294,30650.79275
1295,30639.67787
1296,30634.18365
1297,30634.31172
1298,30640.06204
1299,30651.43291
1300,30668.42095
1301,30691.02114
1302,30719.22677
1303,30753.02949
1304,30792.41928
1305,30837.38448
1306,30887.91175
1307,30943.98612
1308,31005.59098
1309,31072.70807
1310,31145.3175
1311,31223.39777
1312,31306.92573
1313,31395.87662
1314,31490.2241
1315,31589.94021
1316,31694.99539
1317,31805.35852
1318,31920.99689
1319,32041.87624
1320,32167.96075
1321,32299.21306
1322,32435.59427
1323,32577.06397
1324,32723.58024
1325,32875.09967
1326,33031.57736
1327,33192.96693
1328,33359.22057
1329,33530.28902
1330,33706.12157
1331,33886.66613
1332,34071.86919
1333,34261.67589
1334,34456.02997
1335,34654.87384
1336,34858.14858
1337,35065.79396
1338,35277.74845
1339,35493.94924
1340,35714.33226
1341,35938.83221
1342,36167.38257
1343,36399.91561
1344,36636.36243
1345,36876.65296
1346,37120.716
1347,37368.47924
1348,37619.86924
1349,37874.81152
1350,38133.23054
1351,38395.04971
1352,38660.19146
1353,38928.57722
1354,39200.12747
1355,39474.76172
1356,39752.39861
1357,40032.95587
1358,40316.35035
1359,40602.49809
1360,40891.31429
1361,41182.71337
1362,41476.60898
1363,41772.91403
1364,42071.54073
1365,42372.40058
1366,42675.40443
1367,42980.4625
1368,43287.48438
1369,43596.37911
1370,43907.05515
1371,44219.42044
1372,44533.38242
1373,44848.84805
1374,45165.72386
1375,45483.91595
1376,45803.33004
1377,46123.87146
1378,46445.44525
1379,46767.9561
1380,47091.30846
1381,47415.40651
1382,47740.1542
1383,48065.45532
1384,48391.21347
1385,48717.33211
1386,49043.71461
1387,49370.26426
1388,49696.88429
1389,50023.47792
1390,50349.94838
1391,50676.19891
1392,51002.13285
1393,51327.65362
1394,51652.66476
1395,51977.06995
1396,52300.77308
1397,52623.67821
1398,52945.68967
1399,53266.71204
1400,53586.65019
1401,53905.40932
1402,54222.89497
1403,54539.01307
1404,54853.66993
1405,55166.77233
1406,55478.22748
1407,55787.9431
1408,56095.8274
1409,56401.78915
1410,56705.7377
1411,57007.58297
1412,57307.23552
1413,57604.60656
1414,57899.60797
1415,58192.15233
1416,58482.15296
1417,58769.52392
1418,59054.18007
1419,59336.03705
1420,59615.01133
1421,59891.02026
1422,60163.98205
1423,60433.8158
1424,60700.44157
1425,60963.78035
1426,61223.75411
1427,61480.2858
1428,61733.29941
1429,61982.71998
1430,62228.47358
1431,62470.48741
1432,62708.68973
1433,62943.00998
1434,63173.37872
1435,63399.72767
1436,63621.98978
1437,63840.09918
1438,64053.99124
1439,64263.60257
1440,64468.87107
1441,64669.73591
1442,64866.13757
1443,65058.01785
1444,65245.3199
1445,65427.98821
1446,65605.96865
1447,65779.20848
1448,65947.65638
1449,66111.26242
1450,66269.97812
1451,66423.75646
1452,66572.55186
1453,66716.32023
1454,66855.01898
1455,66988.60701
1456,67117.04472
1457,67240.29406
1458,67358.31851
1459,67471.08309
1460,67578.55439
1461,67680.70057
1462,67777.49135
1463,67868.89806
1464,67954.89361
1465,68035.45251
1466,68110.5509
1467,68180.16652
1468,68244.27875
1469,68302.86858
1470,68355.91865
1471,68403.41325
1472,68445.3383
1473,68481.68138
1474,68512.43171
1475,68537.58019
1476,68557.11937
1477,68571.04345
1478,68579.34831
1479,68582.03148
1480,68579.09218
1481,68570.53127
1482,68556.35129
1483,68536.55644
1484,68511.15259
1485,68480.14726
1486,68443.54965
1487,68401.3706
1488,68353.6226
1489,68300.3198
1490,68241.47801
1491,68177.11465
1492,68107.2488
1493,68031.90115
1494,67951.09405
1495,67864.85143
1496,67773.19885
1497,67676.16346
1498,67573.77403
1499,67466.06088
1500,67353.05594
1501,67234.7927
1502,67111.3062
1503,66982.63302
1504,66848.81131
1505,66709.8807
1506,66565.88238
1507,66416.85901
1508,66262.85475
1509,66103.91523
1510,65940.08755
1511,65771.42027
1512,65597.96334
1513,65419.76819
1514,65236.8876
1515,65049.37577
1516,64857.28827
1517,64660.68201
1518,64459.61526
1519,64254.14759
1520,64044.33988
1521,63830.25432
1522,63611.95433
1523,63389.5046
1524,63162.97105
1525,62932.42081
1526,62697.9222
1527,62459.54469
1528,62217.35893
1529,61971.43669
1530,61721.85082
1531,61468.6753
1532,61211.98515
1533,60951.85642
1534,60688.36619
1535,60421.59255
1536,60151.61455
1537,59878.51219
1538,59602.36639
1539,59323.25898
1540,59041.27266
1541,58756.491
1542,58468.99838
1543,58178.88
1544,57886.22181
1545,57591.11055
1546,57293.63365
1547,56993.87928
1548,56691.93624
1549,56387.89402
1550,56081.84271
1551,55773.873
1552,55464.07614
1553,55152.54393
1554,54839.3687
1555,54524.64324
1556,54208.4608
1557,53890.91509
1558,53572.10019
1559,53252.11059
1560,52931.04109
1561,52608.98684
1562,52286.04327
1563,51962.30607
1564,51637.87119
1565,51312.83474
1566,50987.29305
1567,50661.34259
1568,50335.07993
1569,50008.60176
1570,49682.00482
1571,49355.38589
1572,49028.84175
1573,48702.46917
1574,48376.36485
1575,48050.62543
1576,47725.34743
1577,47400.62724
1578,47076.56107
1579,46753.24497
1580,46430.77473
1581,46109.2459
1582,45788.75377
1583,45469.3933
1584,45151.25913
1585,44834.44552
1586,44519.04635
1587,44205.1551
1588,43892.86475
1589,43582.26786
1590,43273.45647
1591,42966.52207
1592,42661.55563
1593,42358.6475
1594,42057.88745
1595,41759.3646
1596,41463.1674
1597,41169.38363
1598,40878.10035
1599,40589.40386
1600,40303.37971
1601,40020.11265
1602,39739.68664
1603,39462.18475
1604,39187.68922
1605,38916.2814
1606,38648.0417
1607,38383.04961
1608,38121.38365
1609,37863.12136
1610,37608.33927
1611,37357.11287
1612,37109.51662
1613,36865.62387
1614,36625.5069
1615,36389.23686
1616,36156.88376
1617,35928.51646
1618,35704.20262
1619,35484.00871
1620,35267.99998
1621,35056.24044
1622,34848.79284
1623,34645.71865
1624,34447.07804
1625,34252.92988
1626,34063.33169
1627,33878.33966
1628,33698.00861
1629,33522.39196
1630,33351.54177
1631,33185.50865
1632,33024.34181
1633,32868.08901
1634,32716.79653
1635,32570.50922
1636,32429.27043
1637,32293.122
1638,32162.10428
1639,32036.25609
1640,31915.61473
1641,31800.21594
1642,31690.09392
1643,31585.2813
1644,31485.80913
1645,31391.7069
1646,31303.00249
1647,31219.72218
1648,31141.89065
1649,31069.53096
1650,31002.66456
1651,30941.31126
1652,30885.48924
1653,30835.21504
1654,30790.50356
1655,30751.36805
1656,30717.8201
1657,30689.86966
1658,30667.525
1659,30650.79275
1660,30639.67787
1661,30634.18365
1662,30634.31172
1663,30640.06204
1664,30651.43291
1665,30668.42095
1666,30691.02114
1667,30719.22677
1668,30753.02949
1669,30792.41928
1670,30837.38448
1671,30887.91175
1672,30943.98612
1673,31005.59098
1674,31072.70807
1675,31145.3175
1676,31223.39777
1677,31306.92573
1678,31395.87662
1679,31490.2241
1680,31589.94021
1681,31694.99539
1682,31805.35852
1683,31920.99689
1684,32041.87624
1685,32167.96075
1686,32299.21306
1687,32435.59427
1688,32577.06397
1689,32723.58024
1690,32875.09967
1691,33031.57736
1692,33192.96693
1693,33359.22057
1694,33530.28902
1695,33706.12157
1696,33886.66613
1697,34071.86919
1698,34261.67589
1699,34456.02997
1700,34654.87384
1701,34858.14858
1702,35065.79396
1703,35277.74845
1704,35493.94924
1705,35714.33226
1706,35938.83221
1707,36167.38257
1708,36399.91561
1709,36636.36243
1710,36876.65296
1711,37120.716
1712,37368.47924
1713,37619.86924
1714,37874.81152
1715,38133.23054
1716,38395.04971
1717,38660.19146
1718,38928.57722
1719,39200.12747
1720,39474.76172
1721,39752.39861
1722,40032.95587
1723,40316.35035
1724,40602.49809
1725,40891.31429
1726,41182.71337
1727,41476.60898
1728,41772.91403
1729,42071.54073
1730,42372.40058
1731,42675.40443
1732,42980.4625
1733,43287.48438
1734,43596.37911
1735,43907.05515
1736,44219.42044
1737,44533.38242
1738,44848.84805
1739,45165.72386
1740,45483.91595
1741,45803.33004
1742,46123.87146
1743,46445.44525
1744,46767.9561
1745,47091.30846
1746,47415.40651
1747,47740.1542
1748,48065.45532
1749,48391.21347
1750,48717.33211
1751,49043.71461
1752,49370.26426
1753,49696.88429
1754,50023.47792
1755,50349.94838
1756,50676.19891
1757,51002.13285
1758,51327.65362
1759,51652.66476
1760,51977.06995
1761,52300.77308
1762,52623.67821
1763,52945.68967
1764,53266.71204
1765,53586.65019
1766,53905.40932
1767,54222.89497
1768,54539.01307
1769,54853.66993
1770,55166.77233
1771,55478.22748
1772,55787.9431
1773,56095.8274
1774,56401.78915
1775,56705.7377
1776,57007.58297
1777,57307.23552
1778,57604.60656
1779,57899.60797
1780,58192.15233
1781,58482.15296
1782,58769.52392
1783,59054.18007
1784,59336.03705
1785,59615.01133
1786,59891.02026
1787,60163.98205
1788,60433.8158
1789,60700.44157
1790,60963.78035
1791,61223.75411
1792,61480.2858
1793,61733.29941
1794,61982.71998
1795,62228.47358
1796,62470.48741
1797,62708.68973
1798,62943.00998
1799,63173.37872
1800,63399.72767
1801,63621.98978
1802,63840.09918
1803,64053.99124
1804,64263.60257
1805,64468.87107
1806,64669.73591
1807,64866.13757
1808,65058.01785
1809,65245.3199
1810,65427.98821
1811,65605.96865
1812,65779.20848
1813,65947.65638
1814,66111.26242
1815,66269.97812
1816,66423.75646
1817,66572.55186
1818,66716.32023
1819,66855.01898
1820,66988.60701
1821,67117.04472
1822,67240.29406
1823,67358.31851
1824,67471.08309
1825,67578.55439
1826,67680.70057
1827,67777.49135
1828,67868.89806
1829,67954.89361
1830,68035.45251
1831,68110.5509
1832,68180.16652
1833,68244.27875
1834,68302.86858
1835,68355.91865
1836,68403.41325
1837,68445.3383
1838,68481.68138
1839,68512.43171
1840,68537.58019
1841,68557.11937
1842,68571.04345
1843,68579.34831
1844,68582.03148
1845,68579.09218
1846,68570.53127
1847,68556.35129
1848,68536.55644
1849,68511.15259
1850,68480.14726
1851,68443.54965
1852,68401.3706
1853,68353.6226
1854,68300.3198
1855,68241.47801
1856,68177.11465
1857,68107.2488
1858,68031.90115
1859,67951.09405
1860,67864.85143
1861,67773.19885
1862,67676.16346
1863,67573.77403
1864,67466.06088
1865,67353.05594
1866,67234.7927
1867,67111.3062
1868,66982.63302
1869,66848.81131
1870,66709.8807
1871,66565.88238
1872,66416.85901
1873,66262.85475
1874,66103.91523
1875,65940.08755
1876,65771.42027
1877,65597.96334
1878,65419.76819
1879,65236.8876
1880,65049.37577
1881,64857.28827
1882,64660.68201
1883,64459.61526
1884,64254.14759
1885,64044.33988
1886,63830.25432
1887,63611.95433
1888,63389.5046
1889,63162.97105
1890,62932.42081
1891,62697.9222
1892,62459.54469
1893,62217.35893
1894,61971.43669
1895,61721.85082
1896,61468.6753
1897,61211.98515
1898,60951.85642
1899,60688.36619
1900,60421.59255
1901,60151.61455
1902,59878.51219
1903,59602.36639
1904,59323.25898
1905,59041.27266
1906,58756.491
1907,58468.99838
1908,58178.88
1909,57886.22181
1910,57591.11055
1911,57293.63365
1912,56993.87928
1913,56691.93624
1914,56387.89402
1915,56081.84271
1916,55773.873
1917,55464.07614
1918,55152.54393
1919,54839.3687
1920,54524.64324
1921,54208.4608
1922,53890.91509
1923,53572.10019
1924,53252.11059
1925,52931.04109
1926,52608.98684
1927,52286.04327
1928,51962.30607
1929,51637.87119
1930,51312.83474
1931,50987.29305
1932,50661.34259
1933,50335.07993
1934,50008.60176
1935,49682.00482
1936,49355.38589
1937,49028.84175
1938,48702.46917
1939,48376.36485
1940,48050.62543
1941,47725.34743
1942,47400.62724
1943,47076.56107
1944,46753.24497
1945,46430.77473
1946,46109.2459
1947,45788.75377
1948,45469.3933
1949,45151.25913
1950,44834.44552
1951,44519.04635
1952,44205.1551
1953,43892.86475
1954,43582.26786
1955,43273.45647
1956,42966.52207
1957,42661.55563
1958,42358.6475
1959,42057.88745
1960,41759.3646
1961,41463.1674
1962,41169.38363
1963,40878.10035
1964,40589.40386
1965,40303.37971
1966,40020.11265
1967,39739.68664
1968,39462.18475
1969,39187.68922
1970,38916.2814
1971,38648.0417
1972,38383.04961
1973,38121.38365
1974,37863.12136
1975,37608.33927
1976,37357.11287
1977,37109.51662
1978,36865.62387
1979,36625.5069
1980,36389.23686
1981,36156.88376
1982,35928.51646
1983,35704.20262
1984,35484.00871
1985,35267.99998
1986,35056.24044
1987,34848.79284
1988,34645.71865
1989,34447.07804
1990,34252.92988
1991,34063.33169
1992,33878.33966
1993,33698.00861
1994,33522.39196
1995,33351.54177
1996,33185.50865
1997,33024.34181
1998,32868.08901
1999,32716.79653
2000,32570.50922
2001,32429.27043
2002,32293.122
2003,32162.10428
2004,32036.25609
2005,31915.61473
2006,31800.21594
2007,31690.09392
2008,31585.2813
2009,31485.80913
2010,31391.7069
2011,31303.00249
2012,31219.72218
2013,31141.89065
2014,31069.53096
2015,31002.66456
2016,30941.31126
2017,30885.48924
2018,30835.21504
2019,30790.50356
2020,30751.36805
2021,30717.8201
2022,30689.86966
2023,30667.525
2024,30650.79275
2025,30639.67787
2026,30634.18365
2027,30634.31172
2028,30640.06204
2029,30651.43291
2030,30668.42095
2031,30691.02114
2032,30719.22677
2033,30753.02949
2034,30792.41928
2035,30837.38448
2036,30887.91175
2037,30943.98612
2038,31005.59098
2039,31072.70807
2040,31145.3175
2041,31223.39777
2042,31306.92573
2043,31395.87662
2044,31490.2241
2045,31589.94021
2046,31694.99539
2047,31805.35852
2048,31920.99689
2049,32041.87624
2050,32167.96075
2051,32299.21306
2052,32435.59427
2053,32577.06397
2054,32723.58024
2055,32875.09967
2056,33031.57736
2057,33192.96693
2058,33359.22057
2059,33530.28902
2060,33706.12157
2061,33886.66613
2062,34071.86919
2063,34261.67589
2064,34456.02997
2065,34654.87384
2066,34858.14858
2067,35065.79396
2068,35277.74845
2069,35493.94924
2070,35714.33226
2071,35938.83221
2072,36167.38257
2073,36399.91561
2074,36636.36243
2075,36876.65296
2076,37120.716
2077,37368.47924
2078,37619.86924
2079,37874.81152
2080,38133.23054
2081,38395.04971
2082,38660.19146
2083,38928.57722
2084,39200.12747
2085,39474.76172
2086,39752.39861
2087,40032.95587
2088,40316.35035
2089,40602.49809
2090,40891.31429
2091,41182.71337
2092,41476.60898
2093,41772.91403
2094,42071.54073
2095,42372.40058
2096,42675.40443
2097,42980.4625
2098,43287.48438
2099,43596.37911
2100,43907.05515
2101,44219.42044
2102,44533.38242
2103,44848.84805
2104,45165.72386
2105,45483.91595
2106,45803.33004
2107,46123.87146
2108,46445.44525
2109,46767.9561
2110,47091.30846
2111,47415.40651
2112,47740.1542
2113,48065.45532
2114,48391.21347
2115,48717.33211
2116,49043.71461
2117,49370.26426
2118,49696.88429
2119,50023.47792
2120,50349.94838
2121,50676.19891
2122,51002.13285
2123,51327.65362
2124,51652.66476
2125,51977.06995
2126,52300.77308
2127,52623.67821
2128,52945.68967
2129,53266.71204
2130,53586.65019
2131,53905.40932
2132,54222.89497
2133,54539.01307
2134,54853.66993
2135,55166.77233
2136,55478.22748
2137,55787.9431
2138,56095.8274
2139,56401.78915
2140,56705.7377
2141,57007.58297
2142,57307.23552
2143,57604.60656
2144,57899.60797
2145,58192.15233
2146,58482.15296
2147,58769.52392
2148,59054.18007
2149,59336.03705
2150,59615.01133
2151,59891.02026
2152,60163.98205
2153,60433.8158
2154,60700.44157
2155,60963.78035
2156,61223.75411
2157,61480.2858
2158,61733.29941
2159,61982.71998
2160,62228.47358
2161,62470.48741
2162,62708.68973
2163,62943.00998
2164,63173.37872
2165,63399.72767
2166,63621.98978
2167,63840.09918
2168,64053.99124
2169,64263.60257
2170,64468.87107
2171,64669.73591
2172,64866.13757
2173,65058.01785
2174,65245.3199
2175,65427.98821
2176,65605.96865
2177,65779.20848
2178,65947.65638
2179,66111.26242
2180,66269.97812
2181,66423.75646
2182,66572.55186
2183,66716.32023
2184,66855.01898
2185,66988.60701
2186,67117.04472
2187,67240.29406
2188,67358.31851
2189,67471.08309
2190,67578.55439
2191,67680.70057
2192,67777.49135
2193,67868.89806
2194,67954.89361
2195,68035.45251
2196,68110.5509
2197,68180.16652
2198,68244.27875
2199,68302.86858
2200,68355.91865
2201,68403.41325
2202,68445.3383
2203,68481.68138
2204,68512.43171
2205,68537.58019
2206,68557.11937
2207,68571.04345
2208,68579.34831
2209,68582.03148
2210,68579.09218
2211,68570.53127
2212,68556.35129
2213,68536.55644
2214,68511.15259
2215,68480.14726
2216,68443.54965
2217,68401.3706
2218,68353.6226
2219,68300.3198
2220,68241.47801
2221,68177.11465
2222,68107.2488
2223,68031.90115
2224,67951.09405
2225,67864.85143
2226,67773.19885
2227,67676.16346
2228,67573.77403
2229,67466.06088
2230,67353.05594
2231,67234.7927
2232,67111.3062
2233,66982.63302
2234,66848.81131
2235,66709.8807
2236,66565.88238
2237,66416.85901
2238,66262.85475
2239,66103.91523
2240,65940.08755
2241,65771.42027
2242,65597.96334
2243,65419.76819
2244,65236.8876
2245,65049.37577
2246,64857.28827
2247,64660.68201
2248,64459.61526
2249,64254.14759
2250,64044.33988
2251,63830.25432
2252,63611.95433
2253,63389.5046
2254,63162.97105
2255,62932.42081
2256,62697.9222
2257,62459.54469
2258,62217.35893
2259,61971.43669
2260,61721.85082
2261,61468.6753
2262,61211.98515
2263,60951.85642
2264,60688.36619
2265,60421.59255
2266,60151.61455
2267,59878.51219
2268,59602.36639
2269,59323.25898
2270,59041.27266
2271,58756.491
2272,58468.99838
2273,58178.88
2274,57886.22181
2275,57591.11055
2276,57293.63365
2277,56993.87928
2278,56691.93624
2279,56387.89402
2280,56081.84271
2281,55773.873
2282,55464.07614
2283,55152.54393
2284,54839.3687
2285,54524.64324
2286,54208.4608
2287,53890.91509
2288,53572.10019
2289,53252.11059
2290,52931.04109
2291,52608.98684
2292,52286.04327
2293,51962.30607
2294,51637.87119
2295,51312.83474
2296,50987.29305
2297,50661.34259
2298,50335.07993
2299,50008.60176
2300,49682.00482
2301,49355.38589
2302,49028.84175
2303,48702.46917
2304,48376.36485
2305,48050.62543
2306,47725.34743
2307,47400.62724
2308,47076.56107
2309,46753.24497
2310,46430.77473
2311,46109.2459
2312,45788.75377
2313,45469.3933
2314,45151.25913
2315,44834.44552
2316,44519.04635
2317,44205.1551
2318,43892.86475
2319,43582.26786
2320,43273.45647
2321,42966.52207
2322,42661.55563
2323,42358.6475
2324,42057.88745
2325,41759.3646
2326,41463.1674
2327,41169.38363
2328,40878.10035
2329,40589.40386
2330,40303.37971
2331,40020.11265
2332,39739.68664
2333,39462.18475
2334,39187.68922
2335,38916.2814
2336,38648.0417
2337,38383.04961
2338,38121.38365
2339,37863.12136
2340,37608.33927
2341,37357.11287
2342,37109.51662
2343,36865.62387
2344,36625.5069
2345,36389.23686
2346,36156.88376
2347,35928.51646
2348,35704.20262
2349,35484.00871
2350,35267.99998
2351,35056.24044
2352,34848.79284
2353,34645.71865
2354,34447.07804
2355,34252.92988
2356,34063.33169
2357,33878.33966
2358,33698.00861
2359,33522.39196
2360,33351.54177
2361,33185.50865
2362,33024.34181
2363,32868.08901
2364,32716.79653
2365,32570.50922
2366,32429.27043
2367,32293.122
2368,32162.10428
2369,32036.25609
2370,31915.61473
2371,31800.21594
2372,31690.09392
2373,31585.2813
2374,31485.80913
2375,31391.7069
2376,31303.00249
2377,31219.72218
2378,31141.89065
2379,31069.53096
2380,31002.66456
2381,30941.31126
2382,30885.48924
2383,30835.21504
2384,30790.50356
2385,30751.36805
2386,30717.8201
2387,30689.86966
2388,30667.525
2389,30650.79275
2390,30639.67787
2391,30634.18365
2392,30634.31172
2393,30640.06204
2394,30651.43291
2395,30668.42095
2396,30691.02114
2397,30719.22677
2398,30753.02949
2399,30792.41928
2400,30837.38448
2401,30887.91175
2402,30943.98612
2403,31005.59098
2404,31072.70807
2405,31145.3175
2406,31223.39777
2407,31306.92573
2408,31395.87662
2409,31490.2241
2410,31589.94021
2411,31694.99539
2412,31805.35852
2413,31920.99689
2414,32041.87624
2415,32167.96075
2416,32299.21306
2417,32435.59427
2418,32577.06397
2419,32723.58024
2420,32875.09967
2421,33031.57736
2422,33192.96693
2423,33359.22057
2424,33530.28902
2425,33706.12157
2426,33886.66613
2427,34071.86919
2428,34261.67589
2429,34456.02997
2430,34654.87384
2431,34858.14858
2432,35065.79396
2433,35277.74845
2434,35493.94924
2435,35714.33226
2436,35938.83221
2437,36167.38257
2438,36399.91561
2439,36636.36243
2440,36876.65296
2441,37120.716
2442,37368.47924
2443,37619.86924
2444,37874.81152
2445,38133.23054
2446,38395.04971
2447,38660.19146
2448,38928.57722
2449,39200.12747
2450,39474.76172
2451,39752.39861
2452,40032.95587
2453,40316.35035
2454,40602.49809
2455,40891.31429
2456,41182.71337
2457,41476.60898
2458,41772.91403
2459,42071.54073
2460,42372.40058
2461,42675.40443
2462,42980.4625
2463,43287.48438
2464,43596.37911
2465,43907.05515
2466,44219.42044
2467,44533.38242
2468,44848.84805
2469,45165.72386
2470,45483.91595
2471,45803.33004
2472,46123.87146
2473,46445.44525
2474,46767.9561
2475,47091.30846
2476,47415.40651
2477,47740.1542
2478,48065.45532
2479,48391.21347
2480,48717.33211
2481,49043.71461
2482,49370.26426
2483,49696.88429
2484,50023.47792
2485,50349.94838
2486,50676.19891
2487,51002.13285
2488,51327.65362
2489,51652.66476
2490,51977.06995
2491,52300.77308
2492,52623.67821
2493,52945.68967
2494,53266.71204
2495,53586.65019
2496,53905.40932
2497,54222.89497
2498,54539.01307
2499,54853.66993
2500,55166.77233
2501,55478.22748
2502,55787.9431
2503,56095.8274
2504,56401.78915
2505,56705.7377
2506,57007.58297
2507,57307.23552
2508,57604.60656
2509,57899.60797
2510,58192.15233
2511,58482.15296
2512,58769.52392
2513,59054.18007
2514,59336.03705
2515,59615.01133
2516,59891.02026
2517,60163.98205
2518,60433.8158
2519,60700.44157
2520,60963.78035
2521,61223.75411
2522,61480.2858
2523,61733.29941
2524,61982.71998
2525,62228.47358
2526,62470.48741
2527,62708.68973
2528,62943.00998
2529,63173.37872
2530,63399.72767
2531,63621.98978
2532,63840.09918
2533,64053.99124
2534,64263.60257
2535,64468.87107
2536,64669.73591
2537,64866.13757
2538,65058.01785
2539,65245.3199
2540,65427.98821
2541,65605.96865
2542,65779.20848
2543,65947.65638
2544,66111.26242
2545,66269.97812
2546,66423.75646
2547,66572.55186
2548,66716.32023
2549,66855.01898
2550,66988.60701
2551,67117.04472
2552,67240.29406
2553,67358.31851
2554,67471.08309
2555,67578.55439
2556,67680.70057
2557,67777.49135
2558,67868.89806
2559,67954.89361
2560,68035.45251
2561,68110.5509
2562,68180.16652
2563,68244.27875
2564,68302.86858
2565,68355.91865
2566,68403.41325
2567,68445.3383
2568,68481.68138
2569,68512.43171
2570,68537.58019
2571,68557.11937
2572,68571.04345
2573,68579.34831
2574,68582.03148
2575,68579.09218
2576,68570.53127
2577,68556.35129
2578,68536.55644
2579,68511.15259
2580,68480.14726
2581,68443.54965
2582,68401.3706
2583,68353.6226
2584,68300.3198
2585,68241.47801
2586,68177.11465
2587,68107.2488
2588,68031.90115
2589,67951.09405
2590,67864.85143
2591,67773.19885
2592,67676.16346
2593,67573.77403
2594,67466.06088
2595,67353.05594
2596,67234.7927
2597,67111.3062
2598,66982.63302
2599,66848.81131
2600,66709.8807
2601,66565.88238
2602,66416.85901
2603,66262.85475
2604,66103.91523
2605,65940.08755
2606,65771.42027
2607,65597.96334
2608,65419.76819
2609,65236.8876
2610,65049.37577
2611,64857.28827
2612,64660.68201
2613,64459.61526
2614,64254.14759
2615,64044.33988
2616,63830.25432
2617,63611.95433
2618,63389.5046
2619,63162.97105
2620,62932.42081
2621,62697.9222
2622,62459.54469
2623,62217.35893
2624,61971.43669
2625,61721.85082
2626,61468.6753
2627,61211.98515
2628,60951.85642
2629,60688.36619
2630,60421.59255
2631,60151.61455
2632,59878.51219
2633,59602.36639
2634,59323.25898
2635,59041.27266
2636,58756.491
2637,58468.99838
2638,58178.88
2639,57886.22181
2640,57591.11055
2641,57293.63365
2642,56993.87928
2643,56691.93624
2644,56387.89402
2645,56081.84271
2646,55773.873
2647,55464.07614
2648,55152.54393
2649,54839.3687
2650,54524.64324
2651,54208.4608
2652,53890.91509
2653,53572.10019
2654,53252.11059
2655,52931.04109
2656,52608.98684
2657,52286.04327
2658,51962.30607
2659,51637.87119
2660,51312.83474
2661,50987.29305
2662,50661.34259
2663,50335.07993
2664,50008.60176
2665,49682.00482
2666,49355.38589
2667,49028.84175
2668,48702.46917
2669,48376.36485
2670,48050.62543
2671,47725.34743
2672,47400.62724
2673,47076.56107
2674,46753.24497
2675,46430.77473
2676,46109.2459
2677,45788.75377
2678,45469.3933
2679,45151.25913
2680,44834.44552
2681,44519.04635
2682,44205.1551
2683,43892.86475
2684,43582.26786
2685,43273.45647
2686,42966.52207
2687,42661.55563
2688,42358.6475
2689,42057.88745
2690,41759.3646
2691,41463.1674
2692,41169.38363
2693,40878.10035
2694,40589.40386
2695,40303.37971
2696,40020.11265
2697,39739.68664
2698,39462.18475
2699,39187.68922
2700,38916.2814
2701,38648.0417
2702,38383.04961
2703,38121.38365
2704,37863.12136
2705,37608.33927
2706,37357.11287
2707,37109.51662
2708,36865.62387
2709,36625.5069
2710,36389.23686
2711,36156.88376
2712,35928.51646
2713,35704.20262
2714,35484.00871
2715,35267.99998
2716,35056.24044
2717,34848.79284
2718,34645.71865
2719,34447.07804
2720,34252.92988
2721,34063.33169
2722,33878.33966
2723,33698.00861
2724,33522.39196
2725,33351.54177
2726,33185.50865
2727,33024.34181
2728,32868.08901
2729,32716.79653
2730,32570.50922
2731,32429.27043
2732,32293.122
2733,32162.10428
2734,32036.25609
2735,31915.61473
2736,31800.21594
2737,31690.09392
2738,31585.2813
2739,31485.80913
2740,31391.7069
2741,31303.00249
2742,31219.72218
2743,31141.89065
2744,31069.53096
2745,31002.66456
2746,30941.31126
2747,30885.48924
2748,30835.21504
2749,30790.50356
2750,30751.36805
2751,30717.8201
2752,30689.86966
2753,30667.525
2754,30650.79275
2755,30639.67787
2756,30634.18365
2757,30634.31172
2758,30640.06204
2759,30651.43291
2760,30668.42095
2761,30691.02114
2762,30719.22677
2763,30753.02949
2764,30792.41928
2765,30837.38448
2766,30887.91175
2767,30943.98612
2768,31005.59098
2769,31072.70807
2770,31145.3175
2771,31223.39777
2772,31306.92573
2773,31395.87662
2774,31490.2241
2775,31589.94021
2776,31694.99539
2777,31805.35852
2778,31920.99689
2779,32041.87624
2780,32167.96075
2781,32299.21306
2782,32435.59427
2783,32577.06397
2784,32723.58024
2785,32875.09967
2786,33031.57736
2787,33192.96693
2788,33359.22057
2789,33530.28902
2790,33706.12157
2791,33886.66613
2792,34071.86919
2793,34261.67589
2794,34456.02997
2795,34654.87384
2796,34858.14858
2797,35065.79396
2798,35277.74845
2799,35493.94924
2800,35714.33226
2801,35938.83221
2802,36167.38257
2803,36399.91561
2804,36636.36243
2805,36876.65296
2806,37120.716
2807,37368.47924
2808,37619.86924
2809,37874.81152
2810,38133.23054
2811,38395.04971
2812,38660.19146
2813,38928.57722
2814,39200.12747
2815,39474.76172
2816,39752.39861
2817,40032.95587
2818,40316.35035
2819,40602.49809
2820,40891.31429
2821,41182.71337
2822,41476.60898
2823,41772.91403
2824,42071.54073
2825,42372.40058
2826,42675.40443
2827,42980.4625
2828,43287.48438
2829,43596.37911
2830,43907.05515
2831,44219.42044
2832,44533.38242
2833,44848.84805
2834,45165.72386
2835,45483.91595
2836,45803.33004
2837,46123.87146
2838,46445.44525
2839,46767.9561
2840,47091.30846
2841,47415.40651
2842,47740.1542
2843,48065.45532
2844,48391.21347
2845,48717.33211
2846,49043.71461
2847,49370.26426
2848,49696.88429
2849,50023.47792
2850,50349.94838
2851,50676.19891
2852,51002.13285
2853,51327.65362
2854,51652.66476
2855,51977.06995
2856,52300.77308
2857,52623.67821
2858,52945.68967
2859,53266.71204
2860,53586.65019
2861,53905.40932
2862,54222.89497
2863,54539.01307
2864,54853.66993
2865,55166.77233
2866,55478.22748
2867,55787.9431
2868,56095.8274
2869,56401.78915
2870,56705.7377
2871,57007.58297
2872,57307.23552
2873,57604.60656
2874,57899.60797
2875,58192.15233
2876,58482.15296
2877,58769.52392
2878,59054.18007
2879,59336.03705
2880,59615.01133
2881,59891.02026
2882,60163.98205
2883,60433.8158
2884,60700.44157
2885,60963.78035
2886,61223.75411
2887,61480.2858
2888,61733.29941
2889,61982.71998
2890,62228.47358
2891,62470.48741
2892,62708.68973
2893,62943.00998
2894,63173.37872
2895,63399.72767
2896,63621.98978
2897,63840.09918
2898,64053.99124
2899,64263.60257
2900,64468.87107
2901,64669.73591
2902,64866.13757
2903,65058.01785
2904,65245.3199
2905,65427.98821
2906,65605.96865
2907,65779.20848
2908,65947.65638
2909,66111.26242
2910,66269.97812
2911,66423.75646
2912,66572.55186
2913,66716.32023
2914,66855.01898
2915,66988.60701
2916,67117.04472
2917,67240.29406
2918,67358.31851
2919,67471.08309
2920,67578.55439
2921,67680.70057
2922,67777.49135
2923,67868.89806
2924,67954.89361
2925,68035.45251
2926,68110.5509
2927,68180.16652
2928,68244.27875
2929,68302.86858
2930,68355.91865
2931,68403.41325
2932,68445.3383
2933,68481.68138
2934,68512.43171
2935,68537.58019
2936,68557.11937
2937,68571.04345
2938,68579.34831
2939,68582.03148
2940,68579.09218
2941,68570.53127
2942,68556.35129
2943,68536.55644
2944,68511.15259
2945,68480.14726
2946,68443.54965
2947,68401.3706
2948,68353.6226
2949,68300.3198
2950,68241.47801
2951,68177.11465
2952,68107.2488
2953,68031.90115
2954,67951.09405
2955,67864.85143
2956,67773.19885
2957,67676.16346
2958,67573.77403
2959,67466.06088
2960,67353.05594
2961,67234.7927
2962,67111.3062
2963,66982.63302
2964,66848.81131
2965,66709.8807
2966,66565.88238
2967,66416.85901
2968,66262.85475
2969,66103.91523
2970,65940.08755
2971,65771.42027
2972,65597.96334
2973,65419.76819
2974,65236.8876
2975,65049.37577
2976,64857.28827
2977,64660.68201
2978,64459.61526
2979,64254.14759
2980,64044.33988
2981,63830.25432
2982,63611.95433
2983,63389.5046
2984,63162.97105
2985,62932.42081
2986,62697.9222
2987,62459.54469
2988,62217.35893
2989,61971.43669
2990,61721.85082
2991,61468.6753
2992,61211.98515
2993,60951.85642
2994,60688.36619
2995,60421.59255
2996,60151.61455
2997,59878.51219
2998,59602.36639
2999,59323.25898
3000,59041.27266
3001,58756.491
3002,58468.99838
3003,58178.88
3004,57886.22181
3005,57591.11055
3006,57293.63365
3007,56993.87928
3008,56691.93624
3009,56387.89402
3010,56081.84271
3011,55773.873
3012,55464.07614
3013,55152.54393
3014,54839.3687
3015,54524.64324
3016,54208.4608
3017,53890.91509
3018,53572.10019
3019,53252.11059
3020,52931.04109
3021,52608.98684
3022,52286.04327
3023,51962.30607
3024,51637.87119
3025,51312.83474
3026,50987.29305
3027,50661.34259
3028,50335.07993
3029,50008.60176
3030,49682.00482
3031,49355.38589
3032,49028.84175
3033,48702.46917
3034,48376.36485
3035,48050.62543
3036,47725.34743
3037,47400.62724
3038,47076.56107
3039,46753.24497
3040,46430.77473
3041,46109.2459
3042,45788.75377
3043,45469.3933
3044,45151.25913
3045,44834.44552
3046,44519.04635
3047,44205.1551
3048,43892.86475
3049,43582.26786
3050,43273.45647
3051,42966.52207
3052,42661.55563
3053,42358.6475
3054,42057.88745
3055,41759.3646
3056,41463.1674
3057,41169.38363
3058,40878.10035
3059,40589.40386
3060,40303.37971
3061,40020.11265
3062,39739.68664
3063,39462.18475
3064,39187.68922
3065,38916.2814
3066,38648.0417
3067,38383.04961
3068,38121.38365
3069,37863.12136
3070,37608.33927
3071,37357.11287
3072,37109.51662
3073,36865.62387
3074,36625.5069
3075,36389.23686
3076,36156.88376
3077,35928.51646
3078,35704.20262
3079,35484.00871
3080,35267.99998
3081,35056.24044
3082,34848.79284
3083,34645.71865
3084,34447.07804
3085,34252.92988
3086,34063.33169
3087,33878.33966
3088,33698.00861
3089,33522.39196
3090,33351.54177
3091,33185.50865
3092,33024.34181
3093,32868.08901
3094,32716.79653
3095,32570.50922
3096,32429.27043
3097,32293.122
3098,32162.10428
3099,32036.25609
3100,31915.61473
3101,31800.21594
3102,31690.09392
3103,31585.2813
3104,31485.80913
3105,31391.7069
3106,31303.00249
3107,31219.72218
3108,31141.89065
3109,31069.53096
3110,31002.66456
3111,30941.31126
3112,30885.48924
3113,30835.21504
3114,30790.50356
3115,30751.36805
3116,30717.8201
3117,30689.86966
3118,30667.525
3119,30650.79275
3120,30639.67787
3121,30634.18365
3122,30634.31172
3123,30640.06204
3124,30651.43291
3125,30668.42095
3126,30691.02114
3127,30719.22677
3128,30753.02949
3129,30792.41928
3130,30837.38448
3131,30887.91175
3132,30943.98612
3133,31005.59098
3134,31072.70807
3135,31145.3175
3136,31223.39777
3137,31306.92573
3138,31395.87662
3139,31490.2241
3140,31589.94021
3141,31694.99539
3142,31805.35852
3143,31920.99689
3144,32041.87624
3145,32167.96075
3146,32299.21306
3147,32435.59427
3148,32577.06397
3149,32723.58024
3150,32875.09967
3151,33031.57736
3152,33192.96693
3153,33359.22057
3154,33530.28902
3155,33706.12157
3156,33886.66613
3157,34071.86919
3158,34261.67589
3159,34456.02997
3160,34654.87384
3161,34858.14858
3162,35065.79396
3163,35277.74845
3164,35493.94924
3165,35714.33226
3166,35938.83221
3167,36167.38257
3168,36399.91561
3169,36636.36243
3170,36876.65296
3171,37120.716
3172,37368.47924
3173,37619.86924
3174,37874.81152
3175,38133.23054
3176,38395.04971
3177,38660.19146
3178,38928.57722
3179,39200.12747
3180,39474.76172
3181,39752.39861
3182,40032.95587
3183,40316.35035
3184,40602.49809
3185,40891.31429
3186,41182.71337
3187,41476.60898
3188,41772.91403
3189,42071.54073
3190,42372.40058
3191,42675.40443
3192,42980.4625
3193,43287.48438
3194,43596.37911
3195,43907.05515
3196,44219.42044
3197,44533.38242
3198,44848.84805
3199,45165.72386
3200,45483.91595
3201,45803.33004
3202,46123.87146
3203,46445.44525
3204,46767.9561
3205,47091.30846
3206,47415.40651
3207,47740.1542
3208,48065.45532
3209,48391.21347
3210,48717.33211
3211,49043.71461
3212,49370.26426
3213,49696.88429
3214,50023.47792
3215,50349.94838
3216,50676.19891
3217,51002.13285
3218,51327.65362
3219,51652.66476
3220,51977.06995
3221,52300.77308
3222,52623.67821
3223,52945.68967
3224,53266.71204
3225,53586.65019
3226,53905.40932
3227,54222.89497
3228,54539.01307
3229,54853.66993
3230,55166.77233
3231,55478.22748
3232,55787.9431
3233,56095.8274
3234,56401.78915
3235,56705.7377
3236,57007.58297
3237,57307.23552
3238,57604.60656
3239,57899.60797
3240,58192.15233
3241,58482.15296
3242,58769.52392
3243,59054.18007
3244,59336.03705
3245,59615.01133
3246,59891.02026
3247,60163.98205
3248,60433.8158
3249,60700.44157
3250,60963.78035
3251,61223.75411
3252,61480.2858
3253,61733.29941
3254,61982.71998
3255,62228.47358
3256,62470.48741
3257,62708.68973
3258,62943.00998
3259,63173.37872
3260,63399.72767
3261,63621.98978
3262,63840.09918
3263,64053.99124
3264,64263.60257
3265,64468.87107
3266,64669.73591
3267,64866.13757
3268,65058.01785
3269,65245.3199
3270,65427.98821
3271,65605.96865
3272,65779.20848
3273,65947.65638
3274,66111.26242
3275,66269.97812
3276,66423.75646
3277,66572.55186
3278,66716.32023
3279,66855.01898
3280,66988.60701
3281,67117.04472
3282,67240.29406
3283,67358.31851
3284,67471.08309
3285,67578.55439
3286,67680.70057
3287,67777.49135
3288,67868.89806
3289,67954.89361
3290,68035.45251
3291,68110.5509
3292,68180.16652
3293,68244.27875
3294,68302.86858
3295,68355.91865
3296,68403.41325
3297,68445.3383
3298,68481.68138
3299,68512.43171
3300,68537.58019
3301,68557.11937
3302,68571.04345
3303,68579.34831
3304,68582.03148
3305,68579.09218
3306,68570.53127
3307,68556.35129
3308,68536.55644
3309,68511.15259
3310,68480.14726
3311,68443.54965
3312,68401.3706
3313,68353.6226
3314,68300.3198
3315,68241.47801
3316,68177.11465
3317,68107.2488
3318,68031.90115
3319,67951.09405
3320,67864.85143
3321,67773.19885
3322,67676.16346
3323,67573.77403
3324,67466.06088
3325,67353.05594
3326,67234.7927
3327,67111.3062
3328,66982.63302
3329,66848.81131
3330,66709.8807
3331,66565.88238
3332,66416.85901
3333,66262.85475
3334,66103.91523
3335,65940.08755
3336,65771.42027
3337,65597.96334
3338,65419.76819
3339,65236.8876
3340,65049.37577
3341,64857.28827
3342,64660.68201
3343,64459.61526
3344,64254.14759
3345,64044.33988
3346,63830.25432
3347,63611.95433
3348,63389.5046
3349,63162.97105
3350,62932.42081
3351,62697.9222
3352,62459.54469
3353,62217.35893
3354,61971.43669
3355,61721.85082
3356,61468.6753
3357,61211.98515
3358,60951.85642
3359,60688.36619
3360,60421.59255
3361,60151.61455
3362,59878.51219
3363,59602.36639
3364,59323.25898
3365,59041.27266
3366,58756.491
3367,58468.99838
3368,58178.88
3369,57886.22181
3370,57591.11055
3371,57293.63365
3372,56993.87928
3373,56691.93624
3374,56387.89402
3375,56081.84271
3376,55773.873
3377,55464.07614
3378,55152.54393
3379,54839.3687
3380,54524.64324
3381,54208.4608
3382,53890.91509
3383,53572.10019
3384,53252.11059
3385,52931.04109
3386,52608.98684
3387,52286.04327
3388,51962.30607
3389,51637.87119
3390,51312.83474
3391,50987.29305
3392,50661.34259
3393,50335.07993
3394,50008.60176
3395,49682.00482
3396,49355.38589
3397,49028.84175
3398,48702.46917
3399,48376.36485
3400,48050.62543
3401,47725.34743
3402,47400.62724
3403,47076.56107
3404,46753.24497
3405,46430.77473
3406,46109.2459
3407,45788.75377
3408,45469.3933
3409,45151.25913
3410,44834.44552
3411,44519.04635
3412,44205.1551
3413,43892.86475
3414,43582.26786
3415,43273.45647
3416,42966.52207
3417,42661.55563
3418,42358.6475
3419,42057.88745
3420,41759.3646
3421,41463.1674
3422,41169.38363
3423,40878.10035
3424,40589.40386
3425,40303.37971
3426,40020.11265
3427,39739.68664
3428,39462.18475
3429,39187.68922
3430,38916.2814
3431,38648.0417
3432,38383.04961
3433,38121.38365
3434,37863.12136
3435,37608.33927
3436,37357.11287
3437,37109.51662
3438,36865.62387
3439,36625.5069
3440,36389.23686
3441,36156.88376
3442,35928.51646
3443,35704.20262
3444,35484.00871
3445,35267.99998
3446,35056.24044
3447,34848.79284
3448,34645.71865
3449,34447.07804
3450,34252.92988
3451,34063.33169
3452,33878.33966
3453,33698.00861
3454,33522.39196
3455,33351.54177
3456,33185.50865
3457,33024.34181
3458,32868.08901
3459,32716.79653
3460,32570.50922
3461,32429.27043
3462,32293.122
3463,32162.10428
3464,32036.25609
3465,31915.61473
3466,31800.21594
3467,31690.09392
3468,31585.2813
3469,31485.80913
3470,31391.7069
3471,31303.00249
3472,31219.72218
3473,31141.89065
3474,31069.53096
3475,31002.66456
3476,30941.31126
3477,30885.48924
3478,30835.21504
3479,30790.50356
3480,30751.36805
3481,30717.8201
3482,30689.86966
3483,30667.525
3484,30650.79275
3485,30639.67787
3486,30634.18365
3487,30634.31172
3488,30640.06204
3489,30651.43291
3490,30668.42095
3491,30691.02114
3492,30719.22677
3493,30753.02949
3494,30792.41928
3495,30837.38448
3496,30887.91175
3497,30943.98612
3498,31005.59098
3499,31072.70807
3500,31145.3175
3501,31223.39777
3502,31306.92573
3503,31395.87662
3504,31490.2241
3505,31589.94021
3506,31694.99539
3507,31805.35852
3508,31920.99689
3509,32041.87624
3510,32167.96075
3511,32299.21306
3512,32435.59427
3513,32577.06397
3514,32723.58024
3515,32875.09967
3516,33031.57736
3517,33192.96693
3518,33359.22057
3519,33530.28902
3520,33706.12157
3521,33886.66613
3522,34071.86919
3523,34261.67589
3524,34456.02997
3525,34654.87384
3526,34858.14858
3527,35065.79396
3528,35277.74845
3529,35493.94924
3530,35714.33226
3531,35938.83221
3532,36167.38257
3533,36399.91561
3534,36636.36243
3535,36876.65296
3536,37120.716
3537,37368.47924
3538,37619.86924
3539,37874.81152
3540,38133.23054
3541,38395.04971
3542,38660.19146
3543,38928.57722
3544,39200.12747
3545,39474.76172
3546,39752.39861
3547,40032.95587
3548,40316.35035
3549,40602.49809
3550,40891.31429
3551,41182.71337
3552,41476.60898
3553,41772.91403
3554,42071.54073
3555,42372.40058
3556,42675.40443
3557,42980.4625
3558,43287.48438
3559,43596.37911
3560,43907.05515
3561,44219.42044
3562,44533.38242
3563,44848.84805
3564,45165.72386
3565,45483.91595
3566,45803.33004
3567,46123.87146
3568,46445.44525
3569,46767.9561
3570,47091.30846
3571,47415.40651
3572,47740.1542
3573,48065.45532
3574,48391.21347
3575,48717.33211
3576,49043.71461
3577,49370.26426
3578,49696.88429
3579,50023.47792
3580,50349.94838
3581,50676.19891
3582,51002.13285
3583,51327.65362
3584,51652.66476
3585,51977.06995
3586,52300.77308
3587,52623.67821
3588,52945.68967
3589,53266.71204
3590,53586.65019
3591,53905.40932
3592,54222.89497
3593,54539.01307
3594,54853.66993
3595,55166.77233
3596,55478.22748
3597,55787.9431
3598,56095.8274
3599,56401.78915
3600,56705.7377
3601,57007.58297
3602,57307.23552
3603,57604.60656
3604,57899.60797
3605,58192.15233
3606,58482.15296
3607,58769.52392
3608,59054.18007
3609,59336.03705
3610,59615.01133
3611,59891.02026
3612,60163.98205
3613,60433.8158
3614,60700.44157
3615,60963.78035
3616,61223.75411
3617,61480.2858
3618,61733.29941
3619,61982.71998
3620,62228.47358
3621,62470.48741
3622,62708.68973
3623,62943.00998
3624,63173.37872
3625,63399.72767
3626,63621.98978
3627,63840.09918
3628,64053.99124
3629,64263.60257
3630,64468.87107
3631,64669.73591
3632,64866.13757
3633,65058.01785
3634,65245.3199
3635,65427.98821
3636,65605.96865
3637,65779.20848
3638,65947.65638
3639,66111.26242
3640,66269.97812
3641,66423.75646
3642,66572.55186
3643,66716.32023
3644,66855.01898
3645,66988.60701
3646,67117.04472
3647,67240.29406
3648,67358.31851
3649,67471.08309
3650,67578.55439
3651,67680.70057
3652,67777.49135
3653,67868.89806
3654,67954.89361
3655,68035.45251
3656,68110.5509
3657,68180.16652
3658,68244.27875
3659,68302.86858
3660,68355.91865
3661,68403.41325
3662,68445.3383
3663,68481.68138
3664,68512.43171
3665,68537.58019
3666,68557.11937
3667,68571.04345
3668,68579.34831
3669,68582.03148
3670,68579.09218
3671,68570.53127
3672,68556.35129
3673,68536.55644
3674,68511.15259
3675,68480.14726
3676,68443.54965
3677,68401.3706
3678,68353.6226
3679,68300.3198
3680,68241.47801
3681,68177.11465
3682,68107.2488
3683,68031.90115
3684,67951.09405
3685,67864.85143
3686,67773.19885
3687,67676.16346
3688,67573.77403
3689,67466.06088
3690,67353.05594
3691,67234.7927
3692,67111.3062
3693,66982.63302
3694,66848.81131
3695,66709.8807
3696,66565.88238
3697,66416.85901
3698,66262.85475
3699,66103.91523
3700,65940.08755
3701,65771.42027
3702,65597.96334
3703,65419.76819
3704,65236.8876
3705,65049.37577
3706,64857.28827
3707,64660.68201
3708,64459.61526
3709,64254.14759
3710,64044.33988
3711,63830.25432
3712,63611.95433
3713,63389.5046
3714,63162.97105
3715,62932.42081
3716,62697.9222
3717,62459.54469
3718,62217.35893
3719,61971.43669
3720,61721.85082
3721,61468.6753
3722,61211.98515
3723,60951.85642
3724,60688.36619
3725,60421.59255
3726,60151.61455
3727,59878.51219
3728,59602.36639
3729,59323.25898
3730,59041.27266
3731,58756.491
3732,58468.99838
3733,58178.88
3734,57886.22181
3735,57591.11055
3736,57293.63365
3737,56993.87928
3738,56691.93624
3739,56387.89402
3740,56081.84271
3741,55773.873
3742,55464.07614
3743,55152.54393
3744,54839.3687
3745,54524.64324
3746,54208.4608
3747,53890.91509
3748,53572.10019
3749,53252.11059
3750,52931.04109
3751,52608.98684
3752,52286.04327
3753,51962.30607
3754,51637.87119
3755,51312.83474
3756,50987.29305
3757,50661.34259
3758,50335.07993
3759,50008.60176
3760,49682.00482
3761,49355.38589
3762,49028.84175
3763,48702.46917
3764,48376.36485
3765,48050.62543
3766,47725.34743
3767,47400.62724
3768,47076.56107
3769,46753.24497
3770,46430.77473
3771,46109.2459
3772,45788.75377
3773,45469.3933
3774,45151.25913
3775,44834.44552
3776,44519.04635
3777,44205.1551
3778,43892.86475
3779,43582.26786
3780,43273.45647
3781,42966.52207
3782,42661.55563
3783,42358.6475
3784,42057.88745
3785,41759.3646
3786,41463.1674
3787,41169.38363
3788,40878.10035
3789,40589.40386
3790,40303.37971
3791,40020.11265
3792,39739.68664
3793,39462.18475
3794,39187.68922
3795,38916.2814
3796,38648.0417
3797,38383.04961
3798,38121.38365
3799,37863.12136
3800,37608.33927
3801,37357.11287
3802,37109.51662
3803,36865.62387
3804,36625.5069
3805,36389.23686
3806,36156.88376
3807,35928.51646
3808,35704.20262
3809,35484.00871
3810,35267.99998
3811,35056.24044
3812,34848.79284
3813,34645.71865
3814,34447.07804
3815,34252.92988
3816,34063.33169
3817,33878.33966
3818,33698.00861
3819,33522.39196
3820,33351.54177
3821,33185.50865
3822,33024.34181
3823,32868.08901
3824,32716.79653
3825,32570.50922
3826,32429.27043
3827,32293.122
3828,32162.10428
3829,32036.25609
3830,31915.61473
3831,31800.21594
3832,31690.09392
3833,31585.2813
3834,31485.80913
3835,31391.7069
3836,31303.00249
3837,31219.72218
3838,31141.89065
3839,31069.53096
3840,31002.66456
3841,30941.31126
3842,30885.48924
3843,30835.21504
3844,30790.50356
3845,30751.36805
3846,30717.8201
3847,30689.86966
3848,30667.525
3849,30650.79275
3850,30639.67787
3851,30634.18365
3852,30634.31172
3853,30640.06204
3854,30651.43291
3855,30668.42095
3856,30691.02114
3857,30719.22677
3858,30753.02949
3859,30792.41928
3860,30837.38448
3861,30887.91175
3862,30943.98612
3863,31005.59098
3864,31072.70807
3865,31145.3175
3866,31223.39777
3867,31306.92573
3868,31395.87662
3869,31490.2241
3870,31589.94021
3871,31694.99539
3872,31805.35852
3873,31920.99689
3874,32041.87624
3875,32167.96075
3876,32299.21306
3877,32435.59427
3878,32577.06397
3879,32723.58024
3880,32875.09967
3881,33031.57736
3882,33192.96693
3883,33359.22057
3884,33530.28902
3885,33706.12157
3886,33886.66613
3887,34071.86919
3888,34261.67589
3889,34456.02997
3890,34654.87384
3891,34858.14858
3892,35065.79396
3893,35277.74845
3894,35493.94924
3895,35714.33226
3896,35938.83221
3897,36167.38257
3898,36399.91561
3899,36636.36243
3900,36876.65296
3901,37120.716
3902,37368.47924
3903,37619.86924
3904,37874.81152
3905,38133.23054
3906,38395.04971
3907,38660.19146
3908,38928.57722
3909,39200.12747
3910,39474.76172
3911,39752.39861
3912,40032.95587
3913,40316.35035
3914,40602.49809
3915,40891.31429
3916,41182.71337
3917,41476.60898
3918,41772.91403
3919,42071.54073
3920,42372.40058
3921,42675.40443
3922,42980.4625
3923,43287.48438
3924,43596.37911
3925,43907.05515
3926,44219.42044
3927,44533.38242
3928,44848.84805
3929,45165.72386
3930,45483.91595
3931,45803.33004
3932,46123.87146
3933,46445.44525
3934,46767.9561
3935,47091.30846
3936,47415.40651
3937,47740.1542
3938,48065.45532
3939,48391.21347
3940,48717.33211
3941,49043.71461
3942,49370.26426
3943,49696.88429
3944,50023.47792
3945,50349.94838
3946,50676.19891
3947,51002.13285
3948,51327.65362
3949,51652.66476
3950,51977.06995
3951,52300.77308
3952,52623.67821
3953,52945.68967
3954,53266.71204
3955,53586.65019
3956,53905.40932
3957,54222.89497
3958,54539.01307
3959,54853.66993
3960,55166.77233
3961,55478.22748
3962,55787.9431
3963,56095.8274
3964,56401.78915
3965,56705.7377
3966,57007.58297
3967,57307.23552
3968,57604.60656
3969,57899.60797
3970,58192.15233
3971,58482.15296
3972,58769.52392
3973,59054.18007
3974,59336.03705
3975,59615.01133
3976,59891.02026
3977,60163.98205
3978,60433.8158
3979,60700.44157
3980,60963.78035
3981,61223.75411
3982,61480.2858
3983,61733.29941
3984,61982.71998
3985,62228.47358
3986,62470.48741
3987,62708.68973
3988,62943.00998
3989,63173.37872
3990,63399.72767
3991,63621.98978
3992,63840.09918
3993,64053.99124
3994,64263.60257
3995,64468.87107
3996,64669.73591
3997,64866.13757
3998,65058.01785
3999,65245.3199
4000,65427.98821
4001,65605.96865
4002,65779.20848
4003,65947.65638
4004,66111.26242
4005,66269.97812
4006,66423.75646
4007,66572.55186
4008,66716.32023
4009,66855.01898
4010,66988.60701
4011,67117.04472
4012,67240.29406
4013,67358.31851
4014,67471.08309
4015,67578.55439
4016,67680.70057
4017,67777.49135
4018,67868.89806
4019,67954.89361
4020,68035.45251
4021,68110.5509
4022,68180.16652
4023,68244.27875
4024,68302.86858
4025,68355.91865
4026,68403.41325
4027,68445.3383
4028,68481.68138
4029,68512.43171
4030,68537.58019
4031,68557.11937
4032,68571.04345
4033,68579.34831
4034,68582.03148
4035,68579.09218
4036,68570.53127
4037,68556.35129
4038,68536.55644
4039,68511.15259
4040,68480.14726
4041,68443.54965
4042,68401.3706
4043,68353.6226
4044,68300.3198
4045,68241.47801
4046,68177.11465
4047,68107.2488
4048,68031.90115
4049,67951.09405
4050,67864.85143
4051,67773.19885
4052,67676.16346
4053,67573.77403
4054,67466.06088
4055,67353.05594
4056,67234.7927
4057,67111.3062
4058,66982.63302
4059,66848.81131
4060,66709.8807
4061,66565.88238
4062,66416.85901
4063,66262.85475
4064,66103.91523
4065,65940.08755
4066,65771.42027
4067,65597.96334
4068,65419.76819
4069,65236.8876
4070,65049.37577
4071,64857.28827
4072,64660.68201
4073,64459.61526
4074,64254.14759
4075,64044.33988
4076,63830.25432
4077,63611.95433
4078,63389.5046
4079,63162.97105
4080,62932.42081
4081,62697.9222
4082,62459.54469
4083,62217.35893
4084,61971.43669
4085,61721.85082
4086,61468.6753
4087,61211.98515
4088,60951.85642
4089,60688.36619
4090,60421.59255
4091,60151.61455
4092,59878.51219
4093,59602.36639
4094,59323.25898
4095,59041.27266
4096,58756.491
4097,58468.99838
4098,58178.88
4099,57886.22181
4100,57591.11055
4101,57293.63365
4102,56993.87928
4103,56691.93624
4104,56387.89402
4105,56081.84271
4106,55773.873
4107,55464.07614
4108,55152.54393
4109,54839.3687
4110,54524.64324
4111,54208.4608
4112,53890.91509
4113,53572.10019
4114,53252.11059
4115,52931.04109
4116,52608.98684
4117,52286.04327
4118,51962.30607
4119,51637.87119
4120,51312.83474
4121,50987.29305
4122,50661.34259
4123,50335.07993
4124,50008.60176
4125,49682.00482
4126,49355.38589
4127,49028.84175
4128,48702.46917
4129,48376.36485
4130,48050.62543
4131,47725.34743
4132,47400.62724
4133,47076.56107
4134,46753.24497
4135,46430.77473
4136,46109.2459
4137,45788.75377
4138,45469.3933
4139,45151.25913
4140,44834.44552
4141,44519.04635
4142,44205.1551
4143,43892.86475
4144,43582.26786
4145,43273.45647
4146,42966.52207
4147,42661.55563
4148,42358.6475
4149,42057.88745
4150,41759.3646
4151,41463.1674
4152,41169.38363
4153,40878.10035
4154,40589.40386
4155,40303.37971
4156,40020.11265
4157,39739.68664
4158,39462.18475
4159,39187.68922
4160,38916.2814
4161,38648.0417
4162,38383.04961
4163,38121.38365
4164,37863.12136
4165,37608.33927
4166,37357.11287
4167,37109.51662
4168,36865.62387
4169,36625.5069
4170,36389.23686
4171,36156.88376
4172,35928.51646
4173,35704.20262
4174,35484.00871
4175,35267.99998
4176,35056.24044
4177,34848.79284
4178,34645.71865
4179,34447.07804
4180,34252.92988
4181,34063.33169
4182,33878.33966
4183,33698.00861
4184,33522.39196
4185,33351.54177
4186,33185.50865
4187,33024.34181
4188,32868.08901
4189,32716.79653
4190,32570.50922
4191,32429.27043
4192,32293.122
4193,32162.10428
4194,32036.25609
4195,31915.61473
4196,31800.21594
4197,31690.09392
4198,31585.2813
4199,31485.80913
4200,31391.7069
4201,31303.00249
4202,31219.72218
4203,31141.89065
4204,31069.53096
4205,31002.66456
4206,30941.31126
4207,30885.48924
4208,30835.21504
4209,30790.50356
4210,30751.36805
4211,30717.8201
4212,30689.86966
4213,30667.525
4214,30650.79275
4215,30639.67787
4216,30634.18365
4217,30634.31172
4218,30640.06204
4219,30651.43291
4220,30668.42095
4221,30691.02114
4222,30719.22677
4223,30753.02949
4224,30792.41928
4225,30837.38448
4226,30887.91175
4227,30943.98612
4228,31005.59098
4229,31072.70807
4230,31145.3175
4231,31223.39777
4232,31306.92573
4233,31395.87662
4234,31490.2241
4235,31589.94021
4236,31694.99539
4237,31805.35852
4238,31920.99689
4239,32041.87624
4240,32167.96075
4241,32299.21306
4242,32435.59427
4243,32577.06397
4244,32723.58024
4245,32875.09967
4246,33031.57736
4247,33192.96693
4248,33359.22057
4249,33530.28902
4250,33706.12157
4251,33886.66613
4252,34071.86919
4253,34261.67589
4254,34456.02997
4255,34654.87384
4256,34858.14858
4257,35065.79396
4258,35277.74845
4259,35493.94924
4260,35714.33226
4261,35938.83221
4262,36167.38257
4263,36399.91561
4264,36636.36243
4265,36876.65296
4266,37120.716
4267,37368.47924
4268,37619.86924
4269,37874.81152
4270,38133.23054
4271,38395.04971
4272,38660.19146
4273,38928.57722
4274,39200.12747
4275,39474.76172
4276,39752.39861
4277,40032.95587
4278,40316.35035
4279,40602.49809
4280,40891.31429
4281,41182.71337
4282,41476.60898
4283,41772.91403
4284,42071.54073
4285,42372.40058
4286,42675.40443
4287,42980.4625
4288,43287.48438
4289,43596.37911
4290,43907.05515
4291,44219.42044
4292,44533.38242
4293,44848.84805
4294,45165.72386
4295,45483.91595
4296,45803.33004
4297,46123.87146
4298,46445.44525
4299,46767.9561
4300,47091.30846
4301,47415.40651
4302,47740.1542
4303,48065.45532
4304,48391.21347
4305,48717.33211
4306,49043.71461
4307,49370.26426
4308,49696.88429
4309,50023.47792
4310,50349.94838
4311,50676.19891
4312,51002.13285
4313,51327.65362
4314,51652.66476
4315,51977.06995
4316,52300.77308
4317,52623.67821
4318,52945.68967
4319,53266.71204
4320,53586.65019
4321,53905.40932
4322,54222.89497
4323,54539.01307
4324,54853.66993
4325,55166.77233
4326,55478.22748
4327,55787.9431
4328,56095.8274
4329,56401.78915
4330,56705.7377
4331,57007.58297
4332,57307.23552
4333,57604.60656
4334,57899.60797
4335,58192.15233
4336,58482.15296
4337,58769.52392
4338,59054.18007
4339,59336.03705
4340,59615.01133
4341,59891.02026
4342,60163.98205
4343,60433.8158
4344,60700.44157
4345,60963.78035
4346,61223.75411
4347,61480.2858
4348,61733.29941
4349,61982.71998
4350,62228.47358
4351,62470.48741
4352,62708.68973
4353,62943.00998
4354,63173.37872
4355,63399.72767
4356,63621.98978
4357,63840.09918
4358,64053.99124
4359,64263.60257
4360,64468.87107
4361,64669.73591
4362,64866.13757
4363,65058.01785
4364,65245.3199
4365,65427.98821
4366,65605.96865
4367,65779.20848
4368,65947.65638
4369,66111.26242
4370,66269.97812
4371,66423.75646
4372,66572.55186
4373,66716.32023
4374,66855.01898
4375,66988.60701
4376,67117.04472
4377,67240.29406
4378,67358.31851
4379,67471.08309
4380,67578.55439
4381,67680.70057
4382,67777.49135
4383,67868.89806
4384,67954.89361
4385,68035.45251
4386,68110.5509
4387,68180.16652
4388,68244.27875
4389,68302.86858
4390,68355.91865
4391,68403.41325
4392,68445.3383
4393,68481.68138
4394,68512.43171
4395,68537.58019
4396,68557.11937
4397,68571.04345
4398,68579.34831
4399,68582.03148
4400,68579.09218
4401,68570.53127
4402,68556.35129
4403,68536.55644
4404,68511.15259
4405,68480.14726
4406,68443.54965
4407,68401.3706
4408,68353.6226
4409,68300.3198
4410,68241.47801
4411,68177.11465
4412,68107.2488
4413,68031.90115
4414,67951.09405
4415,67864.85143
4416,67773.19885
4417,67676.16346
4418,67573.77403
4419,67466.06088
4420,67353.05594
4421,67234.7927
4422,67111.3062
4423,66982.63302
4424,66848.81131
4425,66709.8807
4426,66565.88238
4427,66416.85901
4428,66262.85475
4429,66103.91523
4430,65940.08755
4431,65771.42027
4432,65597.96334
4433,65419.76819
4434,65236.8876
4435,65049.37577
4436,64857.28827
4437,64660.68201
4438,64459.61526
4439,64254.14759
4440,64044.33988
4441,63830.25432
4442,63611.95433
4443,63389.5046
4444,63162.97105
4445,62932.42081
4446,62697.9222
4447,62459.54469
4448,62217.35893
4449,61971.43669
4450,61721.85082
4451,61468.6753
4452,61211.98515
4453,60951.85642
4454,60688.36619
4455,60421.59255
4456,60151.61455
4457,59878.51219
4458,59602.36639
4459,59323.25898
4460,59041.27266
4461,58756.491
4462,58468.99838
4463,58178.88
4464,57886.22181
4465,57591.11055
4466,57293.63365
4467,56993.87928
4468,56691.93624
4469,56387.89402
4470,56081.84271
4471,55773.873
4472,55464.07614
4473,55152.54393
4474,54839.3687
4475,54524.64324
4476,54208.4608
4477,53890.91509
4478,53572.10019
4479,53252.11059
4480,52931.04109
4481,52608.98684
4482,52286.04327
4483,51962.30607
4484,51637.87119
4485,51312.83474
4486,50987.29305
4487,50661.34259
4488,50335.07993
4489,50008.60176
4490,49682.00482
4491,49355.38589
4492,49028.84175
4493,48702.46917
4494,48376.36485
4495,48050.62543
4496,47725.34743
4497,47400.62724
4498,47076.56107
4499,46753.24497
4500,46430.77473
4501,46109.2459
4502,45788.75377
4503,45469.3933
4504,45151.25913
4505,44834.44552
4506,44519.04635
4507,44205.1551
4508,43892.86475
4509,43582.26786
4510,43273.45647
4511,42966.52207
4512,42661.55563
4513,42358.6475
4514,42057.88745
4515,41759.3646
4516,41463.1674
4517,41169.38363
4518,40878.10035
4519,40589.40386
4520,40303.37971
4521,40020.11265
4522,39739.68664
4523,39462.18475
4524,39187.68922
4525,38916.2814
4526,38648.0417
4527,38383.04961
4528,38121.38365
4529,37863.12136
4530,37608.33927
4531,37357.11287
4532,37109.51662
4533,36865.62387
4534,36625.5069
4535,36389.23686
4536,36156.88376
4537,35928.51646
4538,35704.20262
4539,35484.00871
4540,35267.99998
4541,35056.24044
4542,34848.79284
4543,34645.71865
4544,34447.07804
4545,34252.92988
4546,34063.33169
4547,33878.33966
4548,33698.00861
4549,33522.39196
4550,33351.54177
4551,33185.50865
4552,33024.34181
4553,32868.08901
4554,32716.79653
4555,32570.50922
4556,32429.27043
4557,32293.122
4558,32162.10428
4559,32036.25609
4560,31915.61473
4561,31800.21594
4562,31690.09392
4563,31585.2813
4564,31485.80913
4565,31391.7069
4566,31303.00249
4567,31219.72218
4568,31141.89065
4569,31069.53096
4570,31002.66456
4571,30941.31126
4572,30885.48924
4573,30835.21504
4574,30790.50356
4575,30751.36805
4576,30717.8201
4577,30689.86966
4578,30667.525
4579,30650.79275
4580,30639.67787
4581,30634.18365
4582,30634.31172
4583,30640.06204
4584,30651.43291
4585,30668.42095
4586,30691.02114
4587,30719.22677
4588,30753.02949
4589,30792.41928
4590,30837.38448
4591,30887.91175
4592,30943.98612
4593,31005.59098
4594,31072.70807
4595,31145.3175
4596,31223.39777
4597,31306.92573
4598,31395.87662
4599,31490.2241
4600,31589.94021
4601,31694.99539
4602,31805.35852
4603,31920.99689
4604,32041.87624
4605,32167.96075
4606,32299.21306
4607,32435.59427
4608,32577.06397
4609,32723.58024
4610,32875.09967
4611,33031.57736
4612,33192.96693
4613,33359.22057
4614,33530.28902
4615,33706.12157
4616,33886.66613
4617,34071.86919
4618,34261.67589
4619,34456.02997
4620,34654.87384
4621,34858.14858
4622,35065.79396
4623,35277.74845
4624,35493.94924
4625,35714.33226
4626,35938.83221
4627,36167.38257
4628,36399.91561
4629,36636.36243
4630,36876.65296
4631,37120.716
4632,37368.47924
4633,37619.86924
4634,37874.81152
4635,38133.23054
4636,38395.04971
4637,38660.19146
4638,38928.57722
4639,39200.12747
4640,39474.76172
4641,39752.39861
4642,40032.95587
4643,40316.35035
4644,40602.49809
4645,40891.31429
4646,41182.71337
4647,41476.60898
4648,41772.91403
4649,42071.54073
4650,42372.40058
4651,42675.40443
4652,42980.4625
4653,43287.48438
4654,43596.37911
4655,43907.05515
4656,44219.42044
4657,44533.38242
4658,44848.84805
4659,45165.72386
4660,45483.91595
4661,45803.33004
4662,46123.87146
4663,46445.44525
4664,46767.9561
4665,47091.30846
4666,47415.40651
4667,47740.1542
4668,48065.45532
4669,48391.21347
4670,48717.33211
4671,49043.71461
4672,49370.26426
4673,49696.88429
4674,50023.47792
4675,50349.94838
4676,50676.19891
4677,51002.13285
4678,51327.65362
4679,51652.66476
4680,51977.06995
4681,52300.77308
4682,52623.67821
4683,52945.68967
4684,53266.71204
4685,53586.65019
4686,53905.40932
4687,54222.89497
4688,54539.01307
4689,54853.66993
4690,55166.77233
4691,55478.22748
4692,55787.9431
4693,56095.8274
4694,56401.78915
4695,56705.7377
4696,57007.58297
4697,57307.23552
4698,57604.60656
4699,57899.60797
4700,58192.15233
4701,58482.15296
4702,58769.52392
4703,59054.18007
4704,59336.03705
4705,59615.01133
4706,59891.02026
4707,60163.98205
4708,60433.8158
4709,60700.44157
4710,60963.78035
4711,61223.75411
4712,61480.2858
4713,61733.29941
4714,61982.71998
4715,62228.47358
4716,62470.48741
4717,62708.68973
4718,62943.00998
4719,63173.37872
4720,63399.72767
4721,63621.98978
4722,63840.09918
4723,64053.99124
4724,64263.60257
4725,64468.87107
4726,64669.73591
4727,64866.13757
4728,65058.01785
4729,65245.3199
4730,65427.98821
4731,65605.96865
4732,65779.20848
4733,65947.65638
4734,66111.26242
4735,66269.97812
4736,66423.75646
4737,66572.55186
4738,66716.32023
4739,66855.01898
4740,66988.60701
4741,67117.04472
4742,67240.29406
4743,67358.31851
4744,67471.08309
4745,67578.55439
4746,67680.70057
4747,67777.49135
4748,67868.89806
4749,67954.89361
4750,68035.45251
4751,68110.5509
4752,68180.16652
4753,68244.27875
4754,68302.86858
4755,68355.91865
4756,68403.41325
4757,68445.3383
4758,68481.68138
4759,68512.43171
4760,68537.58019
4761,68557.11937
4762,68571.04345
4763,68579.34831
4764,68582.03148
4765,68579.09218
4766,68570.53127
4767,68556.35129
4768,68536.55644
4769,68511.15259
4770,68480.14726
4771,68443.54965
4772,68401.3706
4773,68353.6226
4774,68300.3198
4775,68241.47801
4776,68177.11465
4777,68107.2488
4778,68031.90115
4779,67951.09405
4780,67864.85143
4781,67773.19885
4782,67676.16346
4783,67573.77403
4784,67466.06088
4785,67353.05594
4786,67234.7927
4787,67111.3062
4788,66982.63302
4789,66848.81131
4790,66709.8807
4791,66565.88238
4792,66416.85901
4793,66262.85475
4794,66103.91523
4795,65940.08755
4796,65771.42027
4797,65597.96334
4798,65419.76819
4799,65236.8876
4800,65049.37577
4801,64857.28827
4802,64660.68201
4803,64459.61526
4804,64254.14759
4805,64044.33988
4806,63830.25432
4807,63611.95433
4808,63389.5046
4809,63162.97105
4810,62932.42081
4811,62697.9222
4812,62459.54469
4813,62217.35893
4814,61971.43669
4815,61721.85082
4816,61468.6753
4817,61211.98515
4818,60951.85642
4819,60688.36619
4820,60421.59255
4821,60151.61455
4822,59878.51219
4823,59602.36639
4824,59323.25898
4825,59041.27266
4826,58756.491
4827,58468.99838
4828,58178.88
4829,57886.22181
4830,57591.11055
4831,57293.63365
4832,56993.87928
4833,56691.93624
4834,56387.89402
4835,56081.84271
4836,55773.873
4837,55464.07614
4838,55152.54393
4839,54839.3687
4840,54524.64324
4841,54208.4608
4842,53890.91509
4843,53572.10019
4844,53252.11059
4845,52931.04109
4846,52608.98684
4847,52286.04327
4848,51962.30607
4849,51637.87119
4850,51312.83474
4851,50987.29305
4852,50661.34259
4853,50335.07993
4854,50008.60176
4855,49682.00482
4856,49355.38589
4857,49028.84175
4858,48702.46917
4859,48376.36485
4860,48050.62543
4861,47725.34743
4862,47400.62724
4863,47076.56107
4864,46753.24497
4865,46430.77473
4866,46109.2459
4867,45788.75377
4868,45469.3933
4869,45151.25913
4870,44834.44552
4871,44519.04635
4872,44205.1551
4873,43892.86475
4874,43582.26786
4875,43273.45647
4876,42966.52207
4877,42661.55563
4878,42358.6475
4879,42057.88745
4880,41759.3646
4881,41463.1674
4882,41169.38363
4883,40878.10035
4884,40589.40386
4885,40303.37971
4886,40020.11265
4887,39739.68664
4888,39462.18475
4889,39187.68922
4890,38916.2814
4891,38648.0417
4892,38383.04961
4893,38121.38365
4894,37863.12136
4895,37608.33927
4896,37357.11287
4897,37109.51662
4898,36865.62387
4899,36625.5069
4900,36389.23686
4901,36156.88376
4902,35928.51646
4903,35704.20262
4904,35484.00871
4905,35267.99998
4906,35056.24044
4907,34848.79284
4908,34645.71865
4909,34447.07804
4910,34252.92988
4911,34063.33169
4912,33878.33966
4913,33698.00861
4914,33522.39196
4915,33351.54177
4916,33185.50865
4917,33024.34181
4918,32868.08901
4919,32716.79653
4920,32570.50922
4921,32429.27043
4922,32293.122
4923,32162.10428
4924,32036.25609
4925,31915.61473
4926,31800.21594
4927,31690.09392
4928,31585.2813
4929,31485.80913
4930,31391.7069
4931,31303.00249
4932,31219.72218
4933,31141.89065
4934,31069.53096
4935,31002.66456
4936,30941.31126
4937,30885.48924
4938,30835.21504
4939,30790.50356
4940,30751.36805
4941,30717.8201
4942,30689.86966
4943,30667.525
4944,30650.79275
4945,30639.67787
4946,30634.18365
4947,30634.31172
4948,30640.06204
4949,30651.43291
4950,30668.42095
4951,30691.02114
4952,30719.22677
4953,30753.02949
4954,30792.41928
4955,30837.38448
4956,30887.91175
4957,30943.98612
4958,31005.59098
4959,31072.70807
4960,31145.3175
4961,31223.39777
4962,31306.92573
4963,31395.87662
4964,31490.2241
4965,31589.94021
4966,31694.99539
4967,31805.35852
4968,31920.99689
4969,32041.87624
4970,32167.96075
4971,32299.21306
4972,32435.59427
4973,32577.06397
4974,32723.58024
4975,32875.09967
4976,33031.57736
4977,33192.96693
4978,33359.22057
4979,33530.28902
4980,33706.12157
4981,33886.66613
4982,34071.86919
4983,34261.67589
4984,34456.02997
4985,34654.87384
4986,34858.14858
4987,35065.79396
4988,35277.74845
4989,35493.94924
4990,35714.33226
4991,35938.83221
4992,36167.38257
4993,36399.91561
4994,36636.36243
4995,36876.65296
4996,37120.716
4997,37368.47924
4998,37619.86924
4999,37874.81152
5000,38133.23054
5001,38395.04971
5002,38660.19146
5003,38928.57722
5004,39200.12747
5005,39474.76172
5006,39752.39861
5007,40032.95587
5008,40316.35035
5009,40602.49809
5010,40891.31429
5011,41182.71337
5012,41476.60898
5013,41772.91403
5014,42071.54073
5015,42372.40058
5016,42675.40443
5017,42980.4625
5018,43287.48438
5019,43596.37911
5020,43907.05515
5021,44219.42044
5022,44533.38242
5023,44848.84805
5024,45165.72386
5025,45483.91595
5026,45803.33004
5027,46123.87146
5028,46445.44525
5029,46767.9561
5030,47091.30846
5031,47415.40651
5032,47740.1542
5033,48065.45532
5034,48391.21347
5035,48717.33211
5036,49043.71461
5037,49370.26426
5038,49696.88429
5039,50023.47792
5040,50349.94838
5041,50676.19891
5042,51002.13285
5043,51327.65362
5044,51652.66476
5045,51977.06995
5046,52300.77308
5047,52623.67821
5048,52945.68967
5049,53266.71204
5050,53586.65019
5051,53905.40932
5052,54222.89497
5053,54539.01307
5054,54853.66993
5055,55166.77233
5056,55478.22748
5057,55787.9431
5058,56095.8274
5059,56401.78915
5060,56705.7377
5061,57007.58297
5062,57307.23552
5063,57604.60656
5064,57899.60797
5065,58192.15233
5066,58482.15296
5067,58769.52392
5068,59054.18007
5069,59336.03705
5070,59615.01133
5071,59891.02026
5072,60163.98205
5073,60433.8158
5074,60700.44157
5075,60963.78035
5076,61223.75411
5077,61480.2858
5078,61733.29941
5079,61982.71998
5080,62228.47358
5081,62470.48741
5082,62708.68973
5083,62943.00998
5084,63173.37872
5085,63399.72767
5086,63621.98978
5087,63840.09918
5088,64053.99124
5089,64263.60257
5090,64468.87107
5091,64669.73591
5092,64866.13757
5093,65058.01785
5094,65245.3199
5095,65427.98821
5096,65605.96865
5097,65779.20848
5098,65947.65638
5099,66111.26242
5100,66269.97812
5101,66423.75646
5102,66572.55186
5103,66716.32023
5104,66855.01898
5105,66988.60701
5106,67117.04472
5107,67240.29406
5108,67358.31851
5109,67471.08309
5110,67578.55439
5111,67680.70057
5112,67777.49135
5113,67868.89806
5114,67954.89361
5115,68035.45251
5116,68110.5509
5117,68180.16652
5118,68244.27875
5119,68302.86858
5120,68355.91865
5121,68403.41325
5122,68445.3383
5123,68481.68138
5124,68512.43171
5125,68537.58019
5126,68557.11937
5127,68571.04345
5128,68579.34831
5129,68582.03148
5130,68579.09218
5131,68570.53127
5132,68556.35129
5133,68536.55644
5134,68511.15259
5135,68480.14726
5136,68443.54965
5137,68401.3706
5138,68353.6226
5139,68300.3198
5140,68241.47801
5141,68177.11465
5142,68107.2488
5143,68031.90115
5144,67951.09405
5145,67864.85143
5146,67773.19885
5147,67676.16346
5148,67573.77403
5149,67466.06088
5150,67353.05594
5151,67234.7927
5152,67111.3062
5153,66982.63302
5154,66848.81131
5155,66709.8807
5156,66565.88238
5157,66416.85901
5158,66262.85475
5159,66103.91523
5160,65940.08755
5161,65771.42027
5162,65597.96334
5163,65419.76819
5164,65236.8876
5165,65049.37577
5166,64857.28827
5167,64660.68201
5168,64459.61526
5169,64254.14759
5170,64044.33988
5171,63830.25432
5172,63611.95433
5173,63389.5046
5174,63162.97105
5175,62932.42081
5176,62697.9222
5177,62459.54469
5178,62217.35893
5179,61971.43669
5180,61721.85082
5181,61468.6753
5182,61211.98515
5183,60951.85642
5184,60688.36619
5185,60421.59255
5186,60151.61455
5187,59878.51219
5188,59602.36639
5189,59323.25898
5190,59041.27266
5191,58756.491
5192,58468.99838
5193,58178.88
5194,57886.22181
5195,57591.11055
5196,57293.63365
5197,56993.87928
5198,56691.93624
5199,56387.89402
5200,56081.84271
5201,55773.873
5202,55464.07614
5203,55152.54393
5204,54839.3687
5205,54524.64324
5206,54208.4608
5207,53890.91509
5208,53572.10019
5209,53252.11059
5210,52931.04109
5211,52608.98684
5212,52286.04327
5213,51962.30607
5214,51637.87119
5215,51312.83474
5216,50987.29305
5217,50661.34259
5218,50335.07993
5219,50008.60176
5220,49682.00482
5221,49355.38589
5222,49028.84175
5223,48702.46917
5224,48376.36485
5225,48050.62543
5226,47725.34743
5227,47400.62724
5228,47076.56107
5229,46753.24497
5230,46430.77473
5231,46109.2459
5232,45788.75377
5233,45469.3933
5234,45151.25913
5235,44834.44552
5236,44519.04635
5237,44205.1551
5238,43892.86475
5239,43582.26786
5240,43273.45647
5241,42966.52207
5242,42661.55563
5243,42358.6475
5244,42057.88745
5245,41759.3646
5246,41463.1674
5247,41169.38363
5248,40878.10035
5249,40589.40386
5250,40303.37971
5251,40020.11265
5252,39739.68664
5253,39462.18475
5254,39187.68922
5255,38916.2814
5256,38648.0417
5257,38383.04961
5258,38121.38365
5259,37863.12136
5260,37608.33927
5261,37357.11287
5262,37109.51662
5263,36865.62387
5264,36625.5069
5265,36389.23686
5266,36156.88376
5267,35928.51646
5268,35704.20262
5269,35484.00871
5270,35267.99998
5271,35056.24044
5272,34848.79284
5273,34645.71865
5274,34447.07804
5275,34252.92988
5276,34063.33169
5277,33878.33966
5278,33698.00861
5279,33522.39196
5280,33351.54177
5281,33185.50865
5282,33024.34181
5283,32868.08901
5284,32716.79653
5285,32570.50922
5286,32429.27043
5287,32293.122
5288,32162.10428
5289,32036.25609
5290,31915.61473
5291,31800.21594
5292,31690.09392
5293,31585.2813
5294,31485.80913
5295,31391.7069
5296,31303.00249
5297,31219.72218
5298,31141.89065
5299,31069.53096
5300,31002.66456
5301,30941.31126
5302,30885.48924
5303,30835.21504
5304,30790.50356
5305,30751.36805
5306,30717.8201
5307,30689.86966
5308,30667.525
5309,30650.79275
5310,30639.67787
5311,30634.18365
5312,30634.31172
5313,30640.06204
5314,30651.43291
5315,30668.42095
5316,30691.02114
5317,30719.22677
5318,30753.02949
5319,30792.41928
5320,30837.38448
5321,30887.91175
5322,30943.98612
5323,31005.59098
5324,31072.70807
5325,31145.3175
5326,31223.39777
5327,31306.92573
5328,31395.87662
5329,31490.2241
5330,31589.94021
5331,31694.99539
5332,31805.35852
5333,31920.99689
5334,32041.87624
5335,32167.96075
5336,32299.21306
5337,32435.59427
5338,32577.06397
5339,32723.58024
5340,32875.09967
5341,33031.57736
5342,33192.96693
5343,33359.22057
5344,33530.28902
5345,33706.12157
5346,33886.66613
5347,34071.86919
5348,34261.67589
5349,34456.02997
5350,34654.87384
5351,34858.14858
5352,35065.79396
5353,35277.74845
5354,35493.94924
5355,35714.33226
5356,35938.83221
5357,36167.38257
5358,36399.91561
5359,36636.36243
5360,36876.65296
5361,37120.716
5362,37368.47924
5363,37619.86924
5364,37874.81152
5365,38133.23054
5366,38395.04971
5367,38660.19146
5368,38928.57722
5369,39200.12747
5370,39474.76172
5371,39752.39861
5372,40032.95587
5373,40316.35035
5374,40602.49809
5375,40891.31429
5376,41182.71337
5377,41476.60898
5378,41772.91403
5379,42071.54073
5380,42372.40058
5381,42675.40443
5382,42980.4625
5383,43287.48438
5384,43596.37911
5385,43907.05515
5386,44219.42044
5387,44533.38242
5388,44848.84805
5389,45165.72386
5390,45483.91595
5391,45803.33004
5392,46123.87146
5393,46445.44525
5394,46767.9561
5395,47091.30846
5396,47415.40651
5397,47740.1542
5398,48065.45532
5399,48391.21347
5400,48717.33211
5401,49043.71461
5402,49370.26426
5403,49696.88429
5404,50023.47792
5405,50349.94838
5406,50676.19891
5407,51002.13285
5408,51327.65362
5409,51652.66476
5410,51977.06995
5411,52300.77308
5412,52623.67821
5413,52945.68967
5414,53266.71204
5415,53586.65019
5416,53905.40932
5417,54222.89497
5418,54539.01307
5419,54853.66993
5420,55166.77233
5421,55478.22748
5422,55787.9431
5423,56095.8274
5424,56401.78915
5425,56705.7377
5426,57007.58297
5427,57307.23552
5428,57604.60656
5429,57899.60797
5430,58192.15233
5431,58482.15296
5432,58769.52392
5433,59054.18007
5434,59336.03705
5435,59615.01133
5436,59891.02026
5437,60163.98205
5438,60433.8158
5439,60700.44157
5440,60963.78035
5441,61223.75411
5442,61480.2858
5443,61733.29941
5444,61982.71998
5445,62228.47358
5446,62470.48741
5447,62708.68973
5448,62943.00998
5449,63173.37872
5450,63399.72767
5451,63621.98978
5452,63840.09918
5453,64053.99124
5454,64263.60257
5455,64468.87107
5456,64669.73591
5457,64866.13757
5458,65058.01785
5459,65245.3199
5460,65427.98821
5461,65605.96865
5462,65779.20848
5463,65947.65638
5464,66111.26242
5465,66269.97812
5466,66423.75646
5467,66572.55186
5468,66716.32023
5469,66855.01898
5470,66988.60701
5471,67117.04472
5472,67240.29406
5473,67358.31851
5474,67471.08309
5475,67578.55439
5476,67680.70057
5477,67777.49135
5478,67868.89806
5479,67954.89361
5480,68035.45251
5481,68110.5509
5482,68180.16652
5483,68244.27875
5484,68302.86858
5485,68355.91865
5486,68403.41325
5487,68445.3383
5488,68481.68138
5489,68512.43171
5490,68537.58019
5491,68557.11937
5492,68571.04345
5493,68579.34831
5494,68582.03148
5495,68579.09218
5496,68570.53127
5497,68556.35129
5498,68536.55644
5499,68511.15259
5500,68480.14726
5501,68443.54965
5502,68401.3706
5503,68353.6226
5504,68300.3198
5505,68241.47801
5506,68177.11465
5507,68107.2488
5508,68031.90115
5509,67951.09405
5510,67864.85143
5511,67773.19885
5512,67676.16346
5513,67573.77403
5514,67466.06088
5515,67353.05594
5516,67234.7927
5517,67111.3062
5518,66982.63302
5519,66848.81131
5520,66709.8807
5521,66565.88238
5522,66416.85901
5523,66262.85475
5524,66103.91523
5525,65940.08755
5526,65771.42027
5527,65597.96334
5528,65419.76819
5529,65236.8876
5530,65049.37577
5531,64857.28827
5532,64660.68201
5533,64459.61526
5534,64254.14759
5535,64044.33988
5536,63830.25432
5537,63611.95433
5538,63389.5046
5539,63162.97105
5540,62932.42081
5541,62697.9222
5542,62459.54469
5543,62217.35893
5544,61971.43669
5545,61721.85082
5546,61468.6753
5547,61211.98515
5548,60951.85642
5549,60688.36619
5550,60421.59255
5551,60151.61455
5552,59878.51219
5553,59602.36639
5554,59323.25898
5555,59041.27266
5556,58756.491
5557,58468.99838
5558,58178.88
5559,57886.22181
5560,57591.11055
5561,57293.63365
5562,56993.87928
5563,56691.93624
5564,56387.89402
5565,56081.84271
5566,55773.873
5567,55464.07614
5568,55152.54393
5569,54839.3687
5570,54524.64324
5571,54208.4608
5572,53890.91509
5573,53572.10019
5574,53252.11059
5575,52931.04109
5576,52608.98684
5577,52286.04327
5578,51962.30607
5579,51637.87119
5580,51312.83474
5581,50987.29305
5582,50661.34259
5583,50335.07993
5584,50008.60176
5585,49682.00482
5586,49355.38589
5587,49028.84175
5588,48702.46917
5589,48376.36485
5590,48050.62543
5591,47725.34743
5592,47400.62724
5593,47076.56107
5594,46753.24497
5595,46430.77473
5596,46109.2459
5597,45788.75377
5598,45469.3933
5599,45151.25913
5600,44834.44552
5601,44519.04635
5602,44205.1551
5603,43892.86475
5604,43582.26786
5605,43273.45647
5606,42966.52207
5607,42661.55563
5608,42358.6475
5609,42057.88745
5610,41759.3646
5611,41463.1674
5612,41169.38363
5613,40878.10035
5614,40589.40386
5615,40303.37971
5616,40020.11265
5617,39739.68664
5618,39462.18475
5619,39187.68922
5620,38916.2814
5621,38648.0417
5622,38383.04961
5623,38121.38365
5624,37863.12136
5625,37608.33927
5626,37357.11287
5627,37109.51662
5628,36865.62387
5629,36625.5069
5630,36389.23686
5631,36156.88376
5632,35928.51646
5633,35704.20262
5634,35484.00871
5635,35267.99998
5636,35056.24044
5637,34848.79284
5638,34645.71865
5639,34447.07804
5640,34252.92988
5641,34063.33169
5642,33878.33966
5643,33698.00861
5644,33522.39196
5645,33351.54177
5646,33185.50865
5647,33024.34181
5648,32868.08901
5649,32716.79653
5650,32570.50922
5651,32429.27043
5652,32293.122
5653,32162.10428
5654,32036.25609
5655,31915.61473
5656,31800.21594
5657,31690.09392
5658,31585.2813
5659,31485.80913
5660,31391.7069
5661,31303.00249
5662,31219.72218
5663,31141.89065
5664,31069.53096
5665,31002.66456
5666,30941.31126
5667,30885.48924
5668,30835.21504
5669,30790.50356
5670,30751.36805
5671,30717.8201
5672,30689.86966
5673,30667.525
5674,30650.79275
5675,30639.67787
5676,30634.18365
5677,30634.31172
5678,30640.06204
5679,30651.43291
5680,30668.42095
5681,30691.02114
5682,30719.22677
5683,30753.02949
5684,30792.41928
5685,30837.38448
5686,30887.91175
5687,30943.98612
5688,31005.59098
5689,31072.70807
5690,31145.3175
5691,31223.39777
5692,31306.92573
5693,31395.87662
5694,31490.2241
5695,31589.94021
5696,31694.99539
5697,31805.35852
5698,31920.99689
5699,32041.87624
5700,32167.96075
5701,32299.21306
5702,32435.59427
5703,32577.06397
5704,32723.58024
5705,32875.09967
5706,33031.57736
5707,33192.96693
5708,33359.22057
5709,33530.28902
5710,33706.12157
5711,33886.66613
5712,34071.86919
5713,34261.67589
5714,34456.02997
5715,34654.87384
5716,34858.14858
5717,35065.79396
5718,35277.74845
5719,35493.94924
5720,35714.33226
5721,35938.83221
5722,36167.38257
5723,36399.91561
5724,36636.36243
5725,36876.65296
5726,37120.716
5727,37368.47924
5728,37619.86924
5729,37874.81152
5730,38133.23054
5731,38395.04971
5732,38660.19146
5733,38928.57722
5734,39200.12747
5735,39474.76172
5736,39752.39861
5737,40032.95587
5738,40316.35035
5739,40602.49809
5740,40891.31429
5741,41182.71337
5742,41476.60898
5743,41772.91403
5744,42071.54073
5745,42372.40058
5746,42675.40443
5747,42980.4625
5748,43287.48438
5749,43596.37911
5750,43907.05515
5751,44219.42044
5752,44533.38242
5753,44848.84805
5754,45165.72386
5755,45483.91595
5756,45803.33004
5757,46123.87146
5758,46445.44525
5759,46767.9561
5760,47091.30846
5761,47415.40651
5762,47740.1542
5763,48065.45532
5764,48391.21347
5765,48717.33211
5766,49043.71461
5767,49370.26426
5768,49696.88429
5769,50023.47792
5770,50349.94838
5771,50676.19891
5772,51002.13285
5773,51327.65362
5774,51652.66476
5775,51977.06995
5776,52300.77308
5777,52623.67821
5778,52945.68967
5779,53266.71204
5780,53586.65019
5781,53905.40932
5782,54222.89497
5783,54539.01307
5784,54853.66993
5785,55166.77233
5786,55478.22748
5787,55787.9431
5788,56095.8274
5789,56401.78915
5790,56705.7377
5791,57007.58297
5792,57307.23552
5793,57604.60656
5794,57899.60797
5795,58192.15233
5796,58482.15296
5797,58769.52392
5798,59054.18007
5799,59336.03705
5800,59615.01133
5801,59891.02026
5802,60163.98205
5803,60433.8158
5804,60700.44157
5805,60963.78035
5806,61223.75411
5807,61480.2858
5808,61733.29941
5809,61982.71998
5810,62228.47358
5811,62470.48741
5812,62708.68973
5813,62943.00998
5814,63173.37872
5815,63399.72767
5816,63621.98978
5817,63840.09918
5818,64053.99124
5819,64263.60257
5820,64468.87107
5821,64669.73591
5822,64866.13757
5823,65058.01785
5824,65245.3199
5825,65427.98821
5826,65605.96865
5827,65779.20848
5828,65947.65638
5829,66111.26242
5830,66269.97812
5831,66423.75646
5832,66572.55186
5833,66716.32023
5834,66855.01898
5835,66988.60701
5836,67117.04472
5837,67240.29406
5838,67358.31851
5839,67471.08309
5840,67578.55439
5841,67680.70057
5842,67777.49135
5843,67868.89806
5844,67954.89361
5845,68035.45251
5846,68110.5509
5847,68180.16652
5848,68244.27875
5849,68302.86858
5850,68355.91865
5851,68403.41325
5852,68445.3383
5853,68481.68138
5854,68512.43171
5855,68537.58019
5856,68557.11937
5857,68571.04345
5858,68579.34831
5859,68582.03148
5860,68579.09218
5861,68570.53127
5862,68556.35129
5863,68536.55644
5864,68511.15259
5865,68480.14726
5866,68443.54965
5867,68401.3706
5868,68353.6226
5869,68300.3198
5870,68241.47801
5871,68177.11465
5872,68107.2488
5873,68031.90115
5874,67951.09405
5875,67864.85143
5876,67773.19885
5877,67676.16346
5878,67573.77403
5879,67466.06088
5880,67353.05594
5881,67234.7927
5882,67111.3062
5883,66982.63302
5884,66848.81131
5885,66709.8807
5886,66565.88238
5887,66416.85901
5888,66262.85475
5889,66103.91523
5890,65940.08755
5891,65771.42027
5892,65597.96334
5893,65419.76819
5894,65236.8876
5895,65049.37577
5896,64857.28827
5897,64660.68201
5898,64459.61526
5899,64254.14759
5900,64044.33988
5901,63830.25432
5902,63611.95433
5903,63389.5046
5904,63162.97105
5905,62932.42081
5906,62697.9222
5907,62459.54469
5908,62217.35893
5909,61971.43669
5910,61721.85082
5911,61468.6753
5912,61211.98515
5913,60951.85642
5914,60688.36619
5915,60421.59255
5916,60151.61455
5917,59878.51219
5918,59602.36639
5919,59323.25898
5920,59041.27266
5921,58756.491
5922,58468.99838
5923,58178.88
5924,57886.22181
5925,57591.11055
5926,57293.63365
5927,56993.87928
5928,56691.93624
5929,56387.89402
5930,56081.84271
5931,55773.873
5932,55464.07614
5933,55152.54393
5934,54839.3687
5935,54524.64324
5936,54208.4608
5937,53890.91509
5938,53572.10019
5939,53252.11059
5940,52931.04109
5941,52608.98684
5942,52286.04327
5943,51962.30607
5944,51637.87119
5945,51312.83474
5946,50987.29305
5947,50661.34259
5948,50335.07993
5949,50008.60176
5950,49682.00482
5951,49355.38589
5952,49028.84175
5953,48702.46917
5954,48376.36485
5955,48050.62543
5956,47725.34743
5957,47400.62724
5958,47076.56107
5959,46753.24497
5960,46430.77473
5961,46109.2459
5962,45788.75377
5963,45469.3933
5964,45151.25913
5965,44834.44552
5966,44519.04635
5967,44205.1551
5968,43892.86475
5969,43582.26786
5970,43273.45647
5971,42966.52207
5972,42661.55563
5973,42358.6475
5974,42057.88745
5975,41759.3646
5976,41463.1674
5977,41169.38363
5978,40878.10035
5979,40589.40386
5980,40303.37971
5981,40020.11265
5982,39739.68664
5983,39462.18475
5984,39187.68922
5985,38916.2814
5986,38648.0417
5987,38383.04961
5988,38121.38365
5989,37863.12136
5990,37608.33927
5991,37357.11287
5992,37109.51662
5993,36865.62387
5994,36625.5069
5995,36389.23686
5996,36156.88376
5997,35928.51646
5998,35704.20262
5999,35484.00871
6000,35267.99998
6001,35056.24044
6002,34848.79284
6003,34645.71865
6004,34447.07804
6005,34252.92988
6006,34063.33169
6007,33878.33966
6008,33698.00861
6009,33522.39196
6010,33351.54177
6011,33185.50865
6012,33024.34181
6013,32868.08901
6014,32716.79653
6015,32570.50922
6016,32429.27043
6017,32293.122
6018,32162.10428
6019,32036.25609
6020,31915.61473
6021,31800.21594
6022,31690.09392
6023,31585.2813
6024,31485.80913
6025,31391.7069
6026,31303.00249
6027,31219.72218
6028,31141.89065
6029,31069.53096
6030,31002.66456
6031,30941.31126
6032,30885.48924
6033,30835.21504
6034,30790.50356
6035,30751.36805
6036,30717.8201
6037,30689.86966
6038,30667.525
6039,30650.79275
6040,30639.67787
6041,30634.18365
6042,30634.31172
6043,30640.06204
6044,30651.43291
6045,30668.42095
6046,30691.02114
6047,30719.22677
6048,30753.02949
6049,30792.41928
6050,30837.38448
6051,30887.91175
6052,30943.98612
6053,31005.59098
6054,31072.70807
6055,31145.3175
6056,31223.39777
6057,31306.92573
6058,31395.87662
6059,31490.2241
6060,31589.94021
6061,31694.99539
6062,31805.35852
6063,31920.99689
6064,32041.87624
6065,32167.96075
6066,32299.21306
6067,32435.59427
6068,32577.06397
6069,32723.58024
6070,32875.09967
6071,33031.57736
6072,33192.96693
6073,33359.22057
6074,33530.28902
6075,33706.12157
6076,33886.66613
6077,34071.86919
6078,34261.67589
6079,34456.02997
6080,34654.87384
6081,34858.14858
6082,35065.79396
6083,35277.74845
6084,35493.94924
6085,35714.33226
6086,35938.83221
6087,36167.38257
6088,36399.91561
6089,36636.36243
6090,36876.65296
6091,37120.716
6092,37368.47924
6093,37619.86924
6094,37874.81152
6095,38133.23054
6096,38395.04971
6097,38660.19146
6098,38928.57722
6099,39200.12747
6100,39474.76172
6101,39752.39861
6102,40032.95587
6103,40316.35035
6104,40602.49809
6105,40891.31429
6106,41182.71337
6107,41476.60898
6108,41772.91403
6109,42071.54073
6110,42372.40058
6111,42675.40443
6112,42980.4625
6113,43287.48438
6114,43596.37911
6115,43907.05515
6116,44219.42044
6117,44533.38242
6118,44848.84805
6119,45165.72386
6120,45483.91595
6121,45803.33004
6122,46123.87146
6123,46445.44525
6124,46767.9561
6125,47091.30846
6126,47415.40651
6127,47740.1542
6128,48065.45532
6129,48391.21347
6130,48717.33211
6131,49043.71461
6132,49370.26426
6133,49696.88429
6134,50023.47792
6135,50349.94838
6136,50676.19891
6137,51002.13285
6138,51327.65362
6139,51652.66476
6140,51977.06995
6141,52300.77308
6142,52623.67821
6143,52945.68967
6144,53266.71204
6145,53586.65019
6146,53905.40932
6147,54222.89497
6148,54539.01307
6149,54853.66993
6150,55166.77233
6151,55478.22748
6152,55787.9431
6153,56095.8274
6154,56401.78915
6155,56705.7377
6156,57007.58297
6157,57307.23552
6158,57604.60656
6159,57899.60797
6160,58192.15233
6161,58482.15296
6162,58769.52392
6163,59054.18007
6164,59336.03705
6165,59615.01133
6166,59891.02026
6167,60163.98205
6168,60433.8158
6169,60700.44157
6170,60963.78035
6171,61223.75411
6172,61480.2858
6173,61733.29941
6174,61982.71998
6175,62228.47358
6176,62470.48741
6177,62708.68973
6178,62943.00998
6179,63173.37872
6180,63399.72767
6181,63621.98978
6182,63840.09918
6183,64053.99124
6184,64263.60257
6185,64468.87107
6186,64669.73591
6187,64866.13757
6188,65058.01785
6189,65245.3199
6190,65427.98821
6191,65605.96865
6192,65779.20848
6193,65947.65638
6194,66111.26242
6195,66269.97812
6196,66423.75646
6197,66572.55186
6198,66716.32023
6199,66855.01898
6200,66988.60701
6201,67117.04472
6202,67240.29406
6203,67358.31851
6204,67471.08309
6205,67578.55439
6206,67680.70057
6207,67777.49135
6208,67868.89806
6209,67954.89361
6210,68035.45251
6211,68110.5509
6212,68180.16652
6213,68244.27875
6214,68302.86858
6215,68355.91865
6216,68403.41325
6217,68445.3383
6218,68481.68138
6219,68512.43171
6220,68537.58019
6221,68557.11937
6222,68571.04345
6223,68579.34831
6224,68582.03148
6225,68579.09218
6226,68570.53127
6227,68556.35129
6228,68536.55644
6229,68511.15259
6230,68480.14726
6231,68443.54965
6232,68401.3706
6233,68353.6226
6234,68300.3198
6235,68241.47801
6236,68177.11465
6237,68107.2488
6238,68031.90115
6239,67951.09405
6240,67864.85143
6241,67773.19885
6242,67676.16346
6243,67573.77403
6244,67466.06088
6245,67353.05594
6246,67234.7927
6247,67111.3062
6248,66982.63302
6249,66848.81131
6250,66709.8807
6251,66565.88238
6252,66416.85901
6253,66262.85475
6254,66103.91523
6255,65940.08755
6256,65771.42027
6257,65597.96334
6258,65419.76819
6259,65236.8876
6260,65049.37577
6261,64857.28827
6262,64660.68201
6263,64459.61526
6264,64254.14759
6265,64044.33988
6266,63830.25432
6267,63611.95433
6268,63389.5046
6269,63162.97105
6270,62932.42081
6271,62697.9222
6272,62459.54469
6273,62217.35893
6274,61971.43669
6275,61721.85082
6276,61468.6753
6277,61211.98515
6278,60951.85642
6279,60688.36619
6280,60421.59255
6281,60151.61455
6282,59878.51219
6283,59602.36639
6284,59323.25898
6285,59041.27266
6286,58756.491
6287,58468.99838
6288,58178.88
6289,57886.22181
6290,57591.11055
6291,57293.63365
6292,56993.87928
6293,56691.93624
6294,56387.89402
6295,56081.84271
6296,55773.873
6297,55464.07614
6298,55152.54393
6299,54839.3687
6300,54524.64324
6301,54208.4608
6302,53890.91509
6303,53572.10019
6304,53252.11059
6305,52931.04109
6306,52608.98684
6307,52286.04327
6308,51962.30607
6309,51637.87119
6310,51312.83474
6311,50987.29305
6312,50661.34259
6313,50335.07993
6314,50008.60176
6315,49682.00482
6316,49355.38589
6317,49028.84175
6318,48702.46917
6319,48376.36485
6320,48050.62543
6321,47725.34743
6322,47400.62724
6323,47076.56107
6324,46753.24497
6325,46430.77473
6326,46109.2459
6327,45788.75377
6328,45469.3933
6329,45151.25913
6330,44834.44552
6331,44519.04635
6332,44205.1551
6333,43892.86475
6334,43582.26786
6335,43273.45647
6336,42966.52207
6337,42661.55563
6338,42358.6475
6339,42057.88745
6340,41759.3646
6341,41463.1674
6342,41169.38363
6343,40878.10035
6344,40589.40386
6345,40303.37971
6346,40020.11265
6347,39739.68664
6348,39462.18475
6349,39187.68922
6350,38916.2814
6351,38648.0417
6352,38383.04961
6353,38121.38365
6354,37863.12136
6355,37608.33927
6356,37357.11287
6357,37109.51662
6358,36865.62387
6359,36625.5069
6360,36389.23686
6361,36156.88376
6362,35928.51646
6363,35704.20262
6364,35484.00871
6365,35267.99998
6366,35056.24044
6367,34848.79284
6368,34645.71865
6369,34447.07804
6370,34252.92988
6371,34063.33169
6372,33878.33966
6373,33698.00861
6374,33522.39196
6375,33351.54177
6376,33185.50865
6377,33024.34181
6378,32868.08901
6379,32716.79653
6380,32570.50922
6381,32429.27043
6382,32293.122
6383,32162.10428
6384,32036.25609
6385,31915.61473
6386,31800.21594
6387,31690.09392
6388,31585.2813
6389,31485.80913
6390,31391.7069
6391,31303.00249
6392,31219.72218
6393,31141.89065
6394,31069.53096
6395,31002.66456
6396,30941.31126
6397,30885.48924
6398,30835.21504
6399,30790.50356
6400,30751.36805
6401,30717.8201
6402,30689.86966
6403,30667.525
6404,30650.79275
6405,30639.67787
6406,30634.18365
6407,30634.31172
6408,30640.06204
6409,30651.43291
6410,30668.42095
6411,30691.02114
6412,30719.22677
6413,30753.02949
6414,30792.41928
6415,30837.38448
6416,30887.91175
6417,30943.98612
6418,31005.59098
6419,31072.70807
6420,31145.3175
6421,31223.39777
6422,31306.92573
6423,31395.87662
6424,31490.2241
6425,31589.94021
6426,31694.99539
6427,31805.35852
6428,31920.99689
6429,32041.87624
6430,32167.96075
6431,32299.21306
6432,32435.59427
6433,32577.06397
6434,32723.58024
6435,32875.09967
6436,33031.57736
6437,33192.96693
6438,33359.22057
6439,33530.28902
6440,33706.12157
6441,33886.66613
6442,34071.86919
6443,34261.67589
6444,34456.02997
6445,34654.87384
6446,34858.14858
6447,35065.79396
6448,35277.74845
6449,35493.94924
6450,35714.33226
6451,35938.83221
6452,36167.38257
6453,36399.91561
6454,36636.36243
6455,36876.65296
6456,37120.716
6457,37368.47924
6458,37619.86924
6459,37874.81152
6460,38133.23054
6461,38395.04971
6462,38660.19146
6463,38928.57722
6464,39200.12747
6465,39474.76172
6466,39752.39861
6467,40032.95587
6468,40316.35035
6469,40602.49809
6470,40891.31429
6471,41182.71337
6472,41476.60898
6473,41772.91403
6474,42071.54073
6475,42372.40058
6476,42675.40443
6477,42980.4625
6478,43287.48438
6479,43596.37911
6480,43907.05515
6481,44219.42044
6482,44533.38242
6483,44848.84805
6484,45165.72386
6485,45483.91595
6486,45803.33004
6487,46123.87146
6488,46445.44525
6489,46767.9561
6490,47091.30846
6491,47415.40651
6492,47740.1542
6493,48065.45532
6494,48391.21347
6495,48717.33211
6496,49043.71461
6497,49370.26426
6498,49696.88429
6499,50023.47792
6500,50349.94838
6501,50676.19891
6502,51002.13285
6503,51327.65362
6504,51652.66476
6505,51977.06995
6506,52300.77308
6507,52623.67821
6508,52945.68967
6509,53266.71204
6510,53586.65019
6511,53905.40932
6512,54222.89497
6513,54539.01307
6514,54853.66993
6515,55166.77233
6516,55478.22748
6517,55787.9431
6518,56095.8274
6519,56401.78915
6520,56705.7377
6521,57007.58297
6522,57307.23552
6523,57604.60656
6524,57899.60797
6525,58192.15233
6526,58482.15296
6527,58769.52392
6528,59054.18007
6529,59336.03705
6530,59615.01133
6531,59891.02026
6532,60163.98205
6533,60433.8158
6534,60700.44157
6535,60963.78035
6536,61223.75411
6537,61480.2858
6538,61733.29941
6539,61982.71998
6540,62228.47358
6541,62470.48741
6542,62708.68973
6543,62943.00998
6544,63173.37872
6545,63399.72767
6546,63621.98978
6547,63840.09918
6548,64053.99124
6549,64263.60257
6550,64468.87107
6551,64669.73591
6552,64866.13757
6553,65058.01785
6554,65245.3199
6555,65427.98821
6556,65605.96865
6557,65779.20848
6558,65947.65638
6559,66111.26242
6560,66269.97812
6561,66423.75646
6562,66572.55186
6563,66716.32023
6564,66855.01898
6565,66988.60701
6566,67117.04472
6567,67240.29406
6568,67358.31851
6569,67471.08309
6570,67578.55439
6571,67680.70057
6572,67777.49135
6573,67868.89806
6574,67954.89361
6575,68035.45251
6576,68110.5509
6577,68180.16652
6578,68244.27875
6579,68302.86858
6580,68355.91865
6581,68403.41325
6582,68445.3383
6583,68481.68138
6584,68512.43171
6585,68537.58019
6586,68557.11937
6587,68571.04345
6588,68579.34831
6589,68582.03148
6590,68579.09218
6591,68570.53127
6592,68556.35129
6593,68536.55644
6594,68511.15259
6595,68480.14726
6596,68443.54965
6597,68401.3706
6598,68353.6226
6599,68300.3198
6600,68241.47801
6601,68177.11465
6602,68107.2488
6603,68031.90115
6604,67951.09405
6605,67864.85143
6606,67773.19885
6607,67676.16346
6608,67573.77403
6609,67466.06088
6610,67353.05594
6611,67234.7927
6612,67111.3062
6613,66982.63302
6614,66848.81131
6615,66709.8807
6616,66565.88238
6617,66416.85901
6618,66262.85475
6619,66103.91523
6620,65940.08755
6621,65771.42027
6622,65597.96334
6623,65419.76819
6624,65236.8876
6625,65049.37577
6626,64857.28827
6627,64660.68201
6628,64459.61526
6629,64254.14759
6630,64044.33988
6631,63830.25432
6632,63611.95433
6633,63389.5046
6634,63162.97105
6635,62932.42081
6636,62697.9222
6637,62459.54469
6638,62217.35893
6639,61971.43669
6640,61721.85082
6641,61468.6753
6642,61211.98515
6643,60951.85642
6644,60688.36619
6645,60421.59255
6646,60151.61455
6647,59878.51219
6648,59602.36639
6649,59323.25898
6650,59041.27266
6651,58756.491
6652,58468.99838
6653,58178.88
6654,57886.22181
6655,57591.11055
6656,57293.63365
6657,56993.87928
6658,56691.93624
6659,56387.89402
6660,56081.84271
6661,55773.873
6662,55464.07614
6663,55152.54393
6664,54839.3687
6665,54524.64324
6666,54208.4608
6667,53890.91509
6668,53572.10019
6669,53252.11059
6670,52931.04109
6671,52608.98684
6672,52286.04327
6673,51962.30607
6674,51637.87119
6675,51312.83474
6676,50987.29305
6677,50661.34259
6678,50335.07993
6679,50008.60176
6680,49682.00482
6681,49355.38589
6682,49028.84175
6683,48702.46917
6684,48376.36485
6685,48050.62543
6686,47725.34743
6687,47400.62724
6688,47076.56107
6689,46753.24497
6690,46430.77473
6691,46109.2459
6692,45788.75377
6693,45469.3933
6694,45151.25913
6695,44834.44552
6696,44519.04635
6697,44205.1551
6698,43892.86475
6699,43582.26786
6700,43273.45647
6701,42966.52207
6702,42661.55563
6703,42358.6475
6704,42057.88745
6705,41759.3646
6706,41463.1674
6707,41169.38363
6708,40878.10035
6709,40589.40386
6710,40303.37971
6711,40020.11265
6712,39739.68664
6713,39462.18475
6714,39187.68922
6715,38916.2814
6716,38648.0417
6717,38383.04961
6718,38121.38365
6719,37863.12136
6720,37608.33927
6721,37357.11287
6722,37109.51662
6723,36865.62387
6724,36625.5069
6725,36389.23686
6726,36156.88376
6727,35928.51646
6728,35704.20262
6729,35484.00871
6730,35267.99998
6731,35056.24044
6732,34848.79284
6733,34645.71865
6734,34447.07804
6735,34252.92988
6736,34063.33169
6737,33878.33966
6738,33698.00861
6739,33522.39196
6740,33351.54177
6741,33185.50865
6742,33024.34181
6743,32868.08901
6744,32716.79653
6745,32570.50922
6746,32429.27043
6747,32293.122
6748,32162.10428
6749,32036.25609
6750,31915.61473
6751,31800.21594
6752,31690.09392
6753,31585.2813
6754,31485.80913
6755,31391.7069
6756,31303.00249
6757,31219.72218
6758,31141.89065
6759,31069.53096
6760,31002.66456
6761,30941.31126
6762,30885.48924
6763,30835.21504
6764,30790.50356
6765,30751.36805
6766,30717.8201
6767,30689.86966
6768,30667.525
6769,30650.79275
6770,30639.67787
6771,30634.18365
6772,30634.31172
6773,30640.06204
6774,30651.43291
6775,30668.42095
6776,30691.02114
6777,30719.22677
6778,30753.02949
6779,30792.41928
6780,30837.38448
6781,30887.91175
6782,30943.98612
6783,31005.59098
6784,31072.70807
6785,31145.3175
6786,31223.39777
6787,31306.92573
6788,31395.87662
6789,31490.2241
6790,31589.94021
6791,31694.99539
6792,31805.35852
6793,31920.99689
6794,32041.87624
6795,32167.96075
6796,32299.21306
6797,32435.59427
6798,32577.06397
6799,32723.58024
6800,32875.09967
6801,33031.57736
6802,33192.96693
6803,33359.22057
6804,33530.28902
6805,33706.12157
6806,33886.66613
6807,34071.86919
6808,34261.67589
6809,34456.02997
6810,34654.87384
6811,34858.14858
6812,35065.79396
6813,35277.74845
6814,35493.94924
6815,35714.33226
6816,35938.83221
6817,36167.38257
6818,36399.91561
6819,36636.36243
6820,36876.65296
6821,37120.716
6822,37368.47924
6823,37619.86924
6824,37874.81152
6825,38133.23054
6826,38395.04971
6827,38660.19146
6828,38928.57722
6829,39200.12747
6830,39474.76172
6831,39752.39861
6832,40032.95587
6833,40316.35035
6834,40602.49809
6835,40891.31429
6836,41182.71337
6837,41476.60898
6838,41772.91403
6839,42071.54073
6840,42372.40058
6841,42675.40443
6842,42980.4625
6843,43287.48438
6844,43596.37911
6845,43907.05515
6846,44219.42044
6847,44533.38242
6848,44848.84805
6849,45165.72386
6850,45483.91595
6851,45803.33004
6852,46123.87146
6853,46445.44525
6854,46767.9561
6855,47091.30846
6856,47415.40651
6857,47740.1542
6858,48065.45532
6859,48391.21347
6860,48717.33211
6861,49043.71461
6862,49370.26426
6863,49696.88429
6864,50023.47792
6865,50349.94838
6866,50676.19891
6867,51002.13285
6868,51327.65362
6869,51652.66476
6870,51977.06995
6871,52300.77308
6872,52623.67821
6873,52945.68967
6874,53266.71204
6875,53586.65019
6876,53905.40932
6877,54222.89497
6878,54539.01307
6879,54853.66993
6880,55166.77233
6881,55478.22748
6882,55787.9431
6883,56095.8274
6884,56401.78915
6885,56705.7377
6886,57007.58297
6887,57307.23552
6888,57604.60656
6889,57899.60797
6890,58192.15233
6891,58482.15296
6892,58769.52392
6893,59054.18007
6894,59336.03705
6895,59615.01133
6896,59891.02026
6897,60163.98205
6898,60433.8158
6899,60700.44157
6900,60963.78035
6901,61223.75411
6902,61480.2858
6903,61733.29941
6904,61982.71998
6905,62228.47358
6906,62470.48741
6907,62708.68973
6908,62943.00998
6909,63173.37872
6910,63399.72767
6911,63621.98978
6912,63840.09918
6913,64053.99124
6914,64263.60257
6915,64468.87107
6916,64669.73591
6917,64866.13757
6918,65058.01785
6919,65245.3199
6920,65427.98821
6921,65605.96865
6922,65779.20848
6923,65947.65638
6924,66111.26242
6925,66269.97812
6926,66423.75646
6927,66572.55186
6928,66716.32023
6929,66855.01898
6930,66988.60701
6931,67117.04472
6932,67240.29406
6933,67358.31851
6934,67471.08309
6935,67578.55439
6936,67680.70057
6937,67777.49135
6938,67868.89806
6939,67954.89361
6940,68035.45251
6941,68110.5509
6942,68180.16652
6943,68244.27875
6944,68302.86858
6945,68355.91865
6946,68403.41325
6947,68445.3383
6948,68481.68138
6949,68512.43171
6950,68537.58019
6951,68557.11937
6952,68571.04345
6953,68579.34831
6954,68582.03148
6955,68579.09218
6956,68570.53127
6957,68556.35129
6958,68536.55644
6959,68511.15259
6960,68480.14726
6961,68443.54965
6962,68401.3706
6963,68353.6226
6964,68300.3198
6965,68241.47801
6966,68177.11465
6967,68107.2488
6968,68031.90115
6969,67951.09405
6970,67864.85143
6971,67773.19885
6972,67676.16346
6973,67573.77403
6974,67466.06088
6975,67353.05594
6976,67234.7927
6977,67111.3062
6978,66982.63302
6979,66848.81131
6980,66709.8807
6981,66565.88238
6982,66416.85901
6983,66262.85475
6984,66103.91523
6985,65940.08755
6986,65771.42027
6987,65597.96334
6988,65419.76819
6989,65236.8876
6990,65049.37577
6991,64857.28827
6992,64660.68201
6993,64459.61526
6994,64254.14759
6995,64044.33988
6996,63830.25432
6997,63611.95433
6998,63389.5046
6999,63162.97105
7000,62932.42081
7001,62697.9222
7002,62459.54469
7003,62217.35893
7004,61971.43669
7005,61721.85082
7006,61468.6753
7007,61211.98515
7008,60951.85642
7009,60688.36619
7010,60421.59255
7011,60151.61455
7012,59878.51219
7013,59602.36639
7014,59323.25898
7015,59041.27266
7016,58756.491
7017,58468.99838
7018,58178.88
7019,57886.22181
7020,57591.11055
7021,57293.63365
7022,56993.87928
7023,56691.93624
7024,56387.89402
7025,56081.84271
7026,55773.873
7027,55464.07614
7028,55152.54393
7029,54839.3687
7030,54524.64324
7031,54208.4608
7032,53890.91509
7033,53572.10019
7034,53252.11059
7035,52931.04109
7036,52608.98684
7037,52286.04327
7038,51962.30607
7039,51637.87119
7040,51312.83474
7041,50987.29305
7042,50661.34259
7043,50335.07993
7044,50008.60176
7045,49682.00482
7046,49355.38589
7047,49028.84175
7048,48702.46917
7049,48376.36485
7050,48050.62543
7051,47725.34743
7052,47400.62724
7053,47076.56107
7054,46753.24497
7055,46430.77473
7056,46109.2459
7057,45788.75377
7058,45469.3933
7059,45151.25913
7060,44834.44552
7061,44519.04635
7062,44205.1551
7063,43892.86475
7064,43582.26786
7065,43273.45647
7066,42966.52207
7067,42661.55563
7068,42358.6475
7069,42057.88745
7070,41759.3646
7071,41463.1674
7072,41169.38363
7073,40878.10035
7074,40589.40386
7075,40303.37971
7076,40020.11265
7077,39739.68664
7078,39462.18475
7079,39187.68922
7080,38916.2814
7081,38648.0417
7082,38383.04961
7083,38121.38365
7084,37863.12136
7085,37608.33927
7086,37357.11287
7087,37109.51662
7088,36865.62387
7089,36625.5069
7090,36389.23686
7091,36156.88376
7092,35928.51646
7093,35704.20262
7094,35484.00871
7095,35267.99998
7096,35056.24044
7097,34848.79284
7098,34645.71865
7099,34447.07804
7100,34252.92988
7101,34063.33169
7102,33878.33966
7103,33698.00861
7104,33522.39196
7105,33351.54177
7106,33185.50865
7107,33024.34181
7108,32868.08901
7109,32716.79653
7110,32570.50922
7111,32429.27043
7112,32293.122
7113,32162.10428
7114,32036.25609
7115,31915.61473
7116,31800.21594
7117,31690.09392
7118,31585.2813
7119,31485.80913
7120,31391.7069
7121,31303.00249
7122,31219.72218
7123,31141.89065
7124,31069.53096
7125,31002.66456
7126,30941.31126
7127,30885.48924
7128,30835.21504
7129,30790.50356
7130,30751.36805
7131,30717.8201
7132,30689.86966
7133,30667.525
7134,30650.79275
7135,30639.67787
7136,30634.18365
7137,30634.31172
7138,30640.06204
7139,30651.43291
7140,30668.42095
7141,30691.02114
7142,30719.22677
7143,30753.02949
7144,30792.41928
7145,30837.38448
7146,30887.91175
7147,30943.98612
7148,31005.59098
7149,31072.70807
7150,31145.3175
7151,31223.39777
7152,31306.92573
7153,31395.87662
7154,31490.2241
7155,31589.94021
7156,31694.99539
7157,31805.35852
7158,31920.99689
7159,32041.87624
7160,32167.96075
7161,32299.21306
7162,32435.59427
7163,32577.06397
7164,32723.58024
7165,32875.09967
7166,33031.57736
7167,33192.96693
7168,33359.22057
7169,33530.28902
7170,33706.12157
7171,33886.66613
7172,34071.86919
7173,34261.67589
7174,34456.02997
7175,34654.87384
7176,34858.14858
7177,35065.79396
7178,35277.74845
7179,35493.94924
7180,35714.33226
7181,35938.83221
7182,36167.38257
7183,36399.91561
7184,36636.36243
7185,36876.65296
7186,37120.716
7187,37368.47924
7188,37619.86924
7189,37874.81152
7190,38133.23054
7191,38395.04971
7192,38660.19146
7193,38928.57722
7194,39200.12747
7195,39474.76172
7196,39752.39861
7197,40032.95587
7198,40316.35035
7199,40602.49809
7200,40891.31429
7201,41182.71337
7202,41476.60898
7203,41772.91403
7204,42071.54073
7205,42372.40058
7206,42675.40443
7207,42980.4625
7208,43287.48438
7209,43596.37911
7210,43907.05515
7211,44219.42044
7212,44533.38242
7213,44848.84805
7214,45165.72386
7215,45483.91595
7216,45803.33004
7217,46123.87146
7218,46445.44525
7219,46767.9561
7220,47091.30846
7221,47415.40651
7222,47740.1542
7223,48065.45532
7224,48391.21347
7225,48717.33211
7226,49043.71461
7227,49370.26426
7228,49696.88429
7229,50023.47792
7230,50349.94838
7231,50676.19891
7232,51002.13285
7233,51327.65362
7234,51652.66476
7235,51977.06995
7236,52300.77308
7237,52623.67821
7238,52945.68967
7239,53266.71204
7240,53586.65019
7241,53905.40932
7242,54222.89497
7243,54539.01307
7244,54853.66993
7245,55166.77233
7246,55478.22748
7247,55787.9431
7248,56095.8274
7249,56401.78915
7250,56705.7377
7251,57007.58297
7252,57307.23552
7253,57604.60656
7254,57899.60797
7255,58192.15233
7256,58482.15296
7257,58769.52392
7258,59054.18007
7259,59336.03705
7260,59615.01133
7261,59891.02026
7262,60163.98205
7263,60433.8158
7264,60700.44157
7265,60963.78035
7266,61223.75411
7267,61480.2858
7268,61733.29941
7269,61982.71998
7270,62228.47358
7271,62470.48741
7272,62708.68973
7273,62943.00998
7274,63173.37872
7275,63399.72767
7276,63621.98978
7277,63840.09918
7278,64053.99124
7279,64263.60257
7280,64468.87107
7281,64669.73591
7282,64866.13757
7283,65058.01785
7284,65245.3199
7285,65427.98821
7286,65605.96865
7287,65779.20848
7288,65947.65638
7289,66111.26242
7290,66269.97812
7291,66423.75646
7292,66572.55186
7293,66716.32023
7294,66855.01898
7295,66988.60701
7296,67117.04472
7297,67240.29406
7298,67358.31851
7299,67471.08309
7300,67578.55439
7301,67680.70057
7302,67777.49135
7303,67868.89806
7304,67954.89361
7305,68035.45251
7306,68110.5509
7307,68180.16652
7308,68244.27875
7309,68302.86858
7310,68355.91865
7311,68403.41325
7312,68445.3383
7313,68481.68138
7314,68512.43171
7315,68537.58019
7316,68557.11937
7317,68571.04345
7318,68579.34831
7319,68582.03148
7320,68579.09218
7321,68570.53127
7322,68556.35129
7323,68536.55644
7324,68511.15259
7325,68480.14726
7326,68443.54965
7327,68401.3706
7328,68353.6226
7329,68300.3198
7330,68241.47801
7331,68177.11465
7332,68107.2488
7333,68031.90115
7334,67951.09405
7335,67864.85143
7336,67773.19885
7337,67676.16346
7338,67573.77403
7339,67466.06088
7340,67353.05594
7341,67234.7927
7342,67111.3062
7343,66982.63302
7344,66848.81131
7345,66709.8807
7346,66565.88238
7347,66416.85901
7348,66262.85475
7349,66103.91523
7350,65940.08755
7351,65771.42027
7352,65597.96334
7353,65419.76819
7354,65236.8876
7355,65049.37577
7356,64857.28827
7357,64660.68201
7358,64459.61526
7359,64254.14759
7360,64044.33988
7361,63830.25432
7362,63611.95433
7363,63389.5046
7364,63162.97105
7365,62932.42081
7366,62697.9222
7367,62459.54469
7368,62217.35893
7369,61971.43669
7370,61721.85082
7371,61468.6753
7372,61211.98515
7373,60951.85642
7374,60688.36619
7375,60421.59255
7376,60151.61455
7377,59878.51219
7378,59602.36639
7379,59323.25898
7380,59041.27266
7381,58756.491
7382,58468.99838
7383,58178.88
7384,57886.22181
7385,57591.11055
7386,57293.63365
7387,56993.87928
7388,56691.93624
7389,56387.89402
7390,56081.84271
7391,55773.873
7392,55464.07614
7393,55152.54393
7394,54839.3687
7395,54524.64324
7396,54208.4608
7397,53890.91509
7398,53572.10019
7399,53252.11059
7400,52931.04109
7401,52608.98684
7402,52286.04327
7403,51962.30607
7404,51637.87119
7405,51312.83474
7406,50987.29305
7407,50661.34259
7408,50335.07993
7409,50008.60176
7410,49682.00482
7411,49355.38589
7412,49028.84175
7413,48702.46917
7414,48376.36485
7415,48050.62543
7416,47725.34743
7417,47400.62724
7418,47076.56107
7419,46753.24497
7420,46430.77473
7421,46109.2459
7422,45788.75377
7423,45469.3933
7424,45151.25913
7425,44834.44552
7426,44519.04635
7427,44205.1551
7428,43892.86475
7429,43582.26786
7430,43273.45647
7431,42966.52207
7432,42661.55563
7433,42358.6475
7434,42057.88745
7435,41759.3646
7436,41463.1674
7437,41169.38363
7438,40878.10035
7439,40589.40386
7440,40303.37971
7441,40020.11265
7442,39739.68664
7443,39462.18475
7444,39187.68922
7445,38916.2814
7446,38648.0417
7447,38383.04961
7448,38121.38365
7449,37863.12136
7450,37608.33927
7451,37357.11287
7452,37109.51662
7453,36865.62387
7454,36625.5069
7455,36389.23686
7456,36156.88376
7457,35928.51646
7458,35704.20262
7459,35484.00871
7460,35267.99998
7461,35056.24044
7462,34848.79284
7463,34645.71865
7464,34447.07804
7465,34252.92988
7466,34063.33169
7467,33878.33966
7468,33698.00861
7469,33522.39196
7470,33351.54177
7471,33185.50865
7472,33024.34181
7473,32868.08901
7474,32716.79653
7475,32570.50922
7476,32429.27043
7477,32293.122
7478,32162.10428
7479,32036.25609
7480,31915.61473
7481,31800.21594
7482,31690.09392
7483,31585.2813
7484,31485.80913
7485,31391.7069
7486,31303.00249
7487,31219.72218
7488,31141.89065
7489,31069.53096
7490,31002.66456
7491,30941.31126
7492,30885.48924
7493,30835.21504
7494,30790.50356
7495,30751.36805
7496,30717.8201
7497,30689.86966
7498,30667.525
7499,30650.79275
7500,30639.67787
7501,30634.18365
7502,30634.31172
7503,30640.06204
7504,30651.43291
7505,30668.42095
7506,30691.02114
7507,30719.22677
7508,30753.02949
7509,30792.41928
7510,30837.38448
7511,30887.91175
7512,30943.98612
7513,31005.59098
7514,31072.70807
7515,31145.3175
7516,31223.39777
7517,31306.92573
7518,31395.87662
7519,31490.2241
7520,31589.94021
7521,31694.99539
7522,31805.35852
7523,31920.99689
7524,32041.87624
7525,32167.96075
7526,32299.21306
7527,32435.59427
7528,32577.06397
7529,32723.58024
7530,32875.09967
7531,33031.57736
7532,33192.96693
7533,33359.22057
7534,33530.28902
7535,33706.12157
7536,33886.66613
7537,34071.86919
7538,34261.67589
7539,34456.02997
7540,34654.87384
7541,34858.14858
7542,35065.79396
7543,35277.74845
7544,35493.94924
7545,35714.33226
7546,35938.83221
7547,36167.38257
7548,36399.91561
7549,36636.36243
7550,36876.65296
7551,37120.716
7552,37368.47924
7553,37619.86924
7554,37874.81152
7555,38133.23054
7556,38395.04971
7557,38660.19146
7558,38928.57722
7559,39200.12747
7560,39474.76172
7561,39752.39861
7562,40032.95587
7563,40316.35035
7564,40602.49809
7565,40891.31429
7566,41182.71337
7567,41476.60898
7568,41772.91403
7569,42071.54073
7570,42372.40058
7571,42675.40443
7572,42980.4625
7573,43287.48438
7574,43596.37911
7575,43907.05515
7576,44219.42044
7577,44533.38242
7578,44848.84805
7579,45165.72386
7580,45483.91595
7581,45803.33004
7582,46123.87146
7583,46445.44525
7584,46767.9561
7585,47091.30846
7586,47415.40651
7587,47740.1542
7588,48065.45532
7589,48391.21347
7590,48717.33211
7591,49043.71461
7592,49370.26426
7593,49696.88429
7594,50023.47792
7595,50349.94838
7596,50676.19891
7597,51002.13285
7598,51327.65362
7599,51652.66476
7600,51977.06995
7601,52300.77308
7602,52623.67821
7603,52945.68967
7604,53266.71204
7605,53586.65019
7606,53905.40932
7607,54222.89497
7608,54539.01307
7609,54853.66993
7610,55166.77233
7611,55478.22748
7612,55787.9431
7613,56095.8274
7614,56401.78915
7615,56705.7377
7616,57007.58297
7617,57307.23552
7618,57604.60656
7619,57899.60797
7620,58192.15233
7621,58482.15296
7622,58769.52392
7623,59054.18007
7624,59336.03705
7625,59615.01133
7626,59891.02026
7627,60163.98205
7628,60433.8158
7629,60700.44157
7630,60963.78035
7631,61223.75411
7632,61480.2858
7633,61733.29941
7634,61982.71998
7635,62228.47358
7636,62470.48741
7637,62708.68973
7638,62943.00998
7639,63173.37872
7640,63399.72767
7641,63621.98978
7642,63840.09918
7643,64053.99124
7644,64263.60257
7645,64468.87107
7646,64669.73591
7647,64866.13757
7648,65058.01785
7649,65245.3199
7650,65427.98821
7651,65605.96865
7652,65779.20848
7653,65947.65638
7654,66111.26242
7655,66269.97812
7656,66423.75646
7657,66572.55186
7658,66716.32023
7659,66855.01898
7660,66988.60701
7661,67117.04472
7662,67240.29406
7663,67358.31851
7664,67471.08309
7665,67578.55439
7666,67680.70057
7667,67777.49135
7668,67868.89806
7669,67954.89361
7670,68035.45251
7671,68110.5509
7672,68180.16652
7673,68244.27875
7674,68302.86858
7675,68355.91865
7676,68403.41325
7677,68445.3383
7678,68481.68138
7679,68512.43171
7680,68537.58019
7681,68557.11937
7682,68571.04345
7683,68579.34831
7684,68582.03148
7685,68579.09218
7686,68570.53127
7687,68556.35129
7688,68536.55644
7689,68511.15259
7690,68480.14726
7691,68443.54965
7692,68401.3706
7693,68353.6226
7694,68300.3198
7695,68241.47801
7696,68177.11465
7697,68107.2488
7698,68031.90115
7699,67951.09405
7700,67864.85143
7701,67773.19885
7702,67676.16346
7703,67573.77403
7704,67466.06088
7705,67353.05594
7706,67234.7927
7707,67111.3062
7708,66982.63302
7709,66848.81131
7710,66709.8807
7711,66565.88238
7712,66416.85901
7713,66262.85475
7714,66103.91523
7715,65940.08755
7716,65771.42027
7717,65597.96334
7718,65419.76819
7719,65236.8876
7720,65049.37577
7721,64857.28827
7722,64660.68201
7723,64459.61526
7724,64254.14759
7725,64044.33988
7726,63830.25432
7727,63611.95433
7728,63389.5046
7729,63162.97105
7730,62932.42081
7731,62697.9222
7732,62459.54469
7733,62217.35893
7734,61971.43669
7735,61721.85082
7736,61468.6753
7737,61211.98515
7738,60951.85642
7739,60688.36619
7740,60421.59255
7741,60151.61455
7742,59878.51219
7743,59602.36639
7744,59323.25898
7745,59041.27266
7746,58756.491
7747,58468.99838
7748,58178.88
7749,57886.22181
7750,57591.11055
7751,57293.63365
7752,56993.87928
7753,56691.93624
7754,56387.89402
7755,56081.84271
7756,55773.873
7757,55464.07614
7758,55152.54393
7759,54839.3687
7760,54524.64324
7761,54208.4608
7762,53890.91509
7763,53572.10019
7764,53252.11059
7765,52931.04109
7766,52608.98684
7767,52286.04327
7768,51962.30607
7769,51637.87119
7770,51312.83474
7771,50987.29305
7772,50661.34259
7773,50335.07993
7774,50008.60176
7775,49682.00482
7776,49355.38589
7777,49028.84175
7778,48702.46917
7779,48376.36485
7780,48050.62543
7781,47725.34743
7782,47400.62724
7783,47076.56107
7784,46753.24497
7785,46430.77473
7786,46109.2459
7787,45788.75377
7788,45469.3933
7789,45151.25913
7790,44834.44552
7791,44519.04635
7792,44205.1551
7793,43892.86475
7794,43582.26786
7795,43273.45647
7796,42966.52207
7797,42661.55563
7798,42358.6475
7799,42057.88745
7800,41759.3646
7801,41463.1674
7802,41169.38363
7803,40878.10035
7804,40589.40386
7805,40303.37971
7806,40020.11265
7807,39739.68664
7808,39462.18475
7809,39187.68922
7810,38916.2814
7811,38648.0417
7812,38383.04961
7813,38121.38365
7814,37863.12136
7815,37608.33927
7816,37357.11287
7817,37109.51662
7818,36865.62387
7819,36625.5069
7820,36389.23686
7821,36156.88376
7822,35928.51646
7823,35704.20262
7824,35484.00871
7825,35267.99998
7826,35056.24044
7827,34848.79284
7828,34645.71865
7829,34447.07804
7830,34252.92988
7831,34063.33169
7832,33878.33966
7833,33698.00861
7834,33522.39196
7835,33351.54177
7836,33185.50865
7837,33024.34181
7838,32868.08901
7839,32716.79653
7840,32570.50922
7841,32429.27043
7842,32293.122
7843,32162.10428
7844,32036.25609
7845,31915.61473
7846,31800.21594
7847,31690.09392
7848,31585.2813
7849,31485.80913
7850,31391.7069
7851,31303.00249
7852,31219.72218
7853,31141.89065
7854,31069.53096
7855,31002.66456
7856,30941.31126
7857,30885.48924
7858,30835.21504
7859,30790.50356
7860,30751.36805
7861,30717.8201
7862,30689.86966
7863,30667.525
7864,30650.79275
7865,30639.67787
7866,30634.18365
7867,30634.31172
7868,30640.06204
7869,30651.43291
7870,30668.42095
7871,30691.02114
7872,30719.22677
7873,30753.02949
7874,30792.41928
7875,30837.38448
7876,30887.91175
7877,30943.98612
7878,31005.59098
7879,31072.70807
7880,31145.3175
7881,31223.39777
7882,31306.92573
7883,31395.87662
7884,31490.2241
7885,31589.94021
7886,31694.99539
7887,31805.35852
7888,31920.99689
7889,32041.87624
7890,32167.96075
7891,32299.21306
7892,32435.59427
7893,32577.06397
7894,32723.58024
7895,32875.09967
7896,33031.57736
7897,33192.96693
7898,33359.22057
7899,33530.28902
7900,33706.12157
7901,33886.66613
7902,34071.86919
7903,34261.67589
7904,34456.02997
7905,34654.87384
7906,34858.14858
7907,35065.79396
7908,35277.74845
7909,35493.94924
7910,35714.33226
7911,35938.83221
7912,36167.38257
7913,36399.91561
7914,36636.36243
7915,36876.65296
7916,37120.716
7917,37368.47924
7918,37619.86924
7919,37874.81152
7920,38133.23054
7921,38395.04971
7922,38660.19146
7923,38928.57722
7924,39200.12747
7925,39474.76172
7926,39752.39861
7927,40032.95587
7928,40316.35035
7929,40602.49809
7930,40891.31429
7931,41182.71337
7932,41476.60898
7933,41772.91403
7934,42071.54073
7935,42372.40058
7936,42675.40443
7937,42980.4625
7938,43287.48438
7939,43596.37911
7940,43907.05515
7941,44219.42044
7942,44533.38242
7943,44848.84805
7944,45165.72386
7945,45483.91595
7946,45803.33004
7947,46123.87146
7948,46445.44525
7949,46767.9561
7950,47091.30846
7951,47415.40651
7952,47740.1542
7953,48065.45532
7954,48391.21347
7955,48717.33211
7956,49043.71461
7957,49370.26426
7958,49696.88429
7959,50023.47792
7960,50349.94838
7961,50676.19891
7962,51002.13285
7963,51327.65362
7964,51652.66476
7965,51977.06995
7966,52300.77308
7967,52623.67821
7968,52945.68967
7969,53266.71204
7970,53586.65019
7971,53905.40932
7972,54222.89497
7973,54539.01307
7974,54853.66993
7975,55166.77233
7976,55478.22748
7977,55787.9431
7978,56095.8274
7979,56401.78915
7980,56705.7377
7981,57007.58297
7982,57307.23552
7983,57604.60656
7984,57899.60797
7985,58192.15233
7986,58482.15296
7987,58769.52392
7988,59054.18007
7989,59336.03705
7990,59615.01133
7991,59891.02026
7992,60163.98205
7993,60433.8158
7994,60700.44157
7995,60963.78035
7996,61223.75411
7997,61480.2858
7998,61733.29941
7999,61982.71998
8000,62228.47358
8001,62470.48741
8002,62708.68973
8003,62943.00998
8004,63173.37872
8005,63399.72767
8006,63621.98978
8007,63840.09918
8008,64053.99124
8009,64263.60257
8010,64468.87107
8011,64669.73591
8012,64866.13757
8013,65058.01785
8014,65245.3199
8015,65427.98821
8016,65605.96865
8017,65779.20848
8018,65947.65638
8019,66111.26242
8020,66269.97812
8021,66423.75646
8022,66572.55186
8023,66716.32023
8024,66855.01898
8025,66988.60701
8026,67117.04472
8027,67240.29406
8028,67358.31851
8029,67471.08309
8030,67578.55439
8031,67680.70057
8032,67777.49135
8033,67868.89806
8034,67954.89361
8035,68035.45251
8036,68110.5509
8037,68180.16652
8038,68244.27875
8039,68302.86858
8040,68355.91865
8041,68403.41325
8042,68445.3383
8043,68481.68138
8044,68512.43171
8045,68537.58019
8046,68557.11937
8047,68571.04345
8048,68579.34831
8049,68582.03148
8050,68579.09218
8051,68570.53127
8052,68556.35129
8053,68536.55644
8054,68511.15259
8055,68480.14726
8056,68443.54965
8057,68401.3706
8058,68353.6226
8059,68300.3198
8060,68241.47801
8061,68177.11465
8062,68107.2488
8063,68031.90115
8064,67951.09405
8065,67864.85143
8066,67773.19885
8067,67676.16346
8068,67573.77403
8069,67466.06088
8070,67353.05594
8071,67234.7927
8072,67111.3062
8073,66982.63302
8074,66848.81131
8075,66709.8807
8076,66565.88238
8077,66416.85901
8078,66262.85475
8079,66103.91523
8080,65940.08755
8081,65771.42027
8082,65597.96334
8083,65419.76819
8084,65236.8876
8085,65049.37577
8086,64857.28827
8087,64660.68201
8088,64459.61526
8089,64254.14759
8090,64044.33988
8091,63830.25432
8092,63611.95433
8093,63389.5046
8094,63162.97105
8095,62932.42081
8096,62697.9222
8097,62459.54469
8098,62217.35893
8099,61971.43669
8100,61721.85082
8101,61468.6753
8102,61211.98515
8103,60951.85642
8104,60688.36619
8105,60421.59255
8106,60151.61455
8107,59878.51219
8108,59602.36639
8109,59323.25898
8110,59041.27266
8111,58756.491
8112,58468.99838
8113,58178.88
8114,57886.22181
8115,57591.11055
8116,57293.63365
8117,56993.87928
8118,56691.93624
8119,56387.89402
8120,56081.84271
8121,55773.873
8122,55464.07614
8123,55152.54393
8124,54839.3687
8125,54524.64324
8126,54208.4608
8127,53890.91509
8128,53572.10019
8129,53252.11059
8130,52931.04109
8131,52608.98684
8132,52286.04327
8133,51962.30607
8134,51637.87119
8135,51312.83474
8136,50987.29305
8137,50661.34259
8138,50335.07993
8139,50008.60176
8140,49682.00482
8141,49355.38589
8142,49028.84175
8143,48702.46917
8144,48376.36485
8145,48050.62543
8146,47725.34743
8147,47400.62724
8148,47076.56107
8149,46753.24497
8150,46430.77473
8151,46109.2459
8152,45788.75377
8153,45469.3933
8154,45151.25913
8155,44834.44552
8156,44519.04635
8157,44205.1551
8158,43892.86475
8159,43582.26786
8160,43273.45647
8161,42966.52207
8162,42661.55563
8163,42358.6475
8164,42057.88745
8165,41759.3646
8166,41463.1674
8167,41169.38363
8168,40878.10035
8169,40589.40386
8170,40303.37971
8171,40020.11265
8172,39739.68664
8173,39462.18475
8174,39187.68922
8175,38916.2814
8176,38648.0417
8177,38383.04961
8178,38121.38365
8179,37863.12136
8180,37608.33927
8181,37357.11287
8182,37109.51662
8183,36865.62387
8184,36625.5069
8185,36389.23686
8186,36156.88376
8187,35928.51646
8188,35704.20262
8189,35484.00871
8190,35267.99998
8191,35056.24044
8192,34848.79284
8193,34645.71865
8194,34447.07804
8195,34252.92988
8196,34063.33169
8197,33878.33966
8198,33698.00861
8199,33522.39196
8200,33351.54177
8201,33185.50865
8202,33024.34181
8203,32868.08901
8204,32716.79653
8205,32570.50922
8206,32429.27043
8207,32293.122
8208,32162.10428
8209,32036.25609
8210,31915.61473
8211,31800.21594
8212,31690.09392
8213,31585.2813
8214,31485.80913
8215,31391.7069
8216,31303.00249
8217,31219.72218
8218,31141.89065
8219,31069.53096
8220,31002.66456
8221,30941.31126
8222,30885.48924
8223,30835.21504
8224,30790.50356
8225,30751.36805
8226,30717.8201
8227,30689.86966
8228,30667.525
8229,30650.79275
8230,30639.67787
8231,30634.18365
8232,30634.31172
8233,30640.06204
8234,30651.43291
8235,30668.42095
8236,30691.02114
8237,30719.22677
8238,30753.02949
8239,30792.41928
8240,30837.38448
8241,30887.91175
8242,30943.98612
8243,31005.59098
8244,31072.70807
8245,31145.3175
8246,31223.39777
8247,31306.92573
8248,31395.87662
8249,31490.2241
8250,31589.94021
8251,31694.99539
8252,31805.35852
8253,31920.99689
8254,32041.87624
8255,32167.96075
8256,32299.21306
8257,32435.59427
8258,32577.06397
8259,32723.58024
8260,32875.09967
8261,33031.57736
8262,33192.96693
8263,33359.22057
8264,33530.28902
8265,33706.12157
8266,33886.66613
8267,34071.86919
8268,34261.67589
8269,34456.02997
8270,34654.87384
8271,34858.14858
8272,35065.79396
8273,35277.74845
8274,35493.94924
8275,35714.33226
8276,35938.83221
8277,36167.38257
8278,36399.91561
8279,36636.36243
8280,36876.65296
8281,37120.716
8282,37368.47924
8283,37619.86924
8284,37874.81152
8285,38133.23054
8286,38395.04971
8287,38660.19146
8288,38928.57722
8289,39200.12747
8290,39474.76172
8291,39752.39861
8292,40032.95587
8293,40316.35035
8294,40602.49809
8295,40891.31429
8296,41182.71337
8297,41476.60898
8298,41772.91403
8299,42071.54073
8300,42372.40058
8301,42675.40443
8302,42980.4625
8303,43287.48438
8304,43596.37911
8305,43907.05515
8306,44219.42044
8307,44533.38242
8308,44848.84805
8309,45165.72386
8310,45483.91595
8311,45803.33004
8312,46123.87146
8313,46445.44525
8314,46767.9561
8315,47091.30846
8316,47415.40651
8317,47740.1542
8318,48065.45532
8319,48391.21347
8320,48717.33211
8321,49043.71461
8322,49370.26426
8323,49696.88429
8324,50023.47792
8325,50349.94838
8326,50676.19891
8327,51002.13285
8328,51327.65362
8329,51652.66476
8330,51977.06995
8331,52300.77308
8332,52623.67821
8333,52945.68967
8334,53266.71204
8335,53586.65019
8336,53905.40932
8337,54222.89497
8338,54539.01307
8339,54853.66993
8340,55166.77233
8341,55478.22748
8342,55787.9431
8343,56095.8274
8344,56401.78915
8345,56705.7377
8346,57007.58297
8347,57307.23552
8348,57604.60656
8349,57899.60797
8350,58192.15233
8351,58482.15296
8352,58769.52392
8353,59054.18007
8354,59336.03705
8355,59615.01133
8356,59891.02026
8357,60163.98205
8358,60433.8158
8359,60700.44157
8360,60963.78035
8361,61223.75411
8362,61480.2858
8363,61733.29941
8364,61982.71998
8365,62228.47358
8366,62470.48741
8367,62708.68973
8368,62943.00998
8369,63173.37872
8370,63399.72767
8371,63621.98978
8372,63840.09918
8373,64053.99124
8374,64263.60257
8375,64468.87107
8376,64669.73591
8377,64866.13757
8378,65058.01785
8379,65245.3199
8380,65427.98821
8381,65605.96865
8382,65779.20848
8383,65947.65638
8384,66111.26242
8385,66269.97812
8386,66423.75646
8387,66572.55186
8388,66716.32023
8389,66855.01898
8390,66988.60701
8391,67117.04472
8392,67240.29406
8393,67358.31851
8394,67471.08309
8395,67578.55439
8396,67680.70057
8397,67777.49135
8398,67868.89806
8399,67954.89361
8400,68035.45251
8401,68110.5509
8402,68180.16652
8403,68244.27875
8404,68302.86858
8405,68355.91865
8406,68403.41325
8407,68445.3383
8408,68481.68138
8409,68512.43171
8410,68537.58019
8411,68557.11937
8412,68571.04345
8413,68579.34831
8414,68582.03148
8415,68579.09218
8416,68570.53127
8417,68556.35129
8418,68536.55644
8419,68511.15259
8420,68480.14726
8421,68443.54965
8422,68401.3706
8423,68353.6226
8424,68300.3198
8425,68241.47801
8426,68177.11465
8427,68107.2488
8428,68031.90115
8429,67951.09405
8430,67864.85143
8431,67773.19885
8432,67676.16346
8433,67573.77403
8434,67466.06088
8435,67353.05594
8436,67234.7927
8437,67111.3062
8438,66982.63302
8439,66848.81131
8440,66709.8807
8441,66565.88238
8442,66416.85901
8443,66262.85475
8444,66103.91523
8445,65940.08755
8446,65771.42027
8447,65597.96334
8448,65419.76819
8449,65236.8876
8450,65049.37577
8451,64857.28827
8452,64660.68201
8453,64459.61526
8454,64254.14759
8455,64044.33988
8456,63830.25432
8457,63611.95433
8458,63389.5046
8459,63162.97105
8460,62932.42081
8461,62697.9222
8462,62459.54469
8463,62217.35893
8464,61971.43669
8465,61721.85082
8466,61468.6753
8467,61211.98515
8468,60951.85642
8469,60688.36619
8470,60421.59255
8471,60151.61455
8472,59878.51219
8473,59602.36639
8474,59323.25898
8475,59041.27266
8476,58756.491
8477,58468.99838
8478,58178.88
8479,57886.22181
8480,57591.11055
8481,57293.63365
8482,56993.87928
8483,56691.93624
8484,56387.89402
8485,56081.84271
8486,55773.873
8487,55464.07614
8488,55152.54393
8489,54839.3687
8490,54524.64324
8491,54208.4608
8492,53890.91509
8493,53572.10019
8494,53252.11059
8495,52931.04109
8496,52608.98684
8497,52286.04327
8498,51962.30607
8499,51637.87119
8500,51312.83474
8501,50987.29305
8502,50661.34259
8503,50335.07993
8504,50008.60176
8505,49682.00482
8506,49355.38589
8507,49028.84175
8508,48702.46917
8509,48376.36485
8510,48050.62543
8511,47725.34743
8512,47400.62724
8513,47076.56107
8514,46753.24497
8515,46430.77473
8516,46109.2459
8517,45788.75377
8518,45469.3933
8519,45151.25913
8520,44834.44552
8521,44519.04635
8522,44205.1551
8523,43892.86475
8524,43582.26786
8525,43273.45647
8526,42966.52207
8527,42661.55563
8528,42358.6475
8529,42057.88745
8530,41759.3646
8531,41463.1674
8532,41169.38363
8533,40878.10035
8534,40589.40386
8535,40303.37971
8536,40020.11265
8537,39739.68664
8538,39462.18475
8539,39187.68922
8540,38916.2814
8541,38648.0417
8542,38383.04961
8543,38121.38365
8544,37863.12136
8545,37608.33927
8546,37357.11287
8547,37109.51662
8548,36865.62387
8549,36625.5069
8550,36389.23686
8551,36156.88376
8552,35928.51646
8553,35704.20262
8554,35484.00871
8555,35267.99998
8556,35056.24044
8557,34848.79284
8558,34645.71865
8559,34447.07804
8560,34252.92988
8561,34063.33169
8562,33878.33966
8563,33698.00861
8564,33522.39196
8565,33351.54177
8566,33185.50865
8567,33024.34181
8568,32868.08901
8569,32716.79653
8570,32570.50922
8571,32429.27043
8572,32293.122
8573,32162.10428
8574,32036.25609
8575,31915.61473
8576,31800.21594
8577,31690.09392
8578,31585.2813
8579,31485.80913
8580,31391.7069
8581,31303.00249
8582,31219.72218
8583,31141.89065
8584,31069.53096
8585,31002.66456
8586,30941.31126
8587,30885.48924
8588,30835.21504
8589,30790.50356
8590,30751.36805
8591,30717.8201
8592,30689.86966
8593,30667.525
8594,30650.79275
8595,30639.67787
8596,30634.18365
8597,30634.31172
8598,30640.06204
8599,30651.43291
8600,30668.42095
8601,30691.02114
8602,30719.22677
8603,30753.02949
8604,30792.41928
8605,30837.38448
8606,30887.91175
8607,30943.98612
8608,31005.59098
8609,31072.70807
8610,31145.3175
8611,31223.39777
8612,31306.92573
8613,31395.87662
8614,31490.2241
8615,31589.94021
8616,31694.99539
8617,31805.35852
8618,31920.99689
8619,32041.87624
8620,32167.96075
8621,32299.21306
8622,32435.59427
8623,32577.06397
8624,32723.58024
8625,32875.09967
8626,33031.57736
8627,33192.96693
8628,33359.22057
8629,33530.28902
8630,33706.12157
8631,33886.66613
8632,34071.86919
8633,34261.67589
8634,34456.02997
8635,34654.87384
8636,34858.14858
8637,35065.79396
8638,35277.74845
8639,35493.94924
8640,35714.33226
8641,35938.83221
8642,36167.38257
8643,36399.91561
8644,36636.36243
8645,36876.65296
8646,37120.716
8647,37368.47924
8648,37619.86924
8649,37874.81152
8650,38133.23054
8651,38395.04971
8652,38660.19146
8653,38928.57722
8654,39200.12747
8655,39474.76172
8656,39752.39861
8657,40032.95587
8658,40316.35035
8659,40602.49809
8660,40891.31429
8661,41182.71337
8662,41476.60898
8663,41772.91403
8664,42071.54073
8665,42372.40058
8666,42675.40443
8667,42980.4625
8668,43287.48438
8669,43596.37911
8670,43907.05515
8671,44219.42044
8672,44533.38242
8673,44848.84805
8674,45165.72386
8675,45483.91595
8676,45803.33004
8677,46123.87146
8678,46445.44525
8679,46767.9561
8680,47091.30846
8681,47415.40651
8682,47740.1542
8683,48065.45532
8684,48391.21347
8685,48717.33211
8686,49043.71461
8687,49370.26426
8688,49696.88429
8689,50023.47792
8690,50349.94838
8691,50676.19891
8692,51002.13285
8693,51327.65362
8694,51652.66476
8695,51977.06995
8696,52300.77308
8697,52623.67821
8698,52945.68967
8699,53266.71204
8700,53586.65019
8701,53905.40932
8702,54222.89497
8703,54539.01307
8704,54853.66993
8705,55166.77233
8706,55478.22748
8707,55787.9431
8708,56095.8274
8709,56401.78915
8710,56705.7377
8711,57007.58297
8712,57307.23552
8713,57604.60656
8714,57899.60797
8715,58192.15233
8716,58482.15296
8717,58769.52392
8718,59054.18007
8719,59336.03705
8720,59615.01133
8721,59891.02026
8722,60163.98205
8723,60433.8158
8724,60700.44157
8725,60963.78035
8726,61223.75411
8727,61480.2858
8728,61733.29941
8729,61982.71998
8730,62228.47358
8731,62470.48741
8732,62708.68973
8733,62943.00998
8734,63173.37872
8735,63399.72767
8736,63621.98978
8737,63840.09918
8738,64053.99124
8739,64263.60257
8740,64468.87107
8741,64669.73591
8742,64866.13757
8743,65058.01785
8744,65245.3199
8745,65427.98821
8746,65605.96865
8747,65779.20848
8748,65947.65638
8749,66111.26242
8750,66269.97812
8751,66423.75646
8752,66572.55186
8753,66716.32023
8754,66855.01898
8755,66988.60701
8756,67117.04472
8757,67240.29406
8758,67358.31851
8759,67471.08309
8760,67578.55439
8761,67680.70057
8762,67777.49135
8763,67868.89806
8764,67954.89361
8765,68035.45251
8766,68110.5509
8767,68180.16652
8768,68244.27875
8769,68302.86858
8770,68355.91865
8771,68403.41325
8772,68445.3383
8773,68481.68138
8774,68512.43171
8775,68537.58019
8776,68557.11937
8777,68571.04345
8778,68579.34831
8779,68582.03148
8780,68579.09218
8781,68570.53127
8782,68556.35129
8783,68536.55644
8784,68511.15259
8785,68480.14726
8786,68443.54965
8787,68401.3706
8788,68353.6226
8789,68300.3198
8790,68241.47801
8791,68177.11465
8792,68107.2488
8793,68031.90115
8794,67951.09405
8795,67864.85143
8796,67773.19885
8797,67676.16346
8798,67573.77403
8799,67466.06088
8800,67353.05594
8801,67234.7927
8802,67111.3062
8803,66982.63302
8804,66848.81131
8805,66709.8807
8806,66565.88238
8807,66416.85901
8808,66262.85475
8809,66103.91523
8810,65940.08755
8811,65771.42027
8812,65597.96334
8813,65419.76819
8814,65236.8876
8815,65049.37577
8816,64857.28827
8817,64660.68201
8818,64459.61526
8819,64254.14759
8820,64044.33988
8821,63830.25432
8822,63611.95433
8823,63389.5046
8824,63162.97105
8825,62932.42081
8826,62697.9222
8827,62459.54469
8828,62217.35893
8829,61971.43669
8830,61721.85082
8831,61468.6753
8832,61211.98515
8833,60951.85642
8834,60688.36619
8835,60421.59255
8836,60151.61455
8837,59878.51219
8838,59602.36639
8839,59323.25898
8840,59041.27266
8841,58756.491
8842,58468.99838
8843,58178.88
8844,57886.22181
8845,57591.11055
8846,57293.63365
8847,56993.87928
8848,56691.93624
8849,56387.89402
8850,56081.84271
8851,55773.873
8852,55464.07614
8853,55152.54393
8854,54839.3687
8855,54524.64324
8856,54208.4608
8857,53890.91509
8858,53572.10019
8859,53252.11059
8860,52931.04109
8861,52608.98684
8862,52286.04327
8863,51962.30607
8864,51637.87119
8865,51312.83474
8866,50987.29305
8867,50661.34259
8868,50335.07993
8869,50008.60176
8870,49682.00482
8871,49355.38589
8872,49028.84175
8873,48702.46917
8874,48376.36485
8875,48050.62543
8876,47725.34743
8877,47400.62724
8878,47076.56107
8879,46753.24497
8880,46430.77473
8881,46109.2459
8882,45788.75377
8883,45469.3933
8884,45151.25913
8885,44834.44552
8886,44519.04635
8887,44205.1551
8888,43892.86475
8889,43582.26786
8890,43273.45647
8891,42966.52207
8892,42661.55563
8893,42358.6475
8894,42057.88745
8895,41759.3646
8896,41463.1674
8897,41169.38363
8898,40878.10035
8899,40589.40386
8900,40303.37971
8901,40020.11265
8902,39739.68664
8903,39462.18475
8904,39187.68922
8905,38916.2814
8906,38648.0417
8907,38383.04961
8908,38121.38365
8909,37863.12136
8910,37608.33927
8911,37357.11287
8912,37109.51662
8913,36865.62387
8914,36625.5069
8915,36389.23686
8916,36156.88376
8917,35928.51646
8918,35704.20262
8919,35484.00871
8920,35267.99998
8921,35056.24044
8922,34848.79284
8923,34645.71865
8924,34447.07804
8925,34252.92988
8926,34063.33169
8927,33878.33966
8928,33698.00861
8929,33522.39196
8930,33351.54177
8931,33185.50865
8932,33024.34181
8933,32868.08901
8934,32716.79653
8935,32570.50922
8936,32429.27043
8937,32293.122
8938,32162.10428
8939,32036.25609
8940,31915.61473
8941,31800.21594
8942,31690.09392
8943,31585.2813
8944,31485.80913
8945,31391.7069
8946,31303.00249
8947,31219.72218
8948,31141.89065
8949,31069.53096
8950,31002.66456
8951,30941.31126
8952,30885.48924
8953,30835.21504
8954,30790.50356
8955,30751.36805
8956,30717.8201
8957,30689.86966
8958,30667.525
8959,30650.79275
8960,30639.67787
8961,30634.18365
8962,30634.31172
8963,30640.06204
8964,30651.43291
8965,30668.42095
8966,30691.02114
8967,30719.22677
8968,30753.02949
8969,30792.41928
8970,30837.38448
8971,30887.91175
8972,30943.98612
8973,31005.59098
8974,31072.70807
8975,31145.3175
8976,31223.39777
8977,31306.92573
8978,31395.87662
8979,31490.2241
8980,31589.94021
8981,31694.99539
8982,31805.35852
8983,31920.99689
8984,32041.87624
8985,32167.96075
8986,32299.21306
8987,32435.59427
8988,32577.06397
8989,32723.58024
8990,32875.09967
8991,33031.57736
8992,33192.96693
8993,33359.22057
8994,33530.28902
8995,33706.12157
8996,33886.66613
8997,34071.86919
8998,34261.67589
8999,34456.02997
9000,34654.87384
9001,34858.14858
9002,35065.79396
9003,35277.74845
9004,35493.94924
9005,35714.33226
9006,35938.83221
9007,36167.38257
9008,36399.91561
9009,36636.36243
9010,36876.65296
9011,37120.716
9012,37368.47924
9013,37619.86924
9014,37874.81152
9015,38133.23054
9016,38395.04971
9017,38660.19146
9018,38928.57722
9019,39200.12747
9020,39474.76172
9021,39752.39861
9022,40032.95587
9023,40316.35035
9024,40602.49809
9025,40891.31429
9026,41182.71337
9027,41476.60898
9028,41772.91403
9029,42071.54073
9030,42372.40058
9031,42675.40443
9032,42980.4625
9033,43287.48438
9034,43596.37911
9035,43907.05515
9036,44219.42044
9037,44533.38242
9038,44848.84805
9039,45165.72386
9040,45483.91595
9041,45803.33004
9042,46123.87146
9043,46445.44525
9044,46767.9561
9045,47091.30846
9046,47415.40651
9047,47740.1542
9048,48065.45532
9049,48391.21347
9050,48717.33211
9051,49043.71461
9052,49370.26426
9053,49696.88429
9054,50023.47792
9055,50349.94838
9056,50676.19891
9057,51002.13285
9058,51327.65362
9059,51652.66476
9060,51977.06995
9061,52300.77308
9062,52623.67821
9063,52945.68967
9064,53266.71204
9065,53586.65019
9066,53905.40932
9067,54222.89497
9068,54539.01307
9069,54853.66993
9070,55166.77233
9071,55478.22748
9072,55787.9431
9073,56095.8274
9074,56401.78915
9075,56705.7377
9076,57007.58297
9077,57307.23552
9078,57604.60656
9079,57899.60797
9080,58192.15233
9081,58482.15296
9082,58769.52392
9083,59054.18007
9084,59336.03705
9085,59615.01133
9086,59891.02026
9087,60163.98205
9088,60433.8158
9089,60700.44157
9090,60963.78035
9091,61223.75411
9092,61480.2858
9093,61733.29941
9094,61982.71998
9095,62228.47358
9096,62470.48741
9097,62708.68973
9098,62943.00998
9099,63173.37872
9100,63399.72767
9101,63621.98978
9102,63840.09918
9103,64053.99124
9104,64263.60257
9105,64468.87107
9106,64669.73591
9107,64866.13757
9108,65058.01785
9109,65245.3199
9110,65427.98821
9111,65605.96865
9112,65779.20848
9113,65947.65638
9114,66111.26242
9115,66269.97812
9116,66423.75646
9117,66572.55186
9118,66716.32023
9119,66855.01898
9120,66988.60701
9121,67117.04472
9122,67240.29406
9123,67358.31851
9124,67471.08309
9125,67578.55439
9126,67680.70057
9127,67777.49135
9128,67868.89806
9129,67954.89361
9130,68035.45251
9131,68110.5509
9132,68180.16652
9133,68244.27875
9134,68302.86858
9135,68355.91865
9136,68403.41325
9137,68445.3383
9138,68481.68138
9139,68512.43171
9140,68537.58019
9141,68557.11937
9142,68571.04345
9143,68579.34831
9144,68582.03148
9145,68579.09218
9146,68570.53127
9147,68556.35129
9148,68536.55644
9149,68511.15259
9150,68480.14726
9151,68443.54965
9152,68401.3706
9153,68353.6226
9154,68300.3198
9155,68241.47801
9156,68177.11465
9157,68107.2488
9158,68031.90115
9159,67951.09405
9160,67864.85143
9161,67773.19885
9162,67676.16346
9163,67573.77403
9164,67466.06088
9165,67353.05594
9166,67234.7927
9167,67111.3062
9168,66982.63302
9169,66848.81131
9170,66709.8807
9171,66565.88238
9172,66416.85901
9173,66262.85475
9174,66103.91523
9175,65940.08755
9176,65771.42027
9177,65597.96334
9178,65419.76819
9179,65236.8876
9180,65049.37577
9181,64857.28827
9182,64660.68201
9183,64459.61526
9184,64254.14759
9185,64044.33988
9186,63830.25432
9187,63611.95433
9188,63389.5046
9189,63162.97105
9190,62932.42081
9191,62697.9222
9192,62459.54469
9193,62217.35893
9194,61971.43669
9195,61721.85082
9196,61468.6753
9197,61211.98515
9198,60951.85642
9199,60688.36619
9200,60421.59255
9201,60151.61455
9202,59878.51219
9203,59602.36639
9204,59323.25898
9205,59041.27266
9206,58756.491
9207,58468.99838
9208,58178.88
9209,57886.22181
9210,57591.11055
9211,57293.63365
9212,56993.87928
9213,56691.93624
9214,56387.89402
9215,56081.84271
9216,55773.873
9217,55464.07614
9218,55152.54393
9219,54839.3687
9220,54524.64324
9221,54208.4608
9222,53890.91509
9223,53572.10019
9224,53252.11059
9225,52931.04109
9226,52608.98684
9227,52286.04327
9228,51962.30607
9229,51637.87119
9230,51312.83474
9231,50987.29305
9232,50661.34259
9233,50335.07993
9234,50008.60176
9235,49682.00482
9236,49355.38589
9237,49028.84175
9238,48702.46917
9239,48376.36485
9240,48050.62543
9241,47725.34743
9242,47400.62724
9243,47076.56107
9244,46753.24497
9245,46430.77473
9246,46109.2459
9247,45788.75377
9248,45469.3933
9249,45151.25913
9250,44834.44552
9251,44519.04635
9252,44205.1551
9253,43892.86475
9254,43582.26786
9255,43273.45647
9256,42966.52207
9257,42661.55563
9258,42358.6475
9259,42057.88745
9260,41759.3646
9261,41463.1674
9262,41169.38363
9263,40878.10035
9264,40589.40386
9265,40303.37971
9266,40020.11265
9267,39739.68664
9268,39462.18475
9269,39187.68922
9270,38916.2814
9271,38648.0417
9272,38383.04961
9273,38121.38365
9274,37863.12136
9275,37608.33927
9276,37357.11287
9277,37109.51662
9278,36865.62387
9279,36625.5069
9280,36389.23686
9281,36156.88376
9282,35928.51646
9283,35704.20262
9284,35484.00871
9285,35267.99998
9286,35056.24044
9287,34848.79284
9288,34645.71865
9289,34447.07804
9290,34252.92988
9291,34063.33169
9292,33878.33966
9293,33698.00861
9294,33522.39196
9295,33351.54177
9296,33185.50865
9297,33024.34181
9298,32868.08901
9299,32716.79653
9300,32570.50922
9301,32429.27043
9302,32293.122
9303,32162.10428
9304,32036.25609
9305,31915.61473
9306,31800.21594
9307,31690.09392
9308,31585.2813
9309,31485.80913
9310,31391.7069
9311,31303.00249
9312,31219.72218
9313,31141.89065
9314,31069.53096
9315,31002.66456
9316,30941.31126
9317,30885.48924
9318,30835.21504
9319,30790.50356
9320,30751.36805
9321,30717.8201
9322,30689.86966
9323,30667.525
9324,30650.79275
9325,30639.67787
9326,30634.18365
9327,30634.31172
9328,30640.06204
9329,30651.43291
9330,30668.42095
9331,30691.02114
9332,30719.22677
9333,30753.02949
9334,30792.41928
9335,30837.38448
9336,30887.91175
9337,30943.98612
9338,31005.59098
9339,31072.70807
9340,31145.3175
9341,31223.39777
9342,31306.92573
9343,31395.87662
9344,31490.2241
9345,31589.94021
9346,31694.99539
9347,31805.35852
9348,31920.99689
9349,32041.87624
9350,32167.96075
9351,32299.21306
9352,32435.59427
9353,32577.06397
9354,32723.58024
9355,32875.09967
9356,33031.57736
9357,33192.96693
9358,33359.22057
9359,33530.28902
9360,33706.12157
9361,33886.66613
9362,34071.86919
9363,34261.67589
9364,34456.02997
9365,34654.87384
9366,34858.14858
9367,35065.79396
9368,35277.74845
9369,35493.94924
9370,35714.33226
9371,35938.83221
9372,36167.38257
9373,36399.91561
9374,36636.36243
9375,36876.65296
9376,37120.716
9377,37368.47924
9378,37619.86924
9379,37874.81152
9380,38133.23054
9381,38395.04971
9382,38660.19146
9383,38928.57722
9384,39200.12747
9385,39474.76172
9386,39752.39861
9387,40032.95587
9388,40316.35035
9389,40602.49809
9390,40891.31429
9391,41182.71337
9392,41476.60898
9393,41772.91403
9394,42071.54073
9395,42372.40058
9396,42675.40443
9397,42980.4625
9398,43287.48438
9399,43596.37911
9400,43907.05515
9401,44219.42044
9402,44533.38242
9403,44848.84805
9404,45165.72386
9405,45483.91595
9406,45803.33004
9407,46123.87146
9408,46445.44525
9409,46767.9561
9410,47091.30846
9411,47415.40651
9412,47740.1542
9413,48065.45532
9414,48391.21347
9415,48717.33211
9416,49043.71461
9417,49370.26426
9418,49696.88429
9419,50023.47792
9420,50349.94838
9421,50676.19891
9422,51002.13285
9423,51327.65362
9424,51652.66476
9425,51977.06995
9426,52300.77308
9427,52623.67821
9428,52945.68967
9429,53266.71204
9430,53586.65019
9431,53905.40932
9432,54222.89497
9433,54539.01307
9434,54853.66993
9435,55166.77233
9436,55478.22748
9437,55787.9431
9438,56095.8274
9439,56401.78915
9440,56705.7377
9441,57007.58297
9442,57307.23552
9443,57604.60656
9444,57899.60797
9445,58192.15233
9446,58482.15296
9447,58769.52392
9448,59054.18007
9449,59336.03705
9450,59615.01133
9451,59891.02026
9452,60163.98205
9453,60433.8158
9454,60700.44157
9455,60963.78035
9456,61223.75411
9457,61480.2858
9458,61733.29941
9459,61982.71998
9460,62228.47358
9461,62470.48741
9462,62708.68973
9463,62943.00998
9464,63173.37872
9465,63399.72767
9466,63621.98978
9467,63840.09918
9468,64053.99124
9469,64263.60257
9470,64468.87107
9471,64669.73591
9472,64866.13757
9473,65058.01785
9474,65245.3199
9475,65427.98821
9476,65605.96865
9477,65779.20848
9478,65947.65638
9479,66111.26242
9480,66269.97812
9481,66423.75646
9482,66572.55186
9483,66716.32023
9484,66855.01898
9485,66988.60701
9486,67117.04472
9487,67240.29406
9488,67358.31851
9489,67471.08309
9490,67578.55439
9491,67680.70057
9492,67777.49135
9493,67868.89806
9494,67954.89361
9495,68035.45251
9496,68110.5509
9497,68180.16652
9498,68244.27875
9499,68302.86858
9500,68355.91865
9501,68403.41325
9502,68445.3383
9503,68481.68138
9504,68512.43171
9505,68537.58019
9506,68557.11937
9507,68571.04345
9508,68579.34831
9509,68582.03148
9510,68579.09218
9511,68570.53127
9512,68556.35129
9513,68536.55644
9514,68511.15259
9515,68480.14726
9516,68443.54965
9517,68401.3706
9518,68353.6226
9519,68300.3198
9520,68241.47801
9521,68177.11465
9522,68107.2488
9523,68031.90115
9524,67951.09405
9525,67864.85143
9526,67773.19885
9527,67676.16346
9528,67573.77403
9529,67466.06088
9530,67353.05594
9531,67234.7927
9532,67111.3062
9533,66982.63302
9534,66848.81131
9535,66709.8807
9536,66565.88238
9537,66416.85901
9538,66262.85475
9539,66103.91523
9540,65940.08755
9541,65771.42027
9542,65597.96334
9543,65419.76819
9544,65236.8876
9545,65049.37577
9546,64857.28827
9547,64660.68201
9548,64459.61526
9549,64254.14759
9550,64044.33988
9551,63830.25432
9552,63611.95433
9553,63389.5046
9554,63162.97105
9555,62932.42081
9556,62697.9222
9557,62459.54469
9558,62217.35893
9559,61971.43669
9560,61721.85082
9561,61468.6753
9562,61211.98515
9563,60951.85642
9564,60688.36619
9565,60421.59255
9566,60151.61455
9567,59878.51219
9568,59602.36639
9569,59323.25898
9570,59041.27266
9571,58756.491
9572,58468.99838
9573,58178.88
9574,57886.22181
9575,57591.11055
9576,57293.63365
9577,56993.87928
9578,56691.93624
9579,56387.89402
9580,56081.84271
9581,55773.873
9582,55464.07614
9583,55152.54393
9584,54839.3687
9585,54524.64324
9586,54208.4608
9587,53890.91509
9588,53572.10019
9589,53252.11059
9590,52931.04109
9591,52608.98684
9592,52286.04327
9593,51962.30607
9594,51637.87119
9595,51312.83474
9596,50987.29305
9597,50661.34259
9598,50335.07993
9599,50008.60176
9600,49682.00482
9601,49355.38589
9602,49028.84175
9603,48702.46917
9604,48376.36485
9605,48050.62543
9606,47725.34743
9607,47400.62724
9608,47076.56107
9609,46753.24497
9610,46430.77473
9611,46109.2459
9612,45788.75377
9613,45469.3933
9614,45151.25913
9615,44834.44552
9616,44519.04635
9617,44205.1551
9618,43892.86475
9619,43582.26786
9620,43273.45647
9621,42966.52207
9622,42661.55563
9623,42358.6475
9624,42057.88745
9625,41759.3646
9626,41463.1674
9627,41169.38363
9628,40878.10035
9629,40589.40386
9630,40303.37971
9631,40020.11265
9632,39739.68664
9633,39462.18475
9634,39187.68922
9635,38916.2814
9636,38648.0417
9637,38383.04961
9638,38121.38365
9639,37863.12136
9640,37608.33927
9641,37357.11287
9642,37109.51662
9643,36865.62387
9644,36625.5069
9645,36389.23686
9646,36156.88376
9647,35928.51646
9648,35704.20262
9649,35484.00871
9650,35267.99998
9651,35056.24044
9652,34848.79284
9653,34645.71865
9654,34447.07804
9655,34252.92988
9656,34063.33169
9657,33878.33966
9658,33698.00861
9659,33522.39196
9660,33351.54177
9661,33185.50865
9662,33024.34181
9663,32868.08901
9664,32716.79653
9665,32570.50922
9666,32429.27043
9667,32293.122
9668,32162.10428
9669,32036.25609
9670,31915.61473
9671,31800.21594
9672,31690.09392
9673,31585.2813
9674,31485.80913
9675,31391.7069
9676,31303.00249
9677,31219.72218
9678,31141.89065
9679,31069.53096
9680,31002.66456
9681,30941.31126
9682,30885.48924
9683,30835.21504
9684,30790.50356
9685,30751.36805
9686,30717.8201
9687,30689.86966
9688,30667.525
9689,30650.79275
9690,30639.67787
9691,30634.18365
9692,30634.31172
9693,30640.06204
9694,30651.43291
9695,30668.42095
9696,30691.02114
9697,30719.22677
9698,30753.02949
9699,30792.41928
9700,30837.38448
9701,30887.91175
9702,30943.98612
9703,31005.59098
9704,31072.70807
9705,31145.3175
9706,31223.39777
9707,31306.92573
9708,31395.87662
9709,31490.2241
9710,31589.94021
9711,31694.99539
9712,31805.35852
9713,31920.99689
9714,32041.87624
9715,32167.96075
9716,32299.21306
9717,32435.59427
9718,32577.06397
9719,32723.58024
9720,32875.09967
9721,33031.57736
9722,33192.96693
9723,33359.22057
9724,33530.28902
9725,33706.12157
9726,33886.66613
9727,34071.86919
9728,34261.67589
9729,34456.02997
9730,34654.87384
9731,34858.14858
9732,35065.79396
9733,35277.74845
9734,35493.94924
9735,35714.33226
9736,35938.83221
9737,36167.38257
9738,36399.91561
9739,36636.36243
9740,36876.65296
9741,37120.716
9742,37368.47924
9743,37619.86924
9744,37874.81152
9745,38133.23054
9746,38395.04971
9747,38660.19146
9748,38928.57722
9749,39200.12747
9750,39474.76172
9751,39752.39861
9752,40032.95587
9753,40316.35035
9754,40602.49809
9755,40891.31429
9756,41182.71337
9757,41476.60898
9758,41772.91403
9759,42071.54073
9760,42372.40058
9761,42675.40443
9762,42980.4625
9763,43287.48438
9764,43596.37911
9765,43907.05515
9766,44219.42044
9767,44533.38242
9768,44848.84805
9769,45165.72386
9770,45483.91595
9771,45803.33004
9772,46123.87146
9773,46445.44525
9774,46767.9561
9775,47091.30846
9776,47415.40651
9777,47740.1542
9778,48065.45532
9779,48391.21347
9780,48717.33211
9781,49043.71461
9782,49370.26426
9783,49696.88429
9784,50023.47792
9785,50349.94838
9786,50676.19891
9787,51002.13285
9788,51327.65362
9789,51652.66476
9790,51977.06995
9791,52300.77308
9792,52623.67821
9793,52945.68967
9794,53266.71204
9795,53586.65019
9796,53905.40932
9797,54222.89497
9798,54539.01307
9799,54853.66993
9800,55166.77233
9801,55478.22748
9802,55787.9431
9803,56095.8274
9804,56401.78915
9805,56705.7377
9806,57007.58297
9807,57307.23552
9808,57604.60656
9809,57899.60797
9810,58192.15233
9811,58482.15296
9812,58769.52392
9813,59054.18007
9814,59336.03705
9815,59615.01133
9816,59891.02026
9817,60163.98205
9818,60433.8158
9819,60700.44157
9820,60963.78035
9821,61223.75411
9822,61480.2858
9823,61733.29941
9824,61982.71998
9825,62228.47358
9826,62470.48741
9827,62708.68973
9828,62943.00998
9829,63173.37872
9830,63399.72767
9831,63621.98978
9832,63840.09918
9833,64053.99124
9834,64263.60257
9835,64468.87107
9836,64669.73591
9837,64866.13757
9838,65058.01785
9839,65245.3199
9840,65427.98821
9841,65605.96865
9842,65779.20848
9843,65947.65638
9844,66111.26242
9845,66269.97812
9846,66423.75646
9847,66572.55186
9848,66716.32023
9849,66855.01898
9850,66988.60701
9851,67117.04472
9852,67240.29406
9853,67358.31851
9854,67471.08309
9855,67578.55439
9856,67680.70057
9857,67777.49135
9858,67868.89806
9859,67954.89361
9860,68035.45251
9861,68110.5509
9862,68180.16652
9863,68244.27875
9864,68302.86858
9865,68355.91865
9866,68403.41325
9867,68445.3383
9868,68481.68138
9869,68512.43171
9870,68537.58019
9871,68557.11937
9872,68571.04345
9873,68579.34831
9874,68582.03148
9875,68579.09218
9876,68570.53127
9877,68556.35129
9878,68536.55644
9879,68511.15259
9880,68480.14726
9881,68443.54965
9882,68401.3706
9883,68353.6226
9884,68300.3198
9885,68241.47801
9886,68177.11465
9887,68107.2488
9888,68031.90115
9889,67951.09405
9890,67864.85143
9891,67773.19885
9892,67676.16346
9893,67573.77403
9894,67466.06088
9895,67353.05594
9896,67234.7927
9897,67111.3062
9898,66982.63302
9899,66848.81131
9900,66709.8807
9901,66565.88238
9902,66416.85901
9903,66262.85475
9904,66103.91523
9905,65940.08755
9906,65771.42027
9907,65597.96334
9908,65419.76819
9909,65236.8876
9910,65049.37577
9911,64857.28827
9912,64660.68201
9913,64459.61526
9914,64254.14759
9915,64044.33988
9916,63830.25432
9917,63611.95433
9918,63389.5046
9919,63162.97105
9920,62932.42081
9921,62697.9222
9922,62459.54469
9923,62217.35893
9924,61971.43669
9925,61721.85082
9926,61468.6753
9927,61211.98515
9928,60951.85642
9929,60688.36619
9930,60421.59255
9931,60151.61455
9932,59878.51219
9933,59602.36639
9934,59323.25898
9935,59041.27266
9936,58756.491
9937,58468.99838
9938,58178.88
9939,57886.22181
9940,57591.11055
9941,57293.63365
9942,56993.87928
9943,56691.93624
9944,56387.89402
9945,56081.84271
9946,55773.873
9947,55464.07614
9948,55152.54393
9949,54839.3687
9950,54524.64324
9951,54208.4608
9952,53890.91509
9953,53572.10019
9954,53252.11059
9955,52931.04109
9956,52608.98684
9957,52286.04327
9958,51962.30607
9959,51637.87119
9960,51312.83474
9961,50987.29305
9962,50661.34259
9963,50335.07993
9964,50008.60176
9965,49682.00482
9966,49355.38589
9967,49028.84175
9968,48702.46917
9969,48376.36485
9970,48050.62543
9971,47725.34743
9972,47400.62724
9973,47076.56107
9974,46753.24497
9975,46430.77473
9976,46109.2459
9977,45788.75377
9978,45469.3933
9979,45151.25913
9980,44834.44552
9981,44519.04635
9982,44205.1551
9983,43892.86475
9984,43582.26786
9985,43273.45647
9986,42966.52207
9987,42661.55563
9988,42358.6475
9989,42057.88745
9990,41759.3646
9991,41463.1674
9992,41169.38363
9993,40878.10035
9994,40589.40386
9995,40303.37971
9996,40020.11265
9997,39739.68664
9998,39462.18475
9999,39187.68922
10000,38916.2814
10001,38648.0417
10002,38383.04961
10003,38121.38365
10004,37863.12136
10005,37608.33927
10006,37357.11287
10007,37109.51662
10008,36865.62387
10009,36625.5069
10010,36389.23686
10011,36156.88376
10012,35928.51646
10013,35704.20262
10014,35484.00871
10015,35267.99998
10016,35056.24044
10017,34848.79284
10018,34645.71865
10019,34447.07804
10020,34252.92988
10021,34063.33169
10022,33878.33966
10023,33698.00861
10024,33522.39196
10025,33351.54177
10026,33185.50865
10027,33024.34181
10028,32868.08901
10029,32716.79653
10030,32570.50922
10031,32429.27043
10032,32293.122
10033,32162.10428
10034,32036.25609
10035,31915.61473
10036,31800.21594
10037,31690.09392
10038,31585.2813
10039,31485.80913
10040,31391.7069
10041,31303.00249
10042,31219.72218
10043,31141.89065
10044,31069.53096
10045,31002.66456
10046,30941.31126
10047,30885.48924
10048,30835.21504
10049,30790.50356
10050,30751.36805
10051,30717.8201
10052,30689.86966
10053,30667.525
10054,30650.79275
10055,30639.67787
10056,30634.18365
10057,30634.31172
10058,30640.06204
10059,30651.43291
10060,30668.42095
10061,30691.02114
10062,30719.22677
10063,30753.02949
10064,30792.41928
10065,30837.38448
10066,30887.91175
10067,30943.98612
10068,31005.59098
10069,31072.70807
10070,31145.3175
10071,31223.39777
10072,31306.92573
10073,31395.87662
10074,31490.2241
10075,31589.94021
10076,31694.99539
10077,31805.35852
10078,31920.99689
10079,32041.87624
10080,32167.96075
10081,32299.21306
10082,32435.59427
10083,32577.06397
10084,32723.58024
10085,32875.09967
10086,33031.57736
10087,33192.96693
10088,33359.22057
10089,33530.28902
10090,33706.12157
10091,33886.66613
10092,34071.86919
10093,34261.67589
10094,34456.02997
10095,34654.87384
10096,34858.14858
10097,35065.79396
10098,35277.74845
10099,35493.94924
10100,35714.33226
10101,35938.83221
10102,36167.38257
10103,36399.91561
10104,36636.36243
10105,36876.65296
10106,37120.716
10107,37368.47924
10108,37619.86924
10109,37874.81152
10110,38133.23054
10111,38395.04971
10112,38660.19146
10113,38928.57722
10114,39200.12747
10115,39474.76172
10116,39752.39861
10117,40032.95587
10118,40316.35035
10119,40602.49809
10120,40891.31429
10121,41182.71337
10122,41476.60898
10123,41772.91403
10124,42071.54073
10125,42372.40058
10126,42675.40443
10127,42980.4625
10128,43287.48438
10129,43596.37911
10130,43907.05515
10131,44219.42044
10132,44533.38242
10133,44848.84805
10134,45165.72386
10135,45483.91595
10136,45803.33004
10137,46123.87146
10138,46445.44525
10139,46767.9561
10140,47091.30846
10141,47415.40651
10142,47740.1542
10143,48065.45532
10144,48391.21347
10145,48717.33211
10146,49043.71461
10147,49370.26426
10148,49696.88429
10149,50023.47792
10150,50349.94838
10151,50676.19891
10152,51002.13285
10153,51327.65362
10154,51652.66476
10155,51977.06995
10156,52300.77308
10157,52623.67821
10158,52945.68967
10159,53266.71204
10160,53586.65019
10161,53905.40932
10162,54222.89497
10163,54539.01307
10164,54853.66993
10165,55166.77233
10166,55478.22748
10167,55787.9431
10168,56095.8274
10169,56401.78915
10170,56705.7377
10171,57007.58297
10172,57307.23552
10173,57604.60656
10174,57899.60797
10175,58192.15233
10176,58482.15296
10177,58769.52392
10178,59054.18007
10179,59336.03705
10180,59615.01133
10181,59891.02026
10182,60163.98205
10183,60433.8158
10184,60700.44157
10185,60963.78035
10186,61223.75411
10187,61480.2858
10188,61733.29941
10189,61982.71998
10190,62228.47358
10191,62470.48741
10192,62708.68973
10193,62943.00998
10194,63173.37872
10195,63399.72767
10196,63621.98978
10197,63840.09918
10198,64053.99124
10199,64263.60257
10200,64468.87107
10201,64669.73591
10202,64866.13757
10203,65058.01785
10204,65245.3199
10205,65427.98821
10206,65605.96865
10207,65779.20848
10208,65947.65638
10209,66111.26242
10210,66269.97812
10211,66423.75646
10212,66572.55186
10213,66716.32023
10214,66855.01898
10215,66988.60701
10216,67117.04472
10217,67240.29406
10218,67358.31851
10219,67471.08309
10220,67578.55439
10221,67680.70057
10222,67777.49135
10223,67868.89806
10224,67954.89361
10225,68035.45251
10226,68110.5509
10227,68180.16652
10228,68244.27875
10229,68302.86858
10230,68355.91865
10231,68403.41325
10232,68445.3383
10233,68481.68138
10234,68512.43171
10235,68537.58019
10236,68557.11937
10237,68571.04345
10238,68579.34831
10239,68582.03148
10240,68579.09218
10241,68570.53127
10242,68556.35129
10243,68536.55644
10244,68511.15259
10245,68480.14726
10246,68443.54965
10247,68401.3706
10248,68353.6226
10249,68300.3198
10250,68241.47801
10251,68177.11465
10252,68107.2488
10253,68031.90115
10254,67951.09405
10255,67864.85143
10256,67773.19885
10257,67676.16346
10258,67573.77403
10259,67466.06088
10260,67353.05594
10261,67234.7927
10262,67111.3062
10263,66982.63302
10264,66848.81131
10265,66709.8807
10266,66565.88238
10267,66416.85901
10268,66262.85475
10269,66103.91523
10270,65940.08755
10271,65771.42027
10272,65597.96334
10273,65419.76819
10274,65236.8876
10275,65049.37577
10276,64857.28827
10277,64660.68201
10278,64459.61526
10279,64254.14759
10280,64044.33988
10281,63830.25432
10282,63611.95433
10283,63389.5046
10284,63162.97105
10285,62932.42081
10286,62697.9222
10287,62459.54469
10288,62217.35893
10289,61971.43669
10290,61721.85082
10291,61468.6753
10292,61211.98515
10293,60951.85642
10294,60688.36619
10295,60421.59255
10296,60151.61455
10297,59878.51219
10298,59602.36639
10299,59323.25898
10300,59041.27266
10301,58756.491
10302,58468.99838
10303,58178.88
10304,57886.22181
10305,57591.11055
10306,57293.63365
10307,56993.87928
10308,56691.93624
10309,56387.89402
10310,56081.84271
10311,55773.873
10312,55464.07614
10313,55152.54393
10314,54839.3687
10315,54524.64324
10316,54208.4608
10317,53890.91509
10318,53572.10019
10319,53252.11059
10320,52931.04109
10321,52608.98684
10322,52286.04327
10323,51962.30607
10324,51637.87119
10325,51312.83474
10326,50987.29305
10327,50661.34259
10328,50335.07993
10329,50008.60176
10330,49682.00482
10331,49355.38589
10332,49028.84175
10333,48702.46917
10334,48376.36485
10335,48050.62543
10336,47725.34743
10337,47400.62724
10338,47076.56107
10339,46753.24497
10340,46430.77473
10341,46109.2459
10342,45788.75377
10343,45469.3933
10344,45151.25913
10345,44834.44552
10346,44519.04635
10347,44205.1551
10348,43892.86475
10349,43582.26786
10350,43273.45647
10351,42966.52207
10352,42661.55563
10353,42358.6475
10354,42057.88745
10355,41759.3646
10356,41463.1674
10357,41169.38363
10358,40878.10035
10359,40589.40386
10360,40303.37971
10361,40020.11265
10362,39739.68664
10363,39462.18475
10364,39187.68922
10365,38916.2814
10366,38648.0417
10367,38383.04961
10368,38121.38365
10369,37863.12136
10370,37608.33927
10371,37357.11287
10372,37109.51662
10373,36865.62387
10374,36625.5069
10375,36389.23686
10376,36156.88376
10377,35928.51646
10378,35704.20262
10379,35484.00871
10380,35267.99998
10381,35056.24044
10382,34848.79284
10383,34645.71865
10384,34447.07804
10385,34252.92988
10386,34063.33169
10387,33878.33966
10388,33698.00861
10389,33522.39196
10390,33351.54177
10391,33185.50865
10392,33024.34181
10393,32868.08901
10394,32716.79653
10395,32570.50922
10396,32429.27043
10397,32293.122
10398,32162.10428
10399,32036.25609
10400,31915.61473
10401,31800.21594
10402,31690.09392
10403,31585.2813
10404,31485.80913
10405,31391.7069
10406,31303.00249
10407,31219.72218
10408,31141.89065
10409,31069.53096
10410,31002.66456
10411,30941.31126
10412,30885.48924
10413,30835.21504
10414,30790.50356
10415,30751.36805
10416,30717.8201
10417,30689.86966
10418,30667.525
10419,30650.79275
10420,30639.67787
10421,30634.18365
10422,30634.31172
10423,30640.06204
10424,30651.43291
10425,30668.42095
10426,30691.02114
10427,30719.22677
10428,30753.02949
10429,30792.41928
10430,30837.38448
10431,30887.91175
10432,30943.98612
10433,31005.59098
10434,31072.70807
10435,31145.3175
10436,31223.39777
10437,31306.92573
10438,31395.87662
10439,31490.2241
10440,31589.94021
10441,31694.99539
10442,31805.35852
10443,31920.99689
10444,32041.87624
10445,32167.96075
10446,32299.21306
10447,32435.59427
10448,32577.06397
10449,32723.58024
10450,32875.09967
10451,33031.57736
10452,33192.96693
10453,33359.22057
10454,33530.28902
10455,33706.12157
10456,33886.66613
10457,34071.86919
10458,34261.67589
10459,34456.02997
10460,34654.87384
10461,34858.14858
10462,35065.79396
10463,35277.74845
10464,35493.94924
10465,35714.33226
10466,35938.83221
10467,36167.38257
10468,36399.91561
10469,36636.36243
10470,36876.65296
10471,37120.716
10472,37368.47924
10473,37619.86924
10474,37874.81152
10475,38133.23054
10476,38395.04971
10477,38660.19146
10478,38928.57722
10479,39200.12747
10480,39474.76172
10481,39752.39861
10482,40032.95587
10483,40316.35035
10484,40602.49809
10485,40891.31429
10486,41182.71337
10487,41476.60898
10488,41772.91403
10489,42071.54073
10490,42372.40058
10491,42675.40443
10492,42980.4625
10493,43287.48438
10494,43596.37911
10495,43907.05515
10496,44219.42044
10497,44533.38242
10498,44848.84805
10499,45165.72386
10500,45483.91595
10501,45803.33004
10502,46123.87146
10503,46445.44525
10504,46767.9561
10505,47091.30846
10506,47415.40651
10507,47740.1542
10508,48065.45532
10509,48391.21347
10510,48717.33211
10511,49043.71461
10512,49370.26426
10513,49696.88429
10514,50023.47792
10515,50349.94838
10516,50676.19891
10517,51002.13285
10518,51327.65362
10519,51652.66476
10520,51977.06995
10521,52300.77308
10522,52623.67821
10523,52945.68967
10524,53266.71204
10525,53586.65019
10526,53905.40932
10527,54222.89497
10528,54539.01307
10529,54853.66993
10530,55166.77233
10531,55478.22748
10532,55787.9431
10533,56095.8274
10534,56401.78915
10535,56705.7377
10536,57007.58297
10537,57307.23552
10538,57604.60656
10539,57899.60797
10540,58192.15233
10541,58482.15296
10542,58769.52392
10543,59054.18007
10544,59336.03705
10545,59615.01133
10546,59891.02026
10547,60163.98205
10548,60433.8158
10549,60700.44157
10550,60963.78035
10551,61223.75411
10552,61480.2858
10553,61733.29941
10554,61982.71998
10555,62228.47358
10556,62470.48741
10557,62708.68973
10558,62943.00998
10559,63173.37872
10560,63399.72767
10561,63621.98978
10562,63840.09918
10563,64053.99124
10564,64263.60257
10565,64468.87107
10566,64669.73591
10567,64866.13757
10568,65058.01785
10569,65245.3199
10570,65427.98821
10571,65605.96865
10572,65779.20848
10573,65947.65638
10574,66111.26242
10575,66269.97812
10576,66423.75646
10577,66572.55186
10578,66716.32023
10579,66855.01898
10580,66988.60701
10581,67117.04472
10582,67240.29406
10583,67358.31851
10584,67471.08309
10585,67578.55439
10586,67680.70057
10587,67777.49135
10588,67868.89806
10589,67954.89361
10590,68035.45251
10591,68110.5509
10592,68180.16652
10593,68244.27875
10594,68302.86858
10595,68355.91865
10596,68403.41325
10597,68445.3383
10598,68481.68138
10599,68512.43171
10600,68537.58019
10601,68557.11937
10602,68571.04345
10603,68579.34831
10604,68582.03148
10605,68579.09218
10606,68570.53127
10607,68556.35129
10608,68536.55644
10609,68511.15259
10610,68480.14726
10611,68443.54965
10612,68401.3706
10613,68353.6226
10614,68300.3198
10615,68241.47801
10616,68177.11465
10617,68107.2488
10618,68031.90115
10619,67951.09405
10620,67864.85143
10621,67773.19885
10622,67676.16346
10623,67573.77403
10624,67466.06088
10625,67353.05594
10626,67234.7927
10627,67111.3062
10628,66982.63302
10629,66848.81131
10630,66709.8807
10631,66565.88238
10632,66416.85901
10633,66262.85475
10634,66103.91523
10635,65940.08755
10636,65771.42027
10637,65597.96334
10638,65419.76819
10639,65236.8876
10640,65049.37577
10641,64857.28827
10642,64660.68201
10643,64459.61526
10644,64254.14759
10645,64044.33988
10646,63830.25432
10647,63611.95433
10648,63389.5046
10649,63162.97105
10650,62932.42081
10651,62697.9222
10652,62459.54469
10653,62217.35893
10654,61971.43669
10655,61721.85082
10656,61468.6753
10657,61211.98515
10658,60951.85642
10659,60688.36619
10660,60421.59255
10661,60151.61455
10662,59878.51219
10663,59602.36639
10664,59323.25898
10665,59041.27266
10666,58756.491
10667,58468.99838
10668,58178.88
10669,57886.22181
10670,57591.11055
10671,57293.63365
10672,56993.87928
10673,56691.93624
10674,56387.89402
10675,56081.84271
10676,55773.873
10677,55464.07614
10678,55152.54393
10679,54839.3687
10680,54524.64324
10681,54208.4608
10682,53890.91509
10683,53572.10019
10684,53252.11059
10685,52931.04109
10686,52608.98684
10687,52286.04327
10688,51962.30607
10689,51637.87119
10690,51312.83474
10691,50987.29305
10692,50661.34259
10693,50335.07993
10694,50008.60176
10695,49682.00482
10696,49355.38589
10697,49028.84175
10698,48702.46917
10699,48376.36485
10700,48050.62543
10701,47725.34743
10702,47400.62724
10703,47076.56107
10704,46753.24497
10705,46430.77473
10706,46109.2459
10707,45788.75377
10708,45469.3933
10709,45151.25913
10710,44834.44552
10711,44519.04635
10712,44205.1551
10713,43892.86475
10714,43582.26786
10715,43273.45647
10716,42966.52207
10717,42661.55563
10718,42358.6475
10719,42057.88745
10720,41759.3646
10721,41463.1674
10722,41169.38363
10723,40878.10035
10724,40589.40386
10725,40303.37971
10726,40020.11265
10727,39739.68664
10728,39462.18475
10729,39187.68922
10730,38916.2814
10731,38648.0417
10732,38383.04961
10733,38121.38365
10734,37863.12136
10735,37608.33927
10736,37357.11287
10737,37109.51662
10738,36865.62387
10739,36625.5069
10740,36389.23686
10741,36156.88376
10742,35928.51646
10743,35704.20262
10744,35484.00871
10745,35267.99998
10746,35056.24044
10747,34848.79284
10748,34645.71865
10749,34447.07804
10750,34252.92988
10751,34063.33169
10752,33878.33966
10753,33698.00861
10754,33522.39196
10755,33351.54177
10756,33185.50865
10757,33024.34181
10758,32868.08901
10759,32716.79653
10760,32570.50922
10761,32429.27043
10762,32293.122
10763,32162.10428
10764,32036.25609
10765,31915.61473
10766,31800.21594
10767,31690.09392
10768,31585.2813
10769,31485.80913
10770,31391.7069
10771,31303.00249
10772,31219.72218
10773,31141.89065
10774,31069.53096
10775,31002.66456
10776,30941.31126
10777,30885.48924
10778,30835.21504
10779,30790.50356
10780,30751.36805
10781,30717.8201
10782,30689.86966
10783,30667.525
10784,30650.79275
10785,30639.67787
10786,30634.18365
10787,30634.31172
10788,30640.06204
10789,30651.43291
10790,30668.42095
10791,30691.02114
10792,30719.22677
10793,30753.02949
10794,30792.41928
10795,30837.38448
10796,30887.91175
10797,30943.98612
10798,31005.59098
10799,31072.70807
10800,31145.3175
10801,31223.39777
10802,31306.92573
10803,31395.87662
10804,31490.2241
10805,31589.94021
10806,31694.99539
10807,31805.35852
10808,31920.99689
10809,32041.87624
10810,32167.96075
10811,32299.21306
10812,32435.59427
10813,32577.06397
10814,32723.58024
10815,32875.09967
10816,33031.57736
10817,33192.96693
10818,33359.22057
10819,33530.28902
10820,33706.12157
10821,33886.66613
10822,34071.86919
10823,34261.67589
10824,34456.02997
10825,34654.87384
10826,34858.14858
10827,35065.79396
10828,35277.74845
10829,35493.94924
10830,35714.33226
10831,35938.83221
10832,36167.38257
10833,36399.91561
10834,36636.36243
10835,36876.65296
10836,37120.716
10837,37368.47924
10838,37619.86924
10839,37874.81152
10840,38133.23054
10841,38395.04971
10842,38660.19146
10843,38928.57722
10844,39200.12747
10845,39474.76172
10846,39752.39861
10847,40032.95587
10848,40316.35035
10849,40602.49809
10850,40891.31429
10851,41182.71337
10852,41476.60898
10853,41772.91403
10854,42071.54073
10855,42372.40058
10856,42675.40443
10857,42980.4625
10858,43287.48438
10859,43596.37911
10860,43907.05515
10861,44219.42044
10862,44533.38242
10863,44848.84805
10864,45165.72386
10865,45483.91595
10866,45803.33004
10867,46123.87146
10868,46445.44525
10869,46767.9561
10870,47091.30846
10871,47415.40651
10872,47740.1542
10873,48065.45532
10874,48391.21347
10875,48717.33211
10876,49043.71461
10877,49370.26426
10878,49696.88429
10879,50023.47792
10880,50349.94838
10881,50676.19891
10882,51002.13285
10883,51327.65362
10884,51652.66476
10885,51977.06995
10886,52300.77308
10887,52623.67821
10888,52945.68967
10889,53266.71204
10890,53586.65019
10891,53905.40932
10892,54222.89497
10893,54539.01307
10894,54853.66993
10895,55166.77233
10896,55478.22748
10897,55787.9431
10898,56095.8274
10899,56401.78915
10900,56705.7377
10901,57007.58297
10902,57307.23552
10903,57604.60656
10904,57899.60797
10905,58192.15233
10906,58482.15296
10907,58769.52392
10908,59054.18007
10909,59336.03705
10910,59615.01133
10911,59891.02026
10912,60163.98205
10913,60433.8158
10914,60700.44157
10915,60963.78035
10916,61223.75411
10917,61480.2858
10918,61733.29941
10919,61982.71998
10920,62228.47358
10921,62470.48741
10922,62708.68973
10923,62943.00998
10924,63173.37872
10925,63399.72767
10926,63621.98978
10927,63840.09918
10928,64053.99124
10929,64263.60257
10930,64468.87107
10931,64669.73591
10932,64866.13757
10933,65058.01785
10934,65245.3199
10935,65427.98821
10936,65605.96865
10937,65779.20848
10938,65947.65638
10939,66111.26242
10940,66269.97812
10941,66423.75646
10942,66572.55186
10943,66716.32023
10944,66855.01898
10945,66988.60701
10946,67117.04472
10947,67240.29406
10948,67358.31851
10949,67471.08309
10950,67578.55439
10951,67680.70057
10952,67777.49135
10953,67868.89806
10954,67954.89361
10955,68035.45251
10956,68110.5509
10957,68180.16652
10958,68244.27875
10959,68302.86858
10960,68355.91865
10961,68403.41325
10962,68445.3383
10963,68481.68138
10964,68512.43171
10965,68537.58019
10966,68557.11937
10967,68571.04345
10968,68579.34831
10969,68582.03148
10970,68579.09218
10971,68570.53127
10972,68556.35129
10973,68536.55644
10974,68511.15259
10975,68480.14726
10976,68443.54965
10977,68401.3706
10978,68353.6226
10979,68300.3198
10980,68241.47801
10981,68177.11465
10982,68107.2488
10983,68031.90115
10984,67951.09405
10985,67864.85143
10986,67773.19885
10987,67676.16346
10988,67573.77403
10989,67466.06088
10990,67353.05594
10991,67234.7927
10992,67111.3062
10993,66982.63302
10994,66848.81131
10995,66709.8807
10996,66565.88238
10997,66416.85901
10998,66262.85475
10999,66103.91523
11000,65940.08755
11001,65771.42027
11002,65597.96334
11003,65419.76819
11004,65236.8876
11005,65049.37577
11006,64857.28827
11007,64660.68201
11008,64459.61526
11009,64254.14759
11010,64044.33988
11011,63830.25432
11012,63611.95433
11013,63389.5046
11014,63162.97105
11015,62932.42081
11016,62697.9222
11017,62459.54469
11018,62217.35893
11019,61971.43669
11020,61721.85082
11021,61468.6753
11022,61211.98515
11023,60951.85642
11024,60688.36619
11025,60421.59255
11026,60151.61455
11027,59878.51219
11028,59602.36639
11029,59323.25898
11030,59041.27266
11031,58756.491
11032,58468.99838
11033,58178.88
11034,57886.22181
11035,57591.11055
11036,57293.63365
11037,56993.87928
11038,56691.93624
11039,56387.89402
11040,56081.84271
11041,55773.873
11042,55464.07614
11043,55152.54393
11044,54839.3687
11045,54524.64324
11046,54208.4608
11047,53890.91509
11048,53572.10019
11049,53252.11059
11050,52931.04109
11051,52608.98684
11052,52286.04327
11053,51962.30607
11054,51637.87119
11055,51312.83474
11056,50987.29305
11057,50661.34259
11058,50335.07993
11059,50008.60176
11060,49682.00482
11061,49355.38589
11062,49028.84175
11063,48702.46917
11064,48376.36485
11065,48050.62543
11066,47725.34743
11067,47400.62724
11068,47076.56107
11069,46753.24497
11070,46430.77473
11071,46109.2459
11072,45788.75377
11073,45469.3933
11074,45151.25913
11075,44834.44552
11076,44519.04635
11077,44205.1551
11078,43892.86475
11079,43582.26786
11080,43273.45647
11081,42966.52207
11082,42661.55563
11083,42358.6475
11084,42057.88745
11085,41759.3646
11086,41463.1674
11087,41169.38363
11088,40878.10035
11089,40589.40386
11090,40303.37971
11091,40020.11265
11092,39739.68664
11093,39462.18475
11094,39187.68922
11095,38916.2814
11096,38648.0417
11097,38383.04961
11098,38121.38365
11099,37863.12136
11100,37608.33927
11101,37357.11287
11102,37109.51662
11103,36865.62387
11104,36625.5069
11105,36389.23686
11106,36156.88376
11107,35928.51646
11108,35704.20262
11109,35484.00871
11110,35267.99998
11111,35056.24044
11112,34848.79284
11113,34645.71865
11114,34447.07804
11115,34252.92988
11116,34063.33169
11117,33878.33966
11118,33698.00861
11119,33522.39196
11120,33351.54177
11121,33185.50865
11122,33024.34181
11123,32868.08901
11124,32716.79653
11125,32570.50922
11126,32429.27043
11127,32293.122
11128,32162.10428
11129,32036.25609
11130,31915.61473
11131,31800.21594
11132,31690.09392
11133,31585.2813
11134,31485.80913
11135,31391.7069
11136,31303.00249
11137,31219.72218
11138,31141.89065
11139,31069.53096
11140,31002.66456
11141,30941.31126
11142,30885.48924
11143,30835.21504
11144,30790.50356
11145,30751.36805
11146,30717.8201
11147,30689.86966
11148,30667.525
11149,30650.79275
11150,30639.67787
11151,30634.18365
11152,30634.31172
11153,30640.06204
11154,30651.43291
11155,30668.42095
11156,30691.02114
11157,30719.22677
11158,30753.02949
11159,30792.41928
11160,30837.38448
11161,30887.91175
11162,30943.98612
11163,31005.59098
11164,31072.70807
11165,31145.3175
11166,31223.39777
11167,31306.92573
11168,31395.87662
11169,31490.2241
11170,31589.94021
11171,31694.99539
11172,31805.35852
11173,31920.99689
11174,32041.87624
11175,32167.96075
11176,32299.21306
11177,32435.59427
11178,32577.06397
11179,32723.58024
11180,32875.09967
11181,33031.57736
11182,33192.96693
11183,33359.22057
11184,33530.28902
11185,33706.12157
11186,33886.66613
11187,34071.86919
11188,34261.67589
11189,34456.02997
11190,34654.87384
11191,34858.14858
11192,35065.79396
11193,35277.74845
11194,35493.94924
11195,35714.33226
11196,35938.83221
11197,36167.38257
11198,36399.91561
11199,36636.36243
11200,36876.65296
11201,37120.716
11202,37368.47924
11203,37619.86924
11204,37874.81152
11205,38133.23054
11206,38395.04971
11207,38660.19146
11208,38928.57722
11209,39200.12747
11210,39474.76172
11211,39752.39861
11212,40032.95587
11213,40316.35035
11214,40602.49809
11215,40891.31429
11216,41182.71337
11217,41476.60898
11218,41772.91403
11219,42071.54073
11220,42372.40058
11221,42675.40443
11222,42980.4625
11223,43287.48438
11224,43596.37911
11225,43907.05515
11226,44219.42044
11227,44533.38242
11228,44848.84805
11229,45165.72386
11230,45483.91595
11231,45803.33004
11232,46123.87146
11233,46445.44525
11234,46767.9561
11235,47091.30846
11236,47415.40651
11237,47740.1542
11238,48065.45532
11239,48391.21347
11240,48717.33211
11241,49043.71461
11242,49370.26426
11243,49696.88429
11244,50023.47792
11245,50349.94838
11246,50676.19891
11247,51002.13285
11248,51327.65362
11249,51652.66476
11250,51977.06995
11251,52300.77308
11252,52623.67821
11253,52945.68967
11254,53266.71204
11255,53586.65019
11256,53905.40932
11257,54222.89497
11258,54539.01307
11259,54853.66993
11260,55166.77233
11261,55478.22748
11262,55787.9431
11263,56095.8274
11264,56401.78915
11265,56705.7377
11266,57007.58297
11267,57307.23552
11268,57604.60656
11269,57899.60797
11270,58192.15233
11271,58482.15296
11272,58769.52392
11273,59054.18007
11274,59336.03705
11275,59615.01133
11276,59891.02026
11277,60163.98205
11278,60433.8158
11279,60700.44157
11280,60963.78035
11281,61223.75411
11282,61480.2858
11283,61733.29941
11284,61982.71998
11285,62228.47358
11286,62470.48741
11287,62708.68973
11288,62943.00998
11289,63173.37872
11290,63399.72767
11291,63621.98978
11292,63840.09918
11293,64053.99124
11294,64263.60257
11295,64468.87107
11296,64669.73591
11297,64866.13757
11298,65058.01785
11299,65245.3199
11300,65427.98821
11301,65605.96865
11302,65779.20848
11303,65947.65638
11304,66111.26242
11305,66269.97812
11306,66423.75646
11307,66572.55186
11308,66716.32023
11309,66855.01898
11310,66988.60701
11311,67117.04472
11312,67240.29406
11313,67358.31851
11314,67471.08309
11315,67578.55439
11316,67680.70057
11317,67777.49135
11318,67868.89806
11319,67954.89361
11320,68035.45251
11321,68110.5509
11322,68180.16652
11323,68244.27875
11324,68302.86858
11325,68355.91865
11326,68403.41325
11327,68445.3383
11328,68481.68138
11329,68512.43171
11330,68537.58019
11331,68557.11937
11332,68571.04345
11333,68579.34831
11334,68582.03148
11335,68579.09218
11336,68570.53127
11337,68556.35129
11338,68536.55644
11339,68511.15259
11340,68480.14726
11341,68443.54965
11342,68401.3706
11343,68353.6226
11344,68300.3198
11345,68241.47801
11346,68177.11465
11347,68107.2488
11348,68031.90115
11349,67951.09405
11350,67864.85143
11351,67773.19885
11352,67676.16346
11353,67573.77403
11354,67466.06088
11355,67353.05594
11356,67234.7927
11357,67111.3062
11358,66982.63302
11359,66848.81131
11360,66709.8807
11361,66565.88238
11362,66416.85901
11363,66262.85475
11364,66103.91523
11365,65940.08755
11366,65771.42027
11367,65597.96334
11368,65419.76819
11369,65236.8876
11370,65049.37577
11371,64857.28827
11372,64660.68201
11373,64459.61526
11374,64254.14759
11375,64044.33988
11376,63830.25432
11377,63611.95433
11378,63389.5046
11379,63162.97105
11380,62932.42081
11381,62697.9222
11382,62459.54469
11383,62217.35893
11384,61971.43669
11385,61721.85082
11386,61468.6753
11387,61211.98515
11388,60951.85642
11389,60688.36619
11390,60421.59255
11391,60151.61455
11392,59878.51219
11393,59602.36639
11394,59323.25898
11395,59041.27266
11396,58756.491
11397,58468.99838
11398,58178.88
11399,57886.22181
11400,57591.11055
11401,57293.63365
11402,56993.87928
11403,56691.93624
11404,56387.89402
11405,56081.84271
11406,55773.873
11407,55464.07614
11408,55152.54393
11409,54839.3687
11410,54524.64324
11411,54208.4608
11412,53890.91509
11413,53572.10019
11414,53252.11059
11415,52931.04109
11416,52608.98684
11417,52286.04327
11418,51962.30607
11419,51637.87119
11420,51312.83474
11421,50987.29305
11422,50661.34259
11423,50335.07993
11424,50008.60176
11425,49682.00482
11426,49355.38589
11427,49028.84175
11428,48702.46917
11429,48376.36485
11430,48050.62543
11431,47725.34743
11432,47400.62724
11433,47076.56107
11434,46753.24497
11435,46430.77473
11436,46109.2459
11437,45788.75377
11438,45469.3933
11439,45151.25913
11440,44834.44552
11441,44519.04635
11442,44205.1551
11443,43892.86475
11444,43582.26786
11445,43273.45647
11446,42966.52207
11447,42661.55563
11448,42358.6475
11449,42057.88745
11450,41759.3646
11451,41463.1674
11452,41169.38363
11453,40878.10035
11454,40589.40386
11455,40303.37971
11456,40020.11265
11457,39739.68664
11458,39462.18475
11459,39187.68922
11460,38916.2814
11461,38648.0417
11462,38383.04961
11463,38121.38365
11464,37863.12136
11465,37608.33927
11466,37357.11287
11467,37109.51662
11468,36865.62387
11469,36625.5069
11470,36389.23686
11471,36156.88376
11472,35928.51646
11473,35704.20262
11474,35484.00871
11475,35267.99998
11476,35056.24044
11477,34848.79284
11478,34645.71865
11479,34447.07804
11480,34252.92988
11481,34063.33169
11482,33878.33966
11483,33698.00861
11484,33522.39196
11485,33351.54177
11486,33185.50865
11487,33024.34181
11488,32868.08901
11489,32716.79653
11490,32570.50922
11491,32429.27043
11492,32293.122
11493,32162.10428
11494,32036.25609
11495,31915.61473
11496,31800.21594
11497,31690.09392
11498,31585.2813
11499,31485.80913
11500,31391.7069
11501,31303.00249
11502,31219.72218
11503,31141.89065
11504,31069.53096
11505,31002.66456
11506,30941.31126
11507,30885.48924
11508,30835.21504
11509,30790.50356
11510,30751.36805
11511,30717.8201
11512,30689.86966
11513,30667.525
11514,30650.79275
11515,30639.67787
11516,30634.18365
11517,30634.31172
11518,30640.06204
11519,30651.43291
11520,30668.42095
11521,30691.02114
11522,30719.22677
11523,30753.02949
11524,30792.41928
11525,30837.38448
11526,30887.91175
11527,30943.98612
11528,31005.59098
11529,31072.70807
11530,31145.3175
11531,31223.39777
11532,31306.92573
11533,31395.87662
11534,31490.2241
11535,31589.94021
11536,31694.99539
11537,31805.35852
11538,31920.99689
11539,32041.87624
11540,32167.96075
11541,32299.21306
11542,32435.59427
11543,32577.06397
11544,32723.58024
11545,32875.09967
11546,33031.57736
11547,33192.96693
11548,33359.22057
11549,33530.28902
11550,33706.12157
11551,33886.66613
11552,34071.86919
11553,34261.67589
11554,34456.02997
11555,34654.87384
11556,34858.14858
11557,35065.79396
11558,35277.74845
11559,35493.94924
11560,35714.33226
11561,35938.83221
11562,36167.38257
11563,36399.91561
11564,36636.36243
11565,36876.65296
11566,37120.716
11567,37368.47924
11568,37619.86924
11569,37874.81152
11570,38133.23054
11571,38395.04971
11572,38660.19146
11573,38928.57722
11574,39200.12747
11575,39474.76172
11576,39752.39861
11577,40032.95587
11578,40316.35035
11579,40602.49809
11580,40891.31429
11581,41182.71337
11582,41476.60898
11583,41772.91403
11584,42071.54073
11585,42372.40058
11586,42675.40443
11587,42980.4625
11588,43287.48438
11589,43596.37911
11590,43907.05515
11591,44219.42044
11592,44533.38242
11593,44848.84805
11594,45165.72386
11595,45483.91595
11596,45803.33004
11597,46123.87146
11598,46445.44525
11599,46767.9561
11600,47091.30846
11601,47415.40651
11602,47740.1542
11603,48065.45532
11604,48391.21347
11605,48717.33211
11606,49043.71461
11607,49370.26426
11608,49696.88429
11609,50023.47792
11610,50349.94838
11611,50676.19891
11612,51002.13285
11613,51327.65362
11614,51652.66476
11615,51977.06995
11616,52300.77308
11617,52623.67821
11618,52945.68967
11619,53266.71204
11620,53586.65019
11621,53905.40932
11622,54222.89497
11623,54539.01307
11624,54853.66993
11625,55166.77233
11626,55478.22748
11627,55787.9431
11628,56095.8274
11629,56401.78915
11630,56705.7377
11631,57007.58297
11632,57307.23552
11633,57604.60656
11634,57899.60797
11635,58192.15233
11636,58482.15296
11637,58769.52392
11638,59054.18007
11639,59336.03705
11640,59615.01133
11641,59891.02026
11642,60163.98205
11643,60433.8158
11644,60700.44157
11645,60963.78035
11646,61223.75411
11647,61480.2858
11648,61733.29941
11649,61982.71998
11650,62228.47358
11651,62470.48741
11652,62708.68973
11653,62943.00998
11654,63173.37872
11655,63399.72767
11656,63621.98978
11657,63840.09918
11658,64053.99124
11659,64263.60257
11660,64468.87107
11661,64669.73591
11662,64866.13757
11663,65058.01785
11664,65245.3199
11665,65427.98821
11666,65605.96865
11667,65779.20848
11668,65947.65638
11669,66111.26242
11670,66269.97812
11671,66423.75646
11672,66572.55186
11673,66716.32023
11674,66855.01898
11675,66988.60701
11676,67117.04472
11677,67240.29406
11678,67358.31851
11679,67471.08309
11680,67578.55439
11681,67680.70057
11682,67777.49135
11683,67868.89806
11684,67954.89361
11685,68035.45251
11686,68110.5509
11687,68180.16652
11688,68244.27875
11689,68302.86858
11690,68355.91865
11691,68403.41325
11692,68445.3383
11693,68481.68138
11694,68512.43171
11695,68537.58019
11696,68557.11937
11697,68571.04345
11698,68579.34831
11699,68582.03148
11700,68579.09218
11701,68570.53127
11702,68556.35129
11703,68536.55644
11704,68511.15259
11705,68480.14726
11706,68443.54965
11707,68401.3706
11708,68353.6226
11709,68300.3198
11710,68241.47801
11711,68177.11465
11712,68107.2488
11713,68031.90115
11714,67951.09405
11715,67864.85143
11716,67773.19885
11717,67676.16346
11718,67573.77403
11719,67466.06088
11720,67353.05594
11721,67234.7927
11722,67111.3062
11723,66982.63302
11724,66848.81131
11725,66709.8807
11726,66565.88238
11727,66416.85901
11728,66262.85475
11729,66103.91523
11730,65940.08755
11731,65771.42027
11732,65597.96334
11733,65419.76819
11734,65236.8876
11735,65049.37577
11736,64857.28827
11737,64660.68201
11738,64459.61526
11739,64254.14759
11740,64044.33988
11741,63830.25432
11742,63611.95433
11743,63389.5046
11744,63162.97105
11745,62932.42081
11746,62697.9222
11747,62459.54469
11748,62217.35893
11749,61971.43669
11750,61721.85082
11751,61468.6753
11752,61211.98515
11753,60951.85642
11754,60688.36619
11755,60421.59255
11756,60151.61455
11757,59878.51219
11758,59602.36639
11759,59323.25898
11760,59041.27266
11761,58756.491
11762,58468.99838
11763,58178.88
11764,57886.22181
11765,57591.11055
11766,57293.63365
11767,56993.87928
11768,56691.93624
11769,56387.89402
11770,56081.84271
11771,55773.873
11772,55464.07614
11773,55152.54393
11774,54839.3687
11775,54524.64324
11776,54208.4608
11777,53890.91509
11778,53572.10019
11779,53252.11059
11780,52931.04109
11781,52608.98684
11782,52286.04327
11783,51962.30607
11784,51637.87119
11785,51312.83474
11786,50987.29305
11787,50661.34259
11788,50335.07993
11789,50008.60176
11790,49682.00482
11791,49355.38589
11792,49028.84175
11793,48702.46917
11794,48376.36485
11795,48050.62543
11796,47725.34743
11797,47400.62724
11798,47076.56107
11799,46753.24497
11800,46430.77473
11801,46109.2459
11802,45788.75377
11803,45469.3933
11804,45151.25913
11805,44834.44552
11806,44519.04635
11807,44205.1551
11808,43892.86475
11809,43582.26786
11810,43273.45647
11811,42966.52207
11812,42661.55563
11813,42358.6475
11814,42057.88745
11815,41759.3646
11816,41463.1674
11817,41169.38363
11818,40878.10035
11819,40589.40386
11820,40303.37971
11821,40020.11265
11822,39739.68664
11823,39462.18475
11824,39187.68922
11825,38916.2814
11826,38648.0417
11827,38383.04961
11828,38121.38365
11829,37863.12136
11830,37608.33927
11831,37357.11287
11832,37109.51662
11833,36865.62387
11834,36625.5069
11835,36389.23686
11836,36156.88376
11837,35928.51646
11838,35704.20262
11839,35484.00871
11840,35267.99998
11841,35056.24044
11842,34848.79284
11843,34645.71865
11844,34447.07804
11845,34252.92988
11846,34063.33169
11847,33878.33966
11848,33698.00861
11849,33522.39196
11850,33351.54177
11851,33185.50865
11852,33024.34181
11853,32868.08901
11854,32716.79653
11855,32570.50922
11856,32429.27043
11857,32293.122
11858,32162.10428
11859,32036.25609
11860,31915.61473
11861,31800.21594
11862,31690.09392
11863,31585.2813
11864,31485.80913
11865,31391.7069
11866,31303.00249
11867,31219.72218
11868,31141.89065
11869,31069.53096
11870,31002.66456
11871,30941.31126
11872,30885.48924
11873,30835.21504
11874,30790.50356
11875,30751.36805
11876,30717.8201
11877,30689.86966
11878,30667.525
11879,30650.79275
11880,30639.67787
11881,30634.18365
11882,30634.31172
11883,30640.06204
11884,30651.43291
11885,30668.42095
11886,30691.02114
11887,30719.22677
11888,30753.02949
11889,30792.41928
11890,30837.38448
11891,30887.91175
11892,30943.98612
11893,31005.59098
11894,31072.70807
11895,31145.3175
11896,31223.39777
11897,31306.92573
11898,31395.87662
11899,31490.2241
11900,31589.94021
11901,31694.99539
11902,31805.35852
11903,31920.99689
11904,32041.87624
11905,32167.96075
11906,32299.21306
11907,32435.59427
11908,32577.06397
11909,32723.58024
11910,32875.09967
11911,33031.57736
11912,33192.96693
11913,33359.22057
11914,33530.28902
11915,33706.12157
11916,33886.66613
11917,34071.86919
11918,34261.67589
11919,34456.02997
11920,34654.87384
11921,34858.14858
11922,35065.79396
11923,35277.74845
11924,35493.94924
11925,35714.33226
11926,35938.83221
11927,36167.38257
11928,36399.91561
11929,36636.36243
11930,36876.65296
11931,37120.716
11932,37368.47924
11933,37619.86924
11934,37874.81152
11935,38133.23054
11936,38395.04971
11937,38660.19146
11938,38928.57722
11939,39200.12747
11940,39474.76172
11941,39752.39861
11942,40032.95587
11943,40316.35035
11944,40602.49809
11945,40891.31429
11946,41182.71337
11947,41476.60898
11948,41772.91403
11949,42071.54073
11950,42372.40058
11951,42675.40443
11952,42980.4625
11953,43287.48438
11954,43596.37911
11955,43907.05515
11956,44219.42044
11957,44533.38242
11958,44848.84805
11959,45165.72386
11960,45483.91595
11961,45803.33004
11962,46123.87146
11963,46445.44525
11964,46767.9561
11965,47091.30846
11966,47415.40651
11967,47740.1542
11968,48065.45532
11969,48391.21347
11970,48717.33211
11971,49043.71461
11972,49370.26426
11973,49696.88429
11974,50023.47792
11975,50349.94838
11976,50676.19891
11977,51002.13285
11978,51327.65362
11979,51652.66476
11980,51977.06995
11981,52300.77308
11982,52623.67821
11983,52945.68967
11984,53266.71204
11985,53586.65019
11986,53905.40932
11987,54222.89497
11988,54539.01307
11989,54853.66993
11990,55166.77233
11991,55478.22748
11992,55787.9431
11993,56095.8274
11994,56401.78915
11995,56705.7377
11996,57007.58297
11997,57307.23552
11998,57604.60656
11999,57899.60797
12000,58192.15233
12001,58482.15296
12002,58769.52392
12003,59054.18007
12004,59336.03705
12005,59615.01133
12006,59891.02026
12007,60163.98205
12008,60433.8158
12009,60700.44157
12010,60963.78035
12011,61223.75411
12012,61480.2858
12013,61733.29941
12014,61982.71998
12015,62228.47358
12016,62470.48741
12017,62708.68973
12018,62943.00998
12019,63173.37872
12020,63399.72767
12021,63621.98978
12022,63840.09918
12023,64053.99124
12024,64263.60257
12025,64468.87107
12026,64669.73591
12027,64866.13757
12028,65058.01785
12029,65245.3199
12030,65427.98821
12031,65605.96865
12032,65779.20848
12033,65947.65638
12034,66111.26242
12035,66269.97812
12036,66423.75646
12037,66572.55186
12038,66716.32023
12039,66855.01898
12040,66988.60701
12041,67117.04472
12042,67240.29406
12043,67358.31851
12044,67471.08309
12045,67578.55439
12046,67680.70057
12047,67777.49135
12048,67868.89806
12049,67954.89361
12050,68035.45251
12051,68110.5509
12052,68180.16652
12053,68244.27875
12054,68302.86858
12055,68355.91865
12056,68403.41325
12057,68445.3383
12058,68481.68138
12059,68512.43171
12060,68537.58019
12061,68557.11937
12062,68571.04345
12063,68579.34831
12064,68582.03148
12065,68579.09218
12066,68570.53127
12067,68556.35129
12068,68536.55644
12069,68511.15259
12070,68480.14726
12071,68443.54965
12072,68401.3706
12073,68353.6226
12074,68300.3198
12075,68241.47801
12076,68177.11465
12077,68107.2488
12078,68031.90115
12079,67951.09405
12080,67864.85143
12081,67773.19885
12082,67676.16346
12083,67573.77403
12084,67466.06088
12085,67353.05594
12086,67234.7927
12087,67111.3062
12088,66982.63302
12089,66848.81131
12090,66709.8807
12091,66565.88238
12092,66416.85901
12093,66262.85475
12094,66103.91523
12095,65940.08755
12096,65771.42027
12097,65597.96334
12098,65419.76819
12099,65236.8876
12100,65049.37577
12101,64857.28827
12102,64660.68201
12103,64459.61526
12104,64254.14759
12105,64044.33988
12106,63830.25432
12107,63611.95433
12108,63389.5046
12109,63162.97105
12110,62932.42081
12111,62697.9222
12112,62459.54469
12113,62217.35893
12114,61971.43669
12115,61721.85082
12116,61468.6753
12117,61211.98515
12118,60951.85642
12119,60688.36619
12120,60421.59255
12121,60151.61455
12122,59878.51219
12123,59602.36639
12124,59323.25898
12125,59041.27266
12126,58756.491
12127,58468.99838
12128,58178.88
12129,57886.22181
12130,57591.11055
12131,57293.63365
12132,56993.87928
12133,56691.93624
12134,56387.89402
12135,56081.84271
12136,55773.873
12137,55464.07614
12138,55152.54393
12139,54839.3687
12140,54524.64324
12141,54208.4608
12142,53890.91509
12143,53572.10019
12144,53252.11059
12145,52931.04109
12146,52608.98684
12147,52286.04327
12148,51962.30607
12149,51637.87119
12150,51312.83474
12151,50987.29305
12152,50661.34259
12153,50335.07993
12154,50008.60176
12155,49682.00482
12156,49355.38589
12157,49028.84175
12158,48702.46917
12159,48376.36485
12160,48050.62543
12161,47725.34743
12162,47400.62724
12163,47076.56107
12164,46753.24497
12165,46430.77473
12166,46109.2459
12167,45788.75377
12168,45469.3933
12169,45151.25913
12170,44834.44552
12171,44519.04635
12172,44205.1551
12173,43892.86475
12174,43582.26786
12175,43273.45647
12176,42966.52207
12177,42661.55563
12178,42358.6475
12179,42057.88745
12180,41759.3646
12181,41463.1674
12182,41169.38363
12183,40878.10035
12184,40589.40386
12185,40303.37971
12186,40020.11265
12187,39739.68664
12188,39462.18475
12189,39187.68922
12190,38916.2814
12191,38648.0417
12192,38383.04961
12193,38121.38365
12194,37863.12136
12195,37608.33927
12196,37357.11287
12197,37109.51662
12198,36865.62387
12199,36625.5069
12200,36389.23686
12201,36156.88376
12202,35928.51646
12203,35704.20262
12204,35484.00871
12205,35267.99998
12206,35056.24044
12207,34848.79284
12208,34645.71865
12209,34447.07804
12210,34252.92988
12211,34063.33169
12212,33878.33966
12213,33698.00861
12214,33522.39196
12215,33351.54177
12216,33185.50865
12217,33024.34181
12218,32868.08901
12219,32716.79653
12220,32570.50922
12221,32429.27043
12222,32293.122
12223,32162.10428
12224,32036.25609
12225,31915.61473
12226,31800.21594
12227,31690.09392
12228,31585.2813
12229,31485.80913
12230,31391.7069
12231,31303.00249
12232,31219.72218
12233,31141.89065
12234,31069.53096
12235,31002.66456
12236,30941.31126
12237,30885.48924
12238,30835.21504
12239,30790.50356
12240,30751.36805
12241,30717.8201
12242,30689.86966
12243,30667.525
12244,30650.79275
12245,30639.67787
12246,30634.18365
12247,30634.31172
12248,30640.06204
12249,30651.43291
12250,30668.42095
12251,30691.02114
12252,30719.22677
12253,30753.02949
12254,30792.41928
12255,30837.38448
12256,30887.91175
12257,30943.98612
12258,31005.59098
12259,31072.70807
12260,31145.3175
12261,31223.39777
12262,31306.92573
12263,31395.87662
12264,31490.2241
12265,31589.94021
12266,31694.99539
12267,31805.35852
12268,31920.99689
12269,32041.87624
12270,32167.96075
12271,32299.21306
12272,32435.59427
12273,32577.06397
12274,32723.58024
12275,32875.09967
12276,33031.57736
12277,33192.96693
12278,33359.22057
12279,33530.28902
12280,33706.12157
12281,33886.66613
12282,34071.86919
12283,34261.67589
12284,34456.02997
12285,34654.87384
12286,34858.14858
12287,35065.79396
12288,35277.74845
12289,35493.94924
12290,35714.33226
12291,35938.83221
12292,36167.38257
12293,36399.91561
12294,36636.36243
12295,36876.65296
12296,37120.716
12297,37368.47924
12298,37619.86924
12299,37874.81152
12300,38133.23054
12301,38395.04971
12302,38660.19146
12303,38928.57722
12304,39200.12747
12305,39474.76172
12306,39752.39861
12307,40032.95587
12308,40316.35035
12309,40602.49809
12310,40891.31429
12311,41182.71337
12312,41476.60898
12313,41772.91403
12314,42071.54073
12315,42372.40058
12316,42675.40443
12317,42980.4625
12318,43287.48438
12319,43596.37911
12320,43907.05515
12321,44219.42044
12322,44533.38242
12323,44848.84805
12324,45165.72386
12325,45483.91595
12326,45803.33004
12327,46123.87146
12328,46445.44525
12329,46767.9561
12330,47091.30846
12331,47415.40651
12332,47740.1542
12333,48065.45532
12334,48391.21347
12335,48717.33211
12336,49043.71461
12337,49370.26426
12338,49696.88429
12339,50023.47792
12340,50349.94838
12341,50676.19891
12342,51002.13285
12343,51327.65362
12344,51652.66476
12345,51977.06995
12346,52300.77308
12347,52623.67821
12348,52945.68967
12349,53266.71204
12350,53586.65019
12351,53905.40932
12352,54222.89497
12353,54539.01307
12354,54853.66993
12355,55166.77233
12356,55478.22748
12357,55787.9431
12358,56095.8274
12359,56401.78915
12360,56705.7377
12361,57007.58297
12362,57307.23552
12363,57604.60656
12364,57899.60797
12365,58192.15233
12366,58482.15296
12367,58769.52392
12368,59054.18007
12369,59336.03705
12370,59615.01133
12371,59891.02026
12372,60163.98205
12373,60433.8158
12374,60700.44157
12375,60963.78035
12376,61223.75411
12377,61480.2858
12378,61733.29941
12379,61982.71998
12380,62228.47358
12381,62470.48741
12382,62708.68973
12383,62943.00998
12384,63173.37872
12385,63399.72767
12386,63621.98978
12387,63840.09918
12388,64053.99124
12389,64263.60257
12390,64468.87107
12391,64669.73591
12392,64866.13757
12393,65058.01785
12394,65245.3199
12395,65427.98821
12396,65605.96865
12397,65779.20848
12398,65947.65638
12399,66111.26242
12400,66269.97812
12401,66423.75646
12402,66572.55186
12403,66716.32023
12404,66855.01898
12405,66988.60701
12406,67117.04472
12407,67240.29406
12408,67358.31851
12409,67471.08309
12410,67578.55439
12411,67680.70057
12412,67777.49135
12413,67868.89806
12414,67954.89361
12415,68035.45251
12416,68110.5509
12417,68180.16652
12418,68244.27875
12419,68302.86858
12420,68355.91865
12421,68403.41325
12422,68445.3383
12423,68481.68138
12424,68512.43171
12425,68537.58019
12426,68557.11937
12427,68571.04345
12428,68579.34831
12429,68582.03148
12430,68579.09218
12431,68570.53127
12432,68556.35129
12433,68536.55644
12434,68511.15259
12435,68480.14726
12436,68443.54965
12437,68401.3706
12438,68353.6226
12439,68300.3198
12440,68241.47801
12441,68177.11465
12442,68107.2488
12443,68031.90115
12444,67951.09405
12445,67864.85143
12446,67773.19885
12447,67676.16346
12448,67573.77403
12449,67466.06088
12450,67353.05594
12451,67234.7927
12452,67111.3062
12453,66982.63302
12454,66848.81131
12455,66709.8807
12456,66565.88238
12457,66416.85901
12458,66262.85475
12459,66103.91523
12460,65940.08755
12461,65771.42027
12462,65597.96334
12463,65419.76819
12464,65236.8876
12465,65049.37577
12466,64857.28827
12467,64660.68201
12468,64459.61526
12469,64254.14759
12470,64044.33988
12471,63830.25432
12472,63611.95433
12473,63389.5046
12474,63162.97105
12475,62932.42081
12476,62697.9222
12477,62459.54469
12478,62217.35893
12479,61971.43669
12480,61721.85082
12481,61468.6753
12482,61211.98515
12483,60951.85642
12484,60688.36619
12485,60421.59255
12486,60151.61455
12487,59878.51219
12488,59602.36639
12489,59323.25898
12490,59041.27266
12491,58756.491
12492,58468.99838
12493,58178.88
12494,57886.22181
12495,57591.11055
12496,57293.63365
12497,56993.87928
12498,56691.93624
12499,56387.89402
12500,56081.84271
12501,55773.873
12502,55464.07614
12503,55152.54393
12504,54839.3687
12505,54524.64324
12506,54208.4608
12507,53890.91509
12508,53572.10019
12509,53252.11059
12510,52931.04109
12511,52608.98684
12512,52286.04327
12513,51962.30607
12514,51637.87119
12515,51312.83474
12516,50987.29305
12517,50661.34259
12518,50335.07993
12519,50008.60176
12520,49682.00482
12521,49355.38589
12522,49028.84175
12523,48702.46917
12524,48376.36485
12525,48050.62543
12526,47725.34743
12527,47400.62724
12528,47076.56107
12529,46753.24497
12530,46430.77473
12531,46109.2459
12532,45788.75377
12533,45469.3933
12534,45151.25913
12535,44834.44552
12536,44519.04635
12537,44205.1551
12538,43892.86475
12539,43582.26786
12540,43273.45647
12541,42966.52207
12542,42661.55563
12543,42358.6475
12544,42057.88745
12545,41759.3646
12546,41463.1674
12547,41169.38363
12548,40878.10035
12549,40589.40386
12550,40303.37971
12551,40020.11265
12552,39739.68664
12553,39462.18475
12554,39187.68922
12555,38916.2814
12556,38648.0417
12557,38383.04961
12558,38121.38365
12559,37863.12136
12560,37608.33927
12561,37357.11287
12562,37109.51662
12563,36865.62387
12564,36625.5069
12565,36389.23686
12566,36156.88376
12567,35928.51646
12568,35704.20262
12569,35484.00871
12570,35267.99998
12571,35056.24044
12572,34848.79284
12573,34645.71865
12574,34447.07804
12575,34252.92988
12576,34063.33169
12577,33878.33966
12578,33698.00861
12579,33522.39196
12580,33351.54177
12581,33185.50865
12582,33024.34181
12583,32868.08901
12584,32716.79653
12585,32570.50922
12586,32429.27043
12587,32293.122
12588,32162.10428
12589,32036.25609
12590,31915.61473
12591,31800.21594
12592,31690.09392
12593,31585.2813
12594,31485.80913
12595,31391.7069
12596,31303.00249
12597,31219.72218
12598,31141.89065
12599,31069.53096
12600,31002.66456
12601,30941.31126
12602,30885.48924
12603,30835.21504
12604,30790.50356
12605,30751.36805
12606,30717.8201
12607,30689.86966
12608,30667.525
12609,30650.79275
12610,30639.67787
12611,30634.18365
12612,30634.31172
12613,30640.06204
12614,30651.43291
12615,30668.42095
12616,30691.02114
12617,30719.22677
12618,30753.02949
12619,30792.41928
12620,30837.38448
12621,30887.91175
12622,30943.98612
12623,31005.59098
12624,31072.70807
12625,31145.3175
12626,31223.39777
12627,31306.92573
12628,31395.87662
12629,31490.2241
12630,31589.94021
12631,31694.99539
12632,31805.35852
12633,31920.99689
12634,32041.87624
12635,32167.96075
12636,32299.21306
12637,32435.59427
12638,32577.06397
12639,32723.58024
12640,32875.09967
12641,33031.57736
12642,33192.96693
12643,33359.22057
12644,33530.28902
12645,33706.12157
12646,33886.66613
12647,34071.86919
12648,34261.67589
12649,34456.02997
12650,34654.87384
12651,34858.14858
12652,35065.79396
12653,35277.74845
12654,35493.94924
12655,35714.33226
12656,35938.83221
12657,36167.38257
12658,36399.91561
12659,36636.36243
12660,36876.65296
12661,37120.716
12662,37368.47924
12663,37619.86924
12664,37874.81152
12665,38133.23054
12666,38395.04971
12667,38660.19146
12668,38928.57722
12669,39200.12747
12670,39474.76172
12671,39752.39861
12672,40032.95587
12673,40316.35035
12674,40602.49809
12675,40891.31429
12676,41182.71337
12677,41476.60898
12678,41772.91403
12679,42071.54073
12680,42372.40058
12681,42675.40443
12682,42980.4625
12683,43287.48438
12684,43596.37911
12685,43907.05515
12686,44219.42044
12687,44533.38242
12688,44848.84805
12689,45165.72386
12690,45483.91595
12691,45803.33004
12692,46123.87146
12693,46445.44525
12694,46767.9561
12695,47091.30846
12696,47415.40651
12697,47740.1542
12698,48065.45532
12699,48391.21347
12700,48717.33211
12701,49043.71461
12702,49370.26426
12703,49696.88429
12704,50023.47792
12705,50349.94838
12706,50676.19891
12707,51002.13285
12708,51327.65362
12709,51652.66476
12710,51977.06995
12711,52300.77308
12712,52623.67821
12713,52945.68967
12714,53266.71204
12715,53586.65019
12716,53905.40932
12717,54222.89497
12718,54539.01307
12719,54853.66993
12720,55166.77233
12721,55478.22748
12722,55787.9431
12723,56095.8274
12724,56401.78915
12725,56705.7377
12726,57007.58297
12727,57307.23552
12728,57604.60656
12729,57899.60797
12730,58192.15233
12731,58482.15296
12732,58769.52392
12733,59054.18007
12734,59336.03705
12735,59615.01133
12736,59891.02026
12737,60163.98205
12738,60433.8158
12739,60700.44157
12740,60963.78035
12741,61223.75411
12742,61480.2858
12743,61733.29941
12744,61982.71998
12745,62228.47358
12746,62470.48741
12747,62708.68973
12748,62943.00998
12749,63173.37872
12750,63399.72767
12751,63621.98978
12752,63840.09918
12753,64053.99124
12754,64263.60257
12755,64468.87107
12756,64669.73591
12757,64866.13757
12758,65058.01785
12759,65245.3199
12760,65427.98821
12761,65605.96865
12762,65779.20848
12763,65947.65638
12764,66111.26242
12765,66269.97812
12766,66423.75646
12767,66572.55186
12768,66716.32023
12769,66855.01898
12770,66988.60701
12771,67117.04472
12772,67240.29406
12773,67358.31851
12774,67471.08309
12775,67578.55439
12776,67680.70057
12777,67777.49135
12778,67868.89806
12779,67954.89361
12780,68035.45251
12781,68110.5509
12782,68180.16652
12783,68244.27875
12784,68302.86858
12785,68355.91865
12786,68403.41325
12787,68445.3383
12788,68481.68138
12789,68512.43171
12790,68537.58019
12791,68557.11937
12792,68571.04345
12793,68579.34831
12794,68582.03148
12795,68579.09218
12796,68570.53127
12797,68556.35129
12798,68536.55644
12799,68511.15259
12800,68480.14726
12801,68443.54965
12802,68401.3706
12803,68353.6226
12804,68300.3198
12805,68241.47801
12806,68177.11465
12807,68107.2488
12808,68031.90115
12809,67951.09405
12810,67864.85143
12811,67773.19885
12812,67676.16346
12813,67573.77403
12814,67466.06088
12815,67353.05594
12816,67234.7927
12817,67111.3062
12818,66982.63302
12819,66848.81131
12820,66709.8807
12821,66565.88238
12822,66416.85901
12823,66262.85475
12824,66103.91523
12825,65940.08755
12826,65771.42027
12827,65597.96334
12828,65419.76819
12829,65236.8876
12830,65049.37577
12831,64857.28827
12832,64660.68201
12833,64459.61526
12834,64254.14759
12835,64044.33988
12836,63830.25432
12837,63611.95433
12838,63389.5046
12839,63162.97105
12840,62932.42081
12841,62697.9222
12842,62459.54469
12843,62217.35893
12844,61971.43669
12845,61721.85082
12846,61468.6753
12847,61211.98515
12848,60951.85642
12849,60688.36619
12850,60421.59255
12851,60151.61455
12852,59878.51219
12853,59602.36639
12854,59323.25898
12855,59041.27266
12856,58756.491
12857,58468.99838
12858,58178.88
12859,57886.22181
12860,57591.11055
12861,57293.63365
12862,56993.87928
12863,56691.93624
12864,56387.89402
12865,56081.84271
12866,55773.873
12867,55464.07614
12868,55152.54393
12869,54839.3687
12870,54524.64324
12871,54208.4608
12872,53890.91509
12873,53572.10019
12874,53252.11059
12875,52931.04109
12876,52608.98684
12877,52286.04327
12878,51962.30607
12879,51637.87119
12880,51312.83474
12881,50987.29305
12882,50661.34259
12883,50335.07993
12884,50008.60176
12885,49682.00482
12886,49355.38589
12887,49028.84175
12888,48702.46917
12889,48376.36485
12890,48050.62543
12891,47725.34743
12892,47400.62724
12893,47076.56107
12894,46753.24497
12895,46430.77473
12896,46109.2459
12897,45788.75377
12898,45469.3933
12899,45151.25913
12900,44834.44552
12901,44519.04635
12902,44205.1551
12903,43892.86475
12904,43582.26786
12905,43273.45647
12906,42966.52207
12907,42661.55563
12908,42358.6475
12909,42057.88745
12910,41759.3646
12911,41463.1674
12912,41169.38363
12913,40878.10035
12914,40589.40386
12915,40303.37971
12916,40020.11265
12917,39739.68664
12918,39462.18475
12919,39187.68922
12920,38916.2814
12921,38648.0417
12922,38383.04961
12923,38121.38365
12924,37863.12136
12925,37608.33927
12926,37357.11287
12927,37109.51662
12928,36865.62387
12929,36625.5069
12930,36389.23686
12931,36156.88376
12932,35928.51646
12933,35704.20262
12934,35484.00871
12935,35267.99998
12936,35056.24044
12937,34848.79284
12938,34645.71865
12939,34447.07804
12940,34252.92988
12941,34063.33169
12942,33878.33966
12943,33698.00861
12944,33522.39196
12945,33351.54177
12946,33185.50865
12947,33024.34181
12948,32868.08901
12949,32716.79653
12950,32570.50922
12951,32429.27043
12952,32293.122
12953,32162.10428
12954,32036.25609
12955,31915.61473
12956,31800.21594
12957,31690.09392
12958,31585.2813
12959,31485.80913
12960,31391.7069
12961,31303.00249
12962,31219.72218
12963,31141.89065
12964,31069.53096
12965,31002.66456
12966,30941.31126
12967,30885.48924
12968,30835.21504
12969,30790.50356
12970,30751.36805
12971,30717.8201
12972,30689.86966
12973,30667.525
12974,30650.79275
12975,30639.67787
12976,30634.18365
12977,30634.31172
12978,30640.06204
12979,30651.43291
12980,30668.42095
12981,30691.02114
12982,30719.22677
12983,30753.02949
12984,30792.41928
12985,30837.38448
12986,30887.91175
12987,30943.98612
12988,31005.59098
12989,31072.70807
12990,31145.3175
12991,31223.39777
12992,31306.92573
12993,31395.87662
12994,31490.2241
12995,31589.94021
12996,31694.99539
12997,31805.35852
12998,31920.99689
12999,32041.87624
13000,32167.96075
13001,32299.21306
13002,32435.59427
13003,32577.06397
13004,32723.58024
13005,32875.09967
13006,33031.57736
13007,33192.96693
13008,33359.22057
13009,33530.28902
13010,33706.12157
13011,33886.66613
13012,34071.86919
13013,34261.67589
13014,34456.02997
13015,34654.87384
13016,34858.14858
13017,35065.79396
13018,35277.74845
13019,35493.94924
13020,35714.33226
13021,35938.83221
13022,36167.38257
13023,36399.91561
13024,36636.36243
13025,36876.65296
13026,37120.716
13027,37368.47924
13028,37619.86924
13029,37874.81152
13030,38133.23054
13031,38395.04971
13032,38660.19146
13033,38928.57722
13034,39200.12747
13035,39474.76172
13036,39752.39861
13037,40032.95587
13038,40316.35035
13039,40602.49809
13040,40891.31429
13041,41182.71337
13042,41476.60898
13043,41772.91403
13044,42071.54073
13045,42372.40058
13046,42675.40443
13047,42980.4625
13048,43287.48438
13049,43596.37911
13050,43907.05515
13051,44219.42044
13052,44533.38242
13053,44848.84805
13054,45165.72386
13055,45483.91595
13056,45803.33004
13057,46123.87146
13058,46445.44525
13059,46767.9561
13060,47091.30846
13061,47415.40651
13062,47740.1542
13063,48065.45532
13064,48391.21347
13065,48717.33211
13066,49043.71461
13067,49370.26426
13068,49696.88429
13069,50023.47792
13070,50349.94838
13071,50676.19891
13072,51002.13285
13073,51327.65362
13074,51652.66476
13075,51977.06995
13076,52300.77308
13077,52623.67821
13078,52945.68967
13079,53266.71204
13080,53586.65019
13081,53905.40932
13082,54222.89497
13083,54539.01307
13084,54853.66993
13085,55166.77233
13086,55478.22748
13087,55787.9431
13088,56095.8274
13089,56401.78915
13090,56705.7377
13091,57007.58297
13092,57307.23552
13093,57604.60656
13094,57899.60797
13095,58192.15233
13096,58482.15296
13097,58769.52392
13098,59054.18007
13099,59336.03705
13100,59615.01133
13101,59891.02026
13102,60163.98205
13103,60433.8158
13104,60700.44157
13105,60963.78035
13106,61223.75411
13107,61480.2858
13108,61733.29941
13109,61982.71998
13110,62228.47358
13111,62470.48741
13112,62708.68973
13113,62943.00998
13114,63173.37872
13115,63399.72767
13116,63621.98978
13117,63840.09918
13118,64053.99124
13119,64263.60257
13120,64468.87107
13121,64669.73591
13122,64866.13757
13123,65058.01785
13124,65245.3199
13125,65427.98821
13126,65605.96865
13127,65779.20848
13128,65947.65638
13129,66111.26242
13130,66269.97812
13131,66423.75646
13132,66572.55186
13133,66716.32023
13134,66855.01898
13135,66988.60701
13136,67117.04472
13137,67240.29406
13138,67358.31851
13139,67471.08309
13140,67578.55439
13141,67680.70057
13142,67777.49135
13143,67868.89806
13144,67954.89361
13145,68035.45251
13146,68110.5509
13147,68180.16652
13148,68244.27875
13149,68302.86858
13150,68355.91865
13151,68403.41325
13152,68445.3383
13153,68481.68138
13154,68512.43171
13155,68537.58019
13156,68557.11937
13157,68571.04345
13158,68579.34831
13159,68582.03148
13160,68579.09218
13161,68570.53127
13162,68556.35129
13163,68536.55644
13164,68511.15259
13165,68480.14726
13166,68443.54965
13167,68401.3706
13168,68353.6226
13169,68300.3198
13170,68241.47801
13171,68177.11465
13172,68107.2488
13173,68031.90115
13174,67951.09405
13175,67864.85143
13176,67773.19885
13177,67676.16346
13178,67573.77403
13179,67466.06088
13180,67353.05594
13181,67234.7927
13182,67111.3062
13183,66982.63302
13184,66848.81131
13185,66709.8807
13186,66565.88238
13187,66416.85901
13188,66262.85475
13189,66103.91523
13190,65940.08755
13191,65771.42027
13192,65597.96334
13193,65419.76819
13194,65236.8876
13195,65049.37577
13196,64857.28827
13197,64660.68201
13198,64459.61526
13199,64254.14759
13200,64044.33988
13201,63830.25432
13202,63611.95433
13203,63389.5046
13204,63162.97105
13205,62932.42081
13206,62697.9222
13207,62459.54469
13208,62217.35893
13209,61971.43669
13210,61721.85082
13211,61468.6753
13212,61211.98515
13213,60951.85642
13214,60688.36619
13215,60421.59255
13216,60151.61455
13217,59878.51219
13218,59602.36639
13219,59323.25898
13220,59041.27266
13221,58756.491
13222,58468.99838
13223,58178.88
13224,57886.22181
13225,57591.11055
13226,57293.63365
13227,56993.87928
13228,56691.93624
13229,56387.89402
13230,56081.84271
13231,55773.873
13232,55464.07614
13233,55152.54393
13234,54839.3687
13235,54524.64324
13236,54208.4608
13237,53890.91509
13238,53572.10019
13239,53252.11059
13240,52931.04109
13241,52608.98684
13242,52286.04327
13243,51962.30607
13244,51637.87119
13245,51312.83474
13246,50987.29305
13247,50661.34259
13248,50335.07993
13249,50008.60176
13250,49682.00482
13251,49355.38589
13252,49028.84175
13253,48702.46917
13254,48376.36485
13255,48050.62543
13256,47725.34743
13257,47400.62724
13258,47076.56107
13259,46753.24497
13260,46430.77473
13261,46109.2459
13262,45788.75377
13263,45469.3933
13264,45151.25913
13265,44834.44552
13266,44519.04635
13267,44205.1551
13268,43892.86475
13269,43582.26786
13270,43273.45647
13271,42966.52207
13272,42661.55563
13273,42358.6475
13274,42057.88745
13275,41759.3646
13276,41463.1674
13277,41169.38363
13278,40878.10035
13279,40589.40386
13280,40303.37971
13281,40020.11265
13282,39739.68664
13283,39462.18475
13284,39187.68922
13285,38916.2814
13286,38648.0417
13287,38383.04961
13288,38121.38365
13289,37863.12136
13290,37608.33927
13291,37357.11287
13292,37109.51662
13293,36865.62387
13294,36625.5069
13295,36389.23686
13296,36156.88376
13297,35928.51646
13298,35704.20262
13299,35484.00871
13300,35267.99998
13301,35056.24044
13302,34848.79284
13303,34645.71865
13304,34447.07804
13305,34252.92988
13306,34063.33169
13307,33878.33966
13308,33698.00861
13309,33522.39196
13310,33351.54177
13311,33185.50865
13312,33024.34181
13313,32868.08901
13314,32716.79653
13315,32570.50922
13316,32429.27043
13317,32293.122
13318,32162.10428
13319,32036.25609
13320,31915.61473
13321,31800.21594
13322,31690.09392
13323,31585.2813
13324,31485.80913
13325,31391.7069
13326,31303.00249
13327,31219.72218
13328,31141.89065
13329,31069.53096
13330,31002.66456
13331,30941.31126
13332,30885.48924
13333,30835.21504
13334,30790.50356
13335,30751.36805
13336,30717.8201
13337,30689.86966
13338,30667.525
13339,30650.79275
13340,30639.67787
13341,30634.18365
13342,30634.31172
13343,30640.06204
13344,30651.43291
13345,30668.42095
13346,30691.02114
13347,30719.22677
13348,30753.02949
13349,30792.41928
13350,30837.38448
13351,30887.91175
13352,30943.98612
13353,31005.59098
13354,31072.70807
13355,31145.3175
13356,31223.39777
13357,31306.92573
13358,31395.87662
13359,31490.2241
13360,31589.94021
13361,31694.99539
13362,31805.35852
13363,31920.99689
13364,32041.87624
13365,32167.96075
13366,32299.21306
13367,32435.59427
13368,32577.06397
13369,32723.58024
13370,32875.09967
13371,33031.57736
13372,33192.96693
13373,33359.22057
13374,33530.28902
13375,33706.12157
13376,33886.66613
13377,34071.86919
13378,34261.67589
13379,34456.02997
13380,34654.87384
13381,34858.14858
13382,35065.79396
13383,35277.74845
13384,35493.94924
13385,35714.33226
13386,35938.83221
13387,36167.38257
13388,36399.91561
13389,36636.36243
13390,36876.65296
13391,37120.716
13392,37368.47924
13393,37619.86924
13394,37874.81152
13395,38133.23054
13396,38395.04971
13397,38660.19146
13398,38928.57722
13399,39200.12747
13400,39474.76172
13401,39752.39861
13402,40032.95587
13403,40316.35035
13404,40602.49809
13405,40891.31429
13406,41182.71337
13407,41476.60898
13408,41772.91403
13409,42071.54073
13410,42372.40058
13411,42675.40443
13412,42980.4625
13413,43287.48438
13414,43596.37911
13415,43907.05515
13416,44219.42044
13417,44533.38242
13418,44848.84805
13419,45165.72386
13420,45483.91595
13421,45803.33004
13422,46123.87146
13423,46445.44525
13424,46767.9561
13425,47091.30846
13426,47415.40651
13427,47740.1542
13428,48065.45532
13429,48391.21347
13430,48717.33211
13431,49043.71461
13432,49370.26426
13433,49696.88429
13434,50023.47792
13435,50349.94838
13436,50676.19891
13437,51002.13285
13438,51327.65362
13439,51652.66476
13440,51977.06995
13441,52300.77308
13442,52623.67821
13443,52945.68967
13444,53266.71204
13445,53586.65019
13446,53905.40932
13447,54222.89497
13448,54539.01307
13449,54853.66993
13450,55166.77233
13451,55478.22748
13452,55787.9431
13453,56095.8274
13454,56401.78915
13455,56705.7377
13456,57007.58297
13457,57307.23552
13458,57604.60656
13459,57899.60797
13460,58192.15233
13461,58482.15296
13462,58769.52392
13463,59054.18007
13464,59336.03705
13465,59615.01133
13466,59891.02026
13467,60163.98205
13468,60433.8158
13469,60700.44157
13470,60963.78035
13471,61223.75411
13472,61480.2858
13473,61733.29941
13474,61982.71998
13475,62228.47358
13476,62470.48741
13477,62708.68973
13478,62943.00998
13479,63173.37872
13480,63399.72767
13481,63621.98978
13482,63840.09918
13483,64053.99124
13484,64263.60257
13485,64468.87107
13486,64669.73591
13487,64866.13757
13488,65058.01785
13489,65245.3199
13490,65427.98821
13491,65605.96865
13492,65779.20848
13493,65947.65638
13494,66111.26242
13495,66269.97812
13496,66423.75646
13497,66572.55186
13498,66716.32023
13499,66855.01898
13500,66988.60701
13501,67117.04472
13502,67240.29406
13503,67358.31851
13504,67471.08309
13505,67578.55439
13506,67680.70057
13507,67777.49135
13508,67868.89806
13509,67954.89361
13510,68035.45251
13511,68110.5509
13512,68180.16652
13513,68244.27875
13514,68302.86858
13515,68355.91865
13516,68403.41325
13517,68445.3383
13518,68481.68138
13519,68512.43171
13520,68537.58019
13521,68557.11937
13522,68571.04345
13523,68579.34831
13524,68582.03148
13525,68579.09218
13526,68570.53127
13527,68556.35129
13528,68536.55644
13529,68511.15259
13530,68480.14726
13531,68443.54965
13532,68401.3706
13533,68353.6226
13534,68300.3198
13535,68241.47801
13536,68177.11465
13537,68107.2488
13538,68031.90115
13539,67951.09405
13540,67864.85143
13541,67773.19885
13542,67676.16346
13543,67573.77403
13544,67466.06088
13545,67353.05594
13546,67234.7927
13547,67111.3062
13548,66982.63302
13549,66848.81131
13550,66709.8807
13551,66565.88238
13552,66416.85901
13553,66262.85475
13554,66103.91523
13555,65940.08755
13556,65771.42027
13557,65597.96334
13558,65419.76819
13559,65236.8876
13560,65049.37577
13561,64857.28827
13562,64660.68201
13563,64459.61526
13564,64254.14759
13565,64044.33988
13566,63830.25432
13567,63611.95433
13568,63389.5046
13569,63162.97105
13570,62932.42081
13571,62697.9222
13572,62459.54469
13573,62217.35893
13574,61971.43669
13575,61721.85082
13576,61468.6753
13577,61211.98515
13578,60951.85642
13579,60688.36619
13580,60421.59255
13581,60151.61455
13582,59878.51219
13583,59602.36639
13584,59323.25898
13585,59041.27266
13586,58756.491
13587,58468.99838
13588,58178.88
13589,57886.22181
13590,57591.11055
13591,57293.63365
13592,56993.87928
13593,56691.93624
13594,56387.89402
13595,56081.84271
13596,55773.873
13597,55464.07614
13598,55152.54393
13599,54839.3687
13600,54524.64324
13601,54208.4608
13602,53890.91509
13603,53572.10019
13604,53252.11059
13605,52931.04109
13606,52608.98684
13607,52286.04327
13608,51962.30607
13609,51637.87119
13610,51312.83474
13611,50987.29305
13612,50661.34259
13613,50335.07993
13614,50008.60176
13615,49682.00482
13616,49355.38589
13617,49028.84175
13618,48702.46917
13619,48376.36485
13620,48050.62543
13621,47725.34743
13622,47400.62724
13623,47076.56107
13624,46753.24497
13625,46430.77473
13626,46109.2459
13627,45788.75377
13628,45469.3933
13629,45151.25913
13630,44834.44552
13631,44519.04635
13632,44205.1551
13633,43892.86475
13634,43582.26786
13635,43273.45647
13636,42966.52207
13637,42661.55563
13638,42358.6475
13639,42057.88745
13640,41759.3646
13641,41463.1674
13642,41169.38363
13643,40878.10035
13644,40589.40386
13645,40303.37971
13646,40020.11265
13647,39739.68664
13648,39462.18475
13649,39187.68922
13650,38916.2814
13651,38648.0417
13652,38383.04961
13653,38121.38365
13654,37863.12136
13655,37608.33927
13656,37357.11287
13657,37109.51662
13658,36865.62387
13659,36625.5069
13660,36389.23686
13661,36156.88376
13662,35928.51646
13663,35704.20262
13664,35484.00871
13665,35267.99998
13666,35056.24044
13667,34848.79284
13668,34645.71865
13669,34447.07804
13670,34252.92988
13671,34063.33169
13672,33878.33966
13673,33698.00861
13674,33522.39196
13675,33351.54177
13676,33185.50865
13677,33024.34181
13678,32868.08901
13679,32716.79653
13680,32570.50922
13681,32429.27043
13682,32293.122
13683,32162.10428
13684,32036.25609
13685,31915.61473
13686,31800.21594
13687,31690.09392
13688,31585.2813
13689,31485.80913
13690,31391.7069
13691,31303.00249
13692,31219.72218
13693,31141.89065
13694,31069.53096
13695,31002.66456
13696,30941.31126
13697,30885.48924
13698,30835.21504
13699,30790.50356
13700,30751.36805
13701,30717.8201
13702,30689.86966
13703,30667.525
13704,30650.79275
13705,30639.67787
13706,30634.18365
13707,30634.31172
13708,30640.06204
13709,30651.43291
13710,30668.42095
13711,30691.02114
13712,30719.22677
13713,30753.02949
13714,30792.41928
13715,30837.38448
13716,30887.91175
13717,30943.98612
13718,31005.59098
13719,31072.70807
13720,31145.3175
13721,31223.39777
13722,31306.92573
13723,31395.87662
13724,31490.2241
13725,31589.94021
13726,31694.99539
13727,31805.35852
13728,31920.99689
13729,32041.87624
13730,32167.96075
13731,32299.21306
13732,32435.59427
13733,32577.06397
13734,32723.58024
13735,32875.09967
13736,33031.57736
13737,33192.96693
13738,33359.22057
13739,33530.28902
13740,33706.12157
13741,33886.66613
13742,34071.86919
13743,34261.67589
13744,34456.02997
13745,34654.87384
13746,34858.14858
13747,35065.79396
13748,35277.74845
13749,35493.94924
13750,35714.33226
13751,35938.83221
13752,36167.38257
13753,36399.91561
13754,36636.36243
13755,36876.65296
13756,37120.716
13757,37368.47924
13758,37619.86924
13759,37874.81152
13760,38133.23054
13761,38395.04971
13762,38660.19146
13763,38928.57722
13764,39200.12747
13765,39474.76172
13766,39752.39861
13767,40032.95587
13768,40316.35035
13769,40602.49809
13770,40891.31429
13771,41182.71337
13772,41476.60898
13773,41772.91403
13774,42071.54073
13775,42372.40058
13776,42675.40443
13777,42980.4625
13778,43287.48438
13779,43596.37911
13780,43907.05515
13781,44219.42044
13782,44533.38242
13783,44848.84805
13784,45165.72386
13785,45483.91595
13786,45803.33004
13787,46123.87146
13788,46445.44525
13789,46767.9561
13790,47091.30846
13791,47415.40651
13792,47740.1542
13793,48065.45532
13794,48391.21347
13795,48717.33211
13796,49043.71461
13797,49370.26426
13798,49696.88429
13799,50023.47792
13800,50349.94838
13801,50676.19891
13802,51002.13285
13803,51327.65362
13804,51652.66476
13805,51977.06995
13806,52300.77308
13807,52623.67821
13808,52945.68967
13809,53266.71204
13810,53586.65019
13811,53905.40932
13812,54222.89497
13813,54539.01307
13814,54853.66993
13815,55166.77233
13816,55478.22748
13817,55787.9431
13818,56095.8274
13819,56401.78915
13820,56705.7377
13821,57007.58297
13822,57307.23552
13823,57604.60656
13824,57899.60797
13825,58192.15233
13826,58482.15296
13827,58769.52392
13828,59054.18007
13829,59336.03705
13830,59615.01133
13831,59891.02026
13832,60163.98205
13833,60433.8158
13834,60700.44157
13835,60963.78035
13836,61223.75411
13837,61480.2858
13838,61733.29941
13839,61982.71998
13840,62228.47358
13841,62470.48741
13842,62708.68973
13843,62943.00998
13844,63173.37872
13845,63399.72767
13846,63621.98978
13847,63840.09918
13848,64053.99124
13849,64263.60257
13850,64468.87107
13851,64669.73591
13852,64866.13757
13853,65058.01785
13854,65245.3199
13855,65427.98821
13856,65605.96865
13857,65779.20848
13858,65947.65638
13859,66111.26242
13860,66269.97812
13861,66423.75646
13862,66572.55186
13863,66716.32023
13864,66855.01898
13865,66988.60701
13866,67117.04472
13867,67240.29406
13868,67358.31851
13869,67471.08309
13870,67578.55439
13871,67680.70057
13872,67777.49135
13873,67868.89806
13874,67954.89361
13875,68035.45251
13876,68110.5509
13877,68180.16652
13878,68244.27875
13879,68302.86858
13880,68355.91865
13881,68403.41325
13882,68445.3383
13883,68481.68138
13884,68512.43171
13885,68537.58019
13886,68557.11937
13887,68571.04345
13888,68579.34831
13889,68582.03148
13890,68579.09218
13891,68570.53127
13892,68556.35129
13893,68536.55644
13894,68511.15259
13895,68480.14726
13896,68443.54965
13897,68401.3706
13898,68353.6226
13899,68300.3198
13900,68241.47801
13901,68177.11465
13902,68107.2488
13903,68031.90115
13904,67951.09405
13905,67864.85143
13906,67773.19885
13907,67676.16346
13908,67573.77403
13909,67466.06088
13910,67353.05594
13911,67234.7927
13912,67111.3062
13913,66982.63302
13914,66848.81131
13915,66709.8807
13916,66565.88238
13917,66416.85901
13918,66262.85475
13919,66103.91523
13920,65940.08755
13921,65771.42027
13922,65597.96334
13923,65419.76819
13924,65236.8876
13925,65049.37577
13926,64857.28827
13927,64660.68201
13928,64459.61526
13929,64254.14759
13930,64044.33988
13931,63830.25432
13932,63611.95433
13933,63389.5046
13934,63162.97105
13935,62932.42081
13936,62697.9222
13937,62459.54469
13938,62217.35893
13939,61971.43669
13940,61721.85082
13941,61468.6753
13942,61211.98515
13943,60951.85642
13944,60688.36619
13945,60421.59255
13946,60151.61455
13947,59878.51219
13948,59602.36639
13949,59323.25898
13950,59041.27266
13951,58756.491
13952,58468.99838
13953,58178.88
13954,57886.22181
13955,57591.11055
13956,57293.63365
13957,56993.87928
13958,56691.93624
13959,56387.89402
13960,56081.84271
13961,55773.873
13962,55464.07614
13963,55152.54393
13964,54839.3687
13965,54524.64324
13966,54208.4608
13967,53890.91509
13968,53572.10019
13969,53252.11059
13970,52931.04109
13971,52608.98684
13972,52286.04327
13973,51962.30607
13974,51637.87119
13975,51312.83474
13976,50987.29305
13977,50661.34259
13978,50335.07993
13979,50008.60176
13980,49682.00482
13981,49355.38589
13982,49028.84175
13983,48702.46917
13984,48376.36485
13985,48050.62543
13986,47725.34743
13987,47400.62724
13988,47076.56107
13989,46753.24497
13990,46430.77473
13991,46109.2459
13992,45788.75377
13993,45469.3933
13994,45151.25913
13995,44834.44552
13996,44519.04635
13997,44205.1551
13998,43892.86475
13999,43582.26786
14000,43273.45647
14001,42966.52207
14002,42661.55563
14003,42358.6475
14004,42057.88745
14005,41759.3646
14006,41463.1674
14007,41169.38363
14008,40878.10035
14009,40589.40386
14010,40303.37971
14011,40020.11265
14012,39739.68664
14013,39462.18475
14014,39187.68922
14015,38916.2814
14016,38648.0417
14017,38383.04961
14018,38121.38365
14019,37863.12136
14020,37608.33927
14021,37357.11287
14022,37109.51662
14023,36865.62387
14024,36625.5069
14025,36389.23686
14026,36156.88376
14027,35928.51646
14028,35704.20262
14029,35484.00871
14030,35267.99998
14031,35056.24044
14032,34848.79284
14033,34645.71865
14034,34447.07804
14035,34252.92988
14036,34063.33169
14037,33878.33966
14038,33698.00861
14039,33522.39196
14040,33351.54177
14041,33185.50865
14042,33024.34181
14043,32868.08901
14044,32716.79653
14045,32570.50922
14046,32429.27043
14047,32293.122
14048,32162.10428
14049,32036.25609
14050,31915.61473
14051,31800.21594
14052,31690.09392
14053,31585.2813
14054,31485.80913
14055,31391.7069
14056,31303.00249
14057,31219.72218
14058,31141.89065
14059,31069.53096
14060,31002.66456
14061,30941.31126
14062,30885.48924
14063,30835.21504
14064,30790.50356
14065,30751.36805
14066,30717.8201
14067,30689.86966
14068,30667.525
14069,30650.79275
14070,30639.67787
14071,30634.18365
14072,30634.31172
14073,30640.06204
14074,30651.43291
14075,30668.42095
14076,30691.02114
14077,30719.22677
14078,30753.02949
14079,30792.41928
14080,30837.38448
14081,30887.91175
14082,30943.98612
14083,31005.59098
14084,31072.70807
14085,31145.3175
14086,31223.39777
14087,31306.92573
14088,31395.87662
14089,31490.2241
14090,31589.94021
14091,31694.99539
14092,31805.35852
14093,31920.99689
14094,32041.87624
14095,32167.96075
14096,32299.21306
14097,32435.59427
14098,32577.06397
14099,32723.58024
14100,32875.09967
14101,33031.57736
14102,33192.96693
14103,33359.22057
14104,33530.28902
14105,33706.12157
14106,33886.66613
14107,34071.86919
14108,34261.67589
14109,34456.02997
14110,34654.87384
14111,34858.14858
14112,35065.79396
14113,35277.74845
14114,35493.94924
14115,35714.33226
14116,35938.83221
14117,36167.38257
14118,36399.91561
14119,36636.36243
14120,36876.65296
14121,37120.716
14122,37368.47924
14123,37619.86924
14124,37874.81152
14125,38133.23054
14126,38395.04971
14127,38660.19146
14128,38928.57722
14129,39200.12747
14130,39474.76172
14131,39752.39861
14132,40032.95587
14133,40316.35035
14134,40602.49809
14135,40891.31429
14136,41182.71337
14137,41476.60898
14138,41772.91403
14139,42071.54073
14140,42372.40058
14141,42675.40443
14142,42980.4625
14143,43287.48438
14144,43596.37911
14145,43907.05515
14146,44219.42044
14147,44533.38242
14148,44848.84805
14149,45165.72386
14150,45483.91595
14151,45803.33004
14152,46123.87146
14153,46445.44525
14154,46767.9561
14155,47091.30846
14156,47415.40651
14157,47740.1542
14158,48065.45532
14159,48391.21347
14160,48717.33211
14161,49043.71461
14162,49370.26426
14163,49696.88429
14164,50023.47792
14165,50349.94838
14166,50676.19891
14167,51002.13285
14168,51327.65362
14169,51652.66476
14170,51977.06995
14171,52300.77308
14172,52623.67821
14173,52945.68967
14174,53266.71204
14175,53586.65019
14176,53905.40932
14177,54222.89497
14178,54539.01307
14179,54853.66993
14180,55166.77233
14181,55478.22748
14182,55787.9431
14183,56095.8274
14184,56401.78915
14185,56705.7377
14186,57007.58297
14187,57307.23552
14188,57604.60656
14189,57899.60797
14190,58192.15233
14191,58482.15296
14192,58769.52392
14193,59054.18007
14194,59336.03705
14195,59615.01133
14196,59891.02026
14197,60163.98205
14198,60433.8158
14199,60700.44157
14200,60963.78035
14201,61223.75411
14202,61480.2858
14203,61733.29941
14204,61982.71998
14205,62228.47358
14206,62470.48741
14207,62708.68973
14208,62943.00998
14209,63173.37872
14210,63399.72767
14211,63621.98978
14212,63840.09918
14213,64053.99124
14214,64263.60257
14215,64468.87107
14216,64669.73591
14217,64866.13757
14218,65058.01785
14219,65245.3199
14220,65427.98821
14221,65605.96865
14222,65779.20848
14223,65947.65638
14224,66111.26242
14225,66269.97812
14226,66423.75646
14227,66572.55186
14228,66716.32023
14229,66855.01898
14230,66988.60701
14231,67117.04472
14232,67240.29406
14233,67358.31851
14234,67471.08309
14235,67578.55439
14236,67680.70057
14237,67777.49135
14238,67868.89806
14239,67954.89361
14240,68035.45251
14241,68110.5509
14242,68180.16652
14243,68244.27875
14244,68302.86858
14245,68355.91865
14246,68403.41325
14247,68445.3383
14248,68481.68138
14249,68512.43171
14250,68537.58019
14251,68557.11937
14252,68571.04345
14253,68579.34831
14254,68582.03148
14255,68579.09218
14256,68570.53127
14257,68556.35129
14258,68536.55644
14259,68511.15259
14260,68480.14726
14261,68443.54965
14262,68401.3706
14263,68353.6226
14264,68300.3198
14265,68241.47801
14266,68177.11465
14267,68107.2488
14268,68031.90115
14269,67951.09405
14270,67864.85143
14271,67773.19885
14272,67676.16346
14273,67573.77403
14274,67466.06088
14275,67353.05594
14276,67234.7927
14277,67111.3062
14278,66982.63302
14279,66848.81131
14280,66709.8807
14281,66565.88238
14282,66416.85901
14283,66262.85475
14284,66103.91523
14285,65940.08755
14286,65771.42027
14287,65597.96334
14288,65419.76819
14289,65236.8876
14290,65049.37577
14291,64857.28827
14292,64660.68201
14293,64459.61526
14294,64254.14759
14295,64044.33988
14296,63830.25432
14297,63611.95433
14298,63389.5046
14299,63162.97105
14300,62932.42081
14301,62697.9222
14302,62459.54469
14303,62217.35893
14304,61971.43669
14305,61721.85082
14306,61468.6753
14307,61211.98515
14308,60951.85642
14309,60688.36619
14310,60421.59255
14311,60151.61455
14312,59878.51219
14313,59602.36639
14314,59323.25898
14315,59041.27266
14316,58756.491
14317,58468.99838
14318,58178.88
14319,57886.22181
14320,57591.11055
14321,57293.63365
14322,56993.87928
14323,56691.93624
14324,56387.89402
14325,56081.84271
14326,55773.873
14327,55464.07614
14328,55152.54393
14329,54839.3687
14330,54524.64324
14331,54208.4608
14332,53890.91509
14333,53572.10019
14334,53252.11059
14335,52931.04109
14336,52608.98684
14337,52286.04327
14338,51962.30607
14339,51637.87119
14340,51312.83474
14341,50987.29305
14342,50661.34259
14343,50335.07993
14344,50008.60176
14345,49682.00482
14346,49355.38589
14347,49028.84175
14348,48702.46917
14349,48376.36485
14350,48050.62543
14351,47725.34743
14352,47400.62724
14353,47076.56107
14354,46753.24497
14355,46430.77473
14356,46109.2459
14357,45788.75377
14358,45469.3933
14359,45151.25913
14360,44834.44552
14361,44519.04635
14362,44205.1551
14363,43892.86475
14364,43582.26786
14365,43273.45647
14366,42966.52207
14367,42661.55563
14368,42358.6475
14369,42057.88745
14370,41759.3646
14371,41463.1674
14372,41169.38363
14373,40878.10035
14374,40589.40386
14375,40303.37971
14376,40020.11265
14377,39739.68664
14378,39462.18475
14379,39187.68922
14380,38916.2814
14381,38648.0417
14382,38383.04961
14383,38121.38365
14384,37863.12136
14385,37608.33927
14386,37357.11287
14387,37109.51662
14388,36865.62387
14389,36625.5069
14390,36389.23686
14391,36156.88376
14392,35928.51646
14393,35704.20262
14394,35484.00871
14395,35267.99998
14396,35056.24044
14397,34848.79284
14398,34645.71865
14399,34447.07804
14400,34252.92988
14401,34063.33169
14402,33878.33966
14403,33698.00861
14404,33522.39196
14405,33351.54177
14406,33185.50865
14407,33024.34181
14408,32868.08901
14409,32716.79653
14410,32570.50922
14411,32429.27043
14412,32293.122
14413,32162.10428
14414,32036.25609
14415,31915.61473
14416,31800.21594
14417,31690.09392
14418,31585.2813
14419,31485.80913
14420,31391.7069
14421,31303.00249
14422,31219.72218
14423,31141.89065
14424,31069.53096
14425,31002.66456
14426,30941.31126
14427,30885.48924
14428,30835.21504
14429,30790.50356
14430,30751.36805
14431,30717.8201
14432,30689.86966
14433,30667.525
14434,30650.79275
14435,30639.67787
14436,30634.18365
14437,30634.31172
14438,30640.06204
14439,30651.43291
14440,30668.42095
14441,30691.02114
14442,30719.22677
14443,30753.02949
14444,30792.41928
14445,30837.38448
14446,30887.91175
14447,30943.98612
14448,31005.59098
14449,31072.70807
14450,31145.3175
14451,31223.39777
14452,31306.92573
14453,31395.87662
14454,31490.2241
14455,31589.94021
14456,31694.99539
14457,31805.35852
14458,31920.99689
14459,32041.87624
14460,32167.96075
14461,32299.21306
14462,32435.59427
14463,32577.06397
14464,32723.58024
14465,32875.09967
14466,33031.57736
14467,33192.96693
14468,33359.22057
14469,33530.28902
14470,33706.12157
14471,33886.66613
14472,34071.86919
14473,34261.67589
14474,34456.02997
14475,34654.87384
14476,34858.14858
14477,35065.79396
14478,35277.74845
14479,35493.94924
14480,35714.33226
14481,35938.83221
14482,36167.38257
14483,36399.91561
14484,36636.36243
14485,36876.65296
14486,37120.716
14487,37368.47924
14488,37619.86924
14489,37874.81152
14490,38133.23054
14491,38395.04971
14492,38660.19146
14493,38928.57722
14494,39200.12747
14495,39474.76172
14496,39752.39861
14497,40032.95587
14498,40316.35035
14499,40602.49809
14500,40891.31429
14501,41182.71337
14502,41476.60898
14503,41772.91403
14504,42071.54073
14505,42372.40058
14506,42675.40443
14507,42980.4625
14508,43287.48438
14509,43596.37911
14510,43907.05515
14511,44219.42044
14512,44533.38242
14513,44848.84805
14514,45165.72386
14515,45483.91595
14516,45803.33004
14517,46123.87146
14518,46445.44525
14519,46767.9561
14520,47091.30846
14521,47415.40651
14522,47740.1542
14523,48065.45532
14524,48391.21347
14525,48717.33211
14526,49043.71461
14527,49370.26426
14528,49696.88429
14529,50023.47792
14530,50349.94838
14531,50676.19891
14532,51002.13285
14533,51327.65362
14534,51652.66476
14535,51977.06995
14536,52300.77308
14537,52623.67821
14538,52945.68967
14539,53266.71204
14540,53586.65019
14541,53905.40932
14542,54222.89497
14543,54539.01307
14544,54853.66993
14545,55166.77233
14546,55478.22748
14547,55787.9431
14548,56095.8274
14549,56401.78915
14550,56705.7377
14551,57007.58297
14552,57307.23552
14553,57604.60656
14554,57899.60797
14555,58192.15233
14556,58482.15296
14557,58769.52392
14558,59054.18007
14559,59336.03705
14560,59615.01133
14561,59891.02026
14562,60163.98205
14563,60433.8158
14564,60700.44157
14565,60963.78035
14566,61223.75411
14567,61480.2858
14568,61733.29941
14569,61982.71998
14570,62228.47358
14571,62470.48741
14572,62708.68973
14573,62943.00998
14574,63173.37872
14575,63399.72767
14576,63621.98978
14577,63840.09918
14578,64053.99124
14579,64263.60257
14580,64468.87107
14581,64669.73591
14582,64866.13757
14583,65058.01785
14584,65245.3199
14585,65427.98821
14586,65605.96865
14587,65779.20848
14588,65947.65638
14589,66111.26242
14590,66269.97812
14591,66423.75646
14592,66572.55186
14593,66716.32023
14594,66855.01898
14595,66988.60701
14596,67117.04472
14597,67240.29406
14598,67358.31851
14599,67471.08309
14600,67578.55439
14601,67680.70057
14602,67777.49135
14603,67868.89806
14604,67954.89361
14605,68035.45251
14606,68110.5509
14607,68180.16652
14608,68244.27875
14609,68302.86858
14610,68355.91865
14611,68403.41325
14612,68445.3383
14613,68481.68138
14614,68512.43171
14615,68537.58019
14616,68557.11937
14617,68571.04345
14618,68579.34831
14619,68582.03148
14620,68579.09218
14621,68570.53127
14622,68556.35129
14623,68536.55644
14624,68511.15259
14625,68480.14726
14626,68443.54965
14627,68401.3706
14628,68353.6226
14629,68300.3198
14630,68241.47801
14631,68177.11465
14632,68107.2488
14633,68031.90115
14634,67951.09405
14635,67864.85143
14636,67773.19885
14637,67676.16346
14638,67573.77403
14639,67466.06088
14640,67353.05594
14641,67234.7927
14642,67111.3062
14643,66982.63302
14644,66848.81131
14645,66709.8807
14646,66565.88238
14647,66416.85901
14648,66262.85475
14649,66103.91523
14650,65940.08755
14651,65771.42027
14652,65597.96334
14653,65419.76819
14654,65236.8876
14655,65049.37577
14656,64857.28827
14657,64660.68201
14658,64459.61526
14659,64254.14759
14660,64044.33988
14661,63830.25432
14662,63611.95433
14663,63389.5046
14664,63162.97105
14665,62932.42081
14666,62697.9222
14667,62459.54469
14668,62217.35893
14669,61971.43669
14670,61721.85082
14671,61468.6753
14672,61211.98515
14673,60951.85642
14674,60688.36619
14675,60421.59255
14676,60151.61455
14677,59878.51219
14678,59602.36639
14679,59323.25898
14680,59041.27266
14681,58756.491
14682,58468.99838
14683,58178.88
14684,57886.22181
14685,57591.11055
14686,57293.63365
14687,56993.87928
14688,56691.93624
14689,56387.89402
14690,56081.84271
14691,55773.873
14692,55464.07614
14693,55152.54393
14694,54839.3687
14695,54524.64324
14696,54208.4608
14697,53890.91509
14698,53572.10019
14699,53252.11059
14700,52931.04109
14701,52608.98684
14702,52286.04327
14703,51962.30607
14704,51637.87119
14705,51312.83474
14706,50987.29305
14707,50661.34259
14708,50335.07993
14709,50008.60176
14710,49682.00482
14711,49355.38589
14712,49028.84175
14713,48702.46917
14714,48376.36485
14715,48050.62543
14716,47725.34743
14717,47400.62724
14718,47076.56107
14719,46753.24497
14720,46430.77473
14721,46109.2459
14722,45788.75377
14723,45469.3933
14724,45151.25913
14725,44834.44552
14726,44519.04635
14727,44205.1551
14728,43892.86475
14729,43582.26786
14730,43273.45647
14731,42966.52207
14732,42661.55563
14733,42358.6475
14734,42057.88745
14735,41759.3646
14736,41463.1674
14737,41169.38363
14738,40878.10035
14739,40589.40386
14740,40303.37971
14741,40020.11265
14742,39739.68664
14743,39462.18475
14744,39187.68922
14745,38916.2814
14746,38648.0417
14747,38383.04961
14748,38121.38365
14749,37863.12136
14750,37608.33927
14751,37357.11287
14752,37109.51662
14753,36865.62387
14754,36625.5069
14755,36389.23686
14756,36156.88376
14757,35928.51646
14758,35704.20262
14759,35484.00871
14760,35267.99998
14761,35056.24044
14762,34848.79284
14763,34645.71865
14764,34447.07804
14765,34252.92988
14766,34063.33169
14767,33878.33966
14768,33698.00861
14769,33522.39196
14770,33351.54177
14771,33185.50865
14772,33024.34181
14773,32868.08901
14774,32716.79653
14775,32570.50922
14776,32429.27043
14777,32293.122
14778,32162.10428
14779,32036.25609
14780,31915.61473
14781,31800.21594
14782,31690.09392
14783,31585.2813
14784,31485.80913
14785,31391.7069
14786,31303.00249
14787,31219.72218
14788,31141.89065
14789,31069.53096
14790,31002.66456
14791,30941.31126
14792,30885.48924
14793,30835.21504
14794,30790.50356
14795,30751.36805
14796,30717.8201
14797,30689.86966
14798,30667.525
14799,30650.79275
14800,30639.67787
14801,30634.18365
14802,30634.31172
14803,30640.06204
14804,30651.43291
14805,30668.42095
14806,30691.02114
14807,30719.22677
14808,30753.02949
14809,30792.41928
14810,30837.38448
14811,30887.91175
14812,30943.98612
14813,31005.59098
14814,31072.70807
14815,31145.3175
14816,31223.39777
14817,31306.92573
14818,31395.87662
14819,31490.2241
14820,31589.94021
14821,31694.99539
14822,31805.35852
14823,31920.99689
14824,32041.87624
14825,32167.96075
14826,32299.21306
14827,32435.59427
14828,32577.06397
14829,32723.58024
14830,32875.09967
14831,33031.57736
14832,33192.96693
14833,33359.22057
14834,33530.28902
14835,33706.12157
14836,33886.66613
14837,34071.86919
14838,34261.67589
14839,34456.02997
14840,34654.87384
14841,34858.14858
14842,35065.79396
14843,35277.74845
14844,35493.94924
14845,35714.33226
14846,35938.83221
14847,36167.38257
14848,36399.91561
14849,36636.36243
14850,36876.65296
14851,37120.716
14852,37368.47924
14853,37619.86924
14854,37874.81152
14855,38133.23054
14856,38395.04971
14857,38660.19146
14858,38928.57722
14859,39200.12747
14860,39474.76172
14861,39752.39861
14862,40032.95587
14863,40316.35035
14864,40602.49809
14865,40891.31429
14866,41182.71337
14867,41476.60898
14868,41772.91403
14869,42071.54073
14870,42372.40058
14871,42675.40443
14872,42980.4625
14873,43287.48438
14874,43596.37911
14875,43907.05515
14876,44219.42044
14877,44533.38242
14878,44848.84805
14879,45165.72386
14880,45483.91595
14881,45803.33004
14882,46123.87146
14883,46445.44525
14884,46767.9561
14885,47091.30846
14886,47415.40651
14887,47740.1542
14888,48065.45532
14889,48391.21347
14890,48717.33211
14891,49043.71461
14892,49370.26426
14893,49696.88429
14894,50023.47792
14895,50349.94838
14896,50676.19891
14897,51002.13285
14898,51327.65362
14899,51652.66476
14900,51977.06995
14901,52300.77308
14902,52623.67821
14903,52945.68967
14904,53266.71204
14905,53586.65019
14906,53905.40932
14907,54222.89497
14908,54539.01307
14909,54853.66993
14910,55166.77233
14911,55478.22748
14912,55787.9431
14913,56095.8274
14914,56401.78915
14915,56705.7377
14916,57007.58297
14917,57307.23552
14918,57604.60656
14919,57899.60797
14920,58192.15233
14921,58482.15296
14922,58769.52392
14923,59054.18007
14924,59336.03705
14925,59615.01133
14926,59891.02026
14927,60163.98205
14928,60433.8158
14929,60700.44157
14930,60963.78035
14931,61223.75411
14932,61480.2858
14933,61733.29941
14934,61982.71998
14935,62228.47358
14936,62470.48741
14937,62708.68973
14938,62943.00998
14939,63173.37872
14940,63399.72767
14941,63621.98978
14942,63840.09918
14943,64053.99124
14944,64263.60257
14945,64468.87107
14946,64669.73591
14947,64866.13757
14948,65058.01785
14949,65245.3199
14950,65427.98821
14951,65605.96865
14952,65779.20848
14953,65947.65638
14954,66111.26242
14955,66269.97812
14956,66423.75646
14957,66572.55186
14958,66716.32023
14959,66855.01898
14960,66988.60701
14961,67117.04472
14962,67240.29406
14963,67358.31851
14964,67471.08309
14965,67578.55439
14966,67680.70057
14967,67777.49135
14968,67868.89806
14969,67954.89361
14970,68035.45251
14971,68110.5509
14972,68180.16652
14973,68244.27875
14974,68302.86858
14975,68355.91865
14976,68403.41325
14977,68445.3383
14978,68481.68138
14979,68512.43171
14980,68537.58019
14981,68557.11937
14982,68571.04345
14983,68579.34831
14984,68582.03148
14985,68579.09218
14986,68570.53127
14987,68556.35129
14988,68536.55644
14989,68511.15259
14990,68480.14726
14991,68443.54965
14992,68401.3706
14993,68353.6226
14994,68300.3198
14995,68241.47801
14996,68177.11465
14997,68107.2488
14998,68031.90115
14999,67951.09405
15000,67864.85143
15001,67773.19885
15002,67676.16346
15003,67573.77403
15004,67466.06088
15005,67353.05594
15006,67234.7927
15007,67111.3062
15008,66982.63302
15009,66848.81131
15010,66709.8807
15011,66565.88238
15012,66416.85901
15013,66262.85475
15014,66103.91523
15015,65940.08755
15016,65771.42027
15017,65597.96334
15018,65419.76819
15019,65236.8876
15020,65049.37577
15021,64857.28827
15022,64660.68201
15023,64459.61526
15024,64254.14759
15025,64044.33988
15026,63830.25432
15027,63611.95433
15028,63389.5046
15029,63162.97105
15030,62932.42081
15031,62697.9222
15032,62459.54469
15033,62217.35893
15034,61971.43669
15035,61721.85082
15036,61468.6753
15037,61211.98515
15038,60951.85642
15039,60688.36619
15040,60421.59255
15041,60151.61455
15042,59878.51219
15043,59602.36639
15044,59323.25898
15045,59041.27266
15046,58756.491
15047,58468.99838
15048,58178.88
15049,57886.22181
15050,57591.11055
15051,57293.63365
15052,56993.87928
15053,56691.93624
15054,56387.89402
15055,56081.84271
15056,55773.873
15057,55464.07614
15058,55152.54393
15059,54839.3687
15060,54524.64324
15061,54208.4608
15062,53890.91509
15063,53572.10019
15064,53252.11059
15065,52931.04109
15066,52608.98684
15067,52286.04327
15068,51962.30607
15069,51637.87119
15070,51312.83474
15071,50987.29305
15072,50661.34259
15073,50335.07993
15074,50008.60176
15075,49682.00482
15076,49355.38589
15077,49028.84175
15078,48702.46917
15079,48376.36485
15080,48050.62543
15081,47725.34743
15082,47400.62724
15083,47076.56107
15084,46753.24497
15085,46430.77473
15086,46109.2459
15087,45788.75377
15088,45469.3933
15089,45151.25913
15090,44834.44552
15091,44519.04635
15092,44205.1551
15093,43892.86475
15094,43582.26786
15095,43273.45647
15096,42966.52207
15097,42661.55563
15098,42358.6475
15099,42057.88745
15100,41759.3646
15101,41463.1674
15102,41169.38363
15103,40878.10035
15104,40589.40386
15105,40303.37971
15106,40020.11265
15107,39739.68664
15108,39462.18475
15109,39187.68922
15110,38916.2814
15111,38648.0417
15112,38383.04961
15113,38121.38365
15114,37863.12136
15115,37608.33927
15116,37357.11287
15117,37109.51662
15118,36865.62387
15119,36625.5069
15120,36389.23686
15121,36156.88376
15122,35928.51646
15123,35704.20262
15124,35484.00871
15125,35267.99998
15126,35056.24044
15127,34848.79284
15128,34645.71865
15129,34447.07804
15130,34252.92988
15131,34063.33169
15132,33878.33966
15133,33698.00861
15134,33522.39196
15135,33351.54177
15136,33185.50865
15137,33024.34181
15138,32868.08901
15139,32716.79653
15140,32570.50922
15141,32429.27043
15142,32293.122
15143,32162.10428
15144,32036.25609
15145,31915.61473
15146,31800.21594
15147,31690.09392
15148,31585.2813
15149,31485.80913
15150,31391.7069
15151,31303.00249
15152,31219.72218
15153,31141.89065
15154,31069.53096
15155,31002.66456
15156,30941.31126
15157,30885.48924
15158,30835.21504
15159,30790.50356
15160,30751.36805
15161,30717.8201
15162,30689.86966
15163,30667.525
15164,30650.79275
15165,30639.67787
15166,30634.18365
15167,30634.31172
15168,30640.06204
15169,30651.43291
15170,30668.42095
15171,30691.02114
15172,30719.22677
15173,30753.02949
15174,30792.41928
15175,30837.38448
15176,30887.91175
15177,30943.98612
15178,31005.59098
15179,31072.70807
15180,31145.3175
15181,31223.39777
15182,31306.92573
15183,31395.87662
15184,31490.2241
15185,31589.94021
15186,31694.99539
15187,31805.35852
15188,31920.99689
15189,32041.87624
15190,32167.96075
15191,32299.21306
15192,32435.59427
15193,32577.06397
15194,32723.58024
15195,32875.09967
15196,33031.57736
15197,33192.96693
15198,33359.22057
15199,33530.28902
15200,33706.12157
15201,33886.66613
15202,34071.86919
15203,34261.67589
15204,34456.02997
15205,34654.87384
15206,34858.14858
15207,35065.79396
15208,35277.74845
15209,35493.94924
15210,35714.33226
15211,35938.83221
15212,36167.38257
15213,36399.91561
15214,36636.36243
15215,36876.65296
15216,37120.716
15217,37368.47924
15218,37619.86924
15219,37874.81152
15220,38133.23054
15221,38395.04971
15222,38660.19146
15223,38928.57722
15224,39200.12747
15225,39474.76172
15226,39752.39861
15227,40032.95587
15228,40316.35035
15229,40602.49809
15230,40891.31429
15231,41182.71337
15232,41476.60898
15233,41772.91403
15234,42071.54073
15235,42372.40058
15236,42675.40443
15237,42980.4625
15238,43287.48438
15239,43596.37911
15240,43907.05515
15241,44219.42044
15242,44533.38242
15243,44848.84805
15244,45165.72386
15245,45483.91595
15246,45803.33004
15247,46123.87146
15248,46445.44525
15249,46767.9561
15250,47091.30846
15251,47415.40651
15252,47740.1542
15253,48065.45532
15254,48391.21347
15255,48717.33211
15256,49043.71461
15257,49370.26426
15258,49696.88429
15259,50023.47792
15260,50349.94838
15261,50676.19891
15262,51002.13285
15263,51327.65362
15264,51652.66476
15265,51977.06995
15266,52300.77308
15267,52623.67821
15268,52945.68967
15269,53266.71204
15270,53586.65019
15271,53905.40932
15272,54222.89497
15273,54539.01307
15274,54853.66993
15275,55166.77233
15276,55478.22748
15277,55787.9431
15278,56095.8274
15279,56401.78915
15280,56705.7377
15281,57007.58297
15282,57307.23552
15283,57604.60656
15284,57899.60797
15285,58192.15233
15286,58482.15296
15287,58769.52392
15288,59054.18007
15289,59336.03705
15290,59615.01133
15291,59891.02026
15292,60163.98205
15293,60433.8158
15294,60700.44157
15295,60963.78035
15296,61223.75411
15297,61480.2858
15298,61733.29941
15299,61982.71998
15300,62228.47358
15301,62470.48741
15302,62708.68973
15303,62943.00998
15304,63173.37872
15305,63399.72767
15306,63621.98978
15307,63840.09918
15308,64053.99124
15309,64263.60257
15310,64468.87107
15311,64669.73591
15312,64866.13757
15313,65058.01785
15314,65245.3199
15315,65427.98821
15316,65605.96865
15317,65779.20848
15318,65947.65638
15319,66111.26242
15320,66269.97812
15321,66423.75646
15322,66572.55186
15323,66716.32023
15324,66855.01898
15325,66988.60701
15326,67117.04472
15327,67240.29406
15328,67358.31851
15329,67471.08309
15330,67578.55439
15331,67680.70057
15332,67777.49135
15333,67868.89806
15334,67954.89361
15335,68035.45251
15336,68110.5509
15337,68180.16652
15338,68244.27875
15339,68302.86858
15340,68355.91865
15341,68403.41325
15342,68445.3383
15343,68481.68138
15344,68512.43171
15345,68537.58019
15346,68557.11937
15347,68571.04345
15348,68579.34831
15349,68582.03148
15350,68579.09218
15351,68570.53127
15352,68556.35129
15353,68536.55644
15354,68511.15259
15355,68480.14726
15356,68443.54965
15357,68401.3706
15358,68353.6226
15359,68300.3198
15360,68241.47801
15361,68177.11465
15362,68107.2488
15363,68031.90115
15364,67951.09405
15365,67864.85143
15366,67773.19885
15367,67676.16346
15368,67573.77403
15369,67466.06088
15370,67353.05594
15371,67234.7927
15372,67111.3062
15373,66982.63302
15374,66848.81131
15375,66709.8807
15376,66565.88238
15377,66416.85901
15378,66262.85475
15379,66103.91523
15380,65940.08755
15381,65771.42027
15382,65597.96334
15383,65419.76819
15384,65236.8876
15385,65049.37577
15386,64857.28827
15387,64660.68201
15388,64459.61526
15389,64254.14759
15390,64044.33988
15391,63830.25432
15392,63611.95433
15393,63389.5046
15394,63162.97105
15395,62932.42081
15396,62697.9222
15397,62459.54469
15398,62217.35893
15399,61971.43669
15400,61721.85082
15401,61468.6753
15402,61211.98515
15403,60951.85642
15404,60688.36619
15405,60421.59255
15406,60151.61455
15407,59878.51219
15408,59602.36639
15409,59323.25898
15410,59041.27266
15411,58756.491
15412,58468.99838
15413,58178.88
15414,57886.22181
15415,57591.11055
15416,57293.63365
15417,56993.87928
15418,56691.93624
15419,56387.89402
15420,56081.84271
15421,55773.873
15422,55464.07614
15423,55152.54393
15424,54839.3687
15425,54524.64324
15426,54208.4608
15427,53890.91509
15428,53572.10019
15429,53252.11059
15430,52931.04109
15431,52608.98684
15432,52286.04327
15433,51962.30607
15434,51637.87119
15435,51312.83474
15436,50987.29305
15437,50661.34259
15438,50335.07993
15439,50008.60176
15440,49682.00482
15441,49355.38589
15442,49028.84175
15443,48702.46917
15444,48376.36485
15445,48050.62543
15446,47725.34743
15447,47400.62724
15448,47076.56107
15449,46753.24497
15450,46430.77473
15451,46109.2459
15452,45788.75377
15453,45469.3933
15454,45151.25913
15455,44834.44552
15456,44519.04635
15457,44205.1551
15458,43892.86475
15459,43582.26786
15460,43273.45647
15461,42966.52207
15462,42661.55563
15463,42358.6475
15464,42057.88745
15465,41759.3646
15466,41463.1674
15467,41169.38363
15468,40878.10035
15469,40589.40386
15470,40303.37971
15471,40020.11265
15472,39739.68664
15473,39462.18475
15474,39187.68922
15475,38916.2814
15476,38648.0417
15477,38383.04961
15478,38121.38365
15479,37863.12136
15480,37608.33927
15481,37357.11287
15482,37109.51662
15483,36865.62387
15484,36625.5069
15485,36389.23686
15486,36156.88376
15487,35928.51646
15488,35704.20262
15489,35484.00871
15490,35267.99998
15491,35056.24044
15492,34848.79284
15493,34645.71865
15494,34447.07804
15495,34252.92988
15496,34063.33169
15497,33878.33966
15498,33698.00861
15499,33522.39196
15500,33351.54177
15501,33185.50865
15502,33024.34181
15503,32868.08901
15504,32716.79653
15505,32570.50922
15506,32429.27043
15507,32293.122
15508,32162.10428
15509,32036.25609
15510,31915.61473
15511,31800.21594
15512,31690.09392
15513,31585.2813
15514,31485.80913
15515,31391.7069
15516,31303.00249
15517,31219.72218
15518,31141.89065
15519,31069.53096
15520,31002.66456
15521,30941.31126
15522,30885.48924
15523,30835.21504
15524,30790.50356
15525,30751.36805
15526,30717.8201
15527,30689.86966
15528,30667.525
15529,30650.79275
15530,30639.67787
15531,30634.18365
15532,30634.31172
15533,30640.06204
15534,30651.43291
15535,30668.42095
15536,30691.02114
15537,30719.22677
15538,30753.02949
15539,30792.41928
15540,30837.38448
15541,30887.91175
15542,30943.98612
15543,31005.59098
15544,31072.70807
15545,31145.3175
15546,31223.39777
15547,31306.92573
15548,31395.87662
15549,31490.2241
15550,31589.94021
15551,31694.99539
15552,31805.35852
15553,31920.99689
15554,32041.87624
15555,32167.96075
15556,32299.21306
15557,32435.59427
15558,32577.06397
15559,32723.58024
15560,32875.09967
15561,33031.57736
15562,33192.96693
15563,33359.22057
15564,33530.28902
15565,33706.12157
15566,33886.66613
15567,34071.86919
15568,34261.67589
15569,34456.02997
15570,34654.87384
15571,34858.14858
15572,35065.79396
15573,35277.74845
15574,35493.94924
15575,35714.33226
15576,35938.83221
15577,36167.38257
15578,36399.91561
15579,36636.36243
15580,36876.65296
15581,37120.716
15582,37368.47924
15583,37619.86924
15584,37874.81152
15585,38133.23054
15586,38395.04971
15587,38660.19146
15588,38928.57722
15589,39200.12747
15590,39474.76172
15591,39752.39861
15592,40032.95587
15593,40316.35035
15594,40602.49809
15595,40891.31429
15596,41182.71337
15597,41476.60898
15598,41772.91403
15599,42071.54073
15600,42372.40058
15601,42675.40443
15602,42980.4625
15603,43287.48438
15604,43596.37911
15605,43907.05515
15606,44219.42044
15607,44533.38242
15608,44848.84805
15609,45165.72386
15610,45483.91595
15611,45803.33004
15612,46123.87146
15613,46445.44525
15614,46767.9561
15615,47091.30846
15616,47415.40651
15617,47740.1542
15618,48065.45532
15619,48391.21347
15620,48717.33211
15621,49043.71461
15622,49370.26426
15623,49696.88429
15624,50023.47792
15625,50349.94838
15626,50676.19891
15627,51002.13285
15628,51327.65362
15629,51652.66476
15630,51977.06995
15631,52300.77308
15632,52623.67821
15633,52945.68967
15634,53266.71204
15635,53586.65019
15636,53905.40932
15637,54222.89497
15638,54539.01307
15639,54853.66993
15640,55166.77233
15641,55478.22748
15642,55787.9431
15643,56095.8274
15644,56401.78915
15645,56705.7377
15646,57007.58297
15647,57307.23552
15648,57604.60656
15649,57899.60797
15650,58192.15233
15651,58482.15296
15652,58769.52392
15653,59054.18007
15654,59336.03705
15655,59615.01133
15656,59891.02026
15657,60163.98205
15658,60433.8158
15659,60700.44157
15660,60963.78035
15661,61223.75411
15662,61480.2858
15663,61733.29941
15664,61982.71998
15665,62228.47358
15666,62470.48741
15667,62708.68973
15668,62943.00998
15669,63173.37872
15670,63399.72767
15671,63621.98978
15672,63840.09918
15673,64053.99124
15674,64263.60257
15675,64468.87107
15676,64669.73591
15677,64866.13757
15678,65058.01785
15679,65245.3199
15680,65427.98821
15681,65605.96865
15682,65779.20848
15683,65947.65638
15684,66111.26242
15685,66269.97812
15686,66423.75646
15687,66572.55186
15688,66716.32023
15689,66855.01898
15690,66988.60701
15691,67117.04472
15692,67240.29406
15693,67358.31851
15694,67471.08309
15695,67578.55439
15696,67680.70057
15697,67777.49135
15698,67868.89806
15699,67954.89361
15700,68035.45251
15701,68110.5509
15702,68180.16652
15703,68244.27875
15704,68302.86858
15705,68355.91865
15706,68403.41325
15707,68445.3383
15708,68481.68138
15709,68512.43171
15710,68537.58019
15711,68557.11937
15712,68571.04345
15713,68579.34831
15714,68582.03148
15715,68579.09218
15716,68570.53127
15717,68556.35129
15718,68536.55644
15719,68511.15259
15720,68480.14726
15721,68443.54965
15722,68401.3706
15723,68353.6226
15724,68300.3198
15725,68241.47801
15726,68177.11465
15727,68107.2488
15728,68031.90115
15729,67951.09405
15730,67864.85143
15731,67773.19885
15732,67676.16346
15733,67573.77403
15734,67466.06088
15735,67353.05594
15736,67234.7927
15737,67111.3062
15738,66982.63302
15739,66848.81131
15740,66709.8807
15741,66565.88238
15742,66416.85901
15743,66262.85475
15744,66103.91523
15745,65940.08755
15746,65771.42027
15747,65597.96334
15748,65419.76819
15749,65236.8876
15750,65049.37577
15751,64857.28827
15752,64660.68201
15753,64459.61526
15754,64254.14759
15755,64044.33988
15756,63830.25432
15757,63611.95433
15758,63389.5046
15759,63162.97105
15760,62932.42081
15761,62697.9222
15762,62459.54469
15763,62217.35893
15764,61971.43669
15765,61721.85082
15766,61468.6753
15767,61211.98515
15768,60951.85642
15769,60688.36619
15770,60421.59255
15771,60151.61455
15772,59878.51219
15773,59602.36639
15774,59323.25898
15775,59041.27266
15776,58756.491
15777,58468.99838
15778,58178.88
15779,57886.22181
15780,57591.11055
15781,57293.63365
15782,56993.87928
15783,56691.93624
15784,56387.89402
15785,56081.84271
15786,55773.873
15787,55464.07614
15788,55152.54393
15789,54839.3687
15790,54524.64324
15791,54208.4608
15792,53890.91509
15793,53572.10019
15794,53252.11059
15795,52931.04109
15796,52608.98684
15797,52286.04327
15798,51962.30607
15799,51637.87119
15800,51312.83474
15801,50987.29305
15802,50661.34259
15803,50335.07993
15804,50008.60176
15805,49682.00482
15806,49355.38589
15807,49028.84175
15808,48702.46917
15809,48376.36485
15810,48050.62543
15811,47725.34743
15812,47400.62724
15813,47076.56107
15814,46753.24497
15815,46430.77473
15816,46109.2459
15817,45788.75377
15818,45469.3933
15819,45151.25913
15820,44834.44552
15821,44519.04635
15822,44205.1551
15823,43892.86475
15824,43582.26786
15825,43273.45647
15826,42966.52207
15827,42661.55563
15828,42358.6475
15829,42057.88745
15830,41759.3646
15831,41463.1674
15832,41169.38363
15833,40878.10035
15834,40589.40386
15835,40303.37971
15836,40020.11265
15837,39739.68664
15838,39462.18475
15839,39187.68922
15840,38916.2814
15841,38648.0417
15842,38383.04961
15843,38121.38365
15844,37863.12136
15845,37608.33927
15846,37357.11287
15847,37109.51662
15848,36865.62387
15849,36625.5069
15850,36389.23686
15851,36156.88376
15852,35928.51646
15853,35704.20262
15854,35484.00871
15855,35267.99998
15856,35056.24044
15857,34848.79284
15858,34645.71865
15859,34447.07804
15860,34252.92988
15861,34063.33169
15862,33878.33966
15863,33698.00861
15864,33522.39196
15865,33351.54177
15866,33185.50865
15867,33024.34181
15868,32868.08901
15869,32716.79653
15870,32570.50922
15871,32429.27043
15872,32293.122
15873,32162.10428
15874,32036.25609
15875,31915.61473
15876,31800.21594
15877,31690.09392
15878,31585.2813
15879,31485.80913
15880,31391.7069
15881,31303.00249
15882,31219.72218
15883,31141.89065
15884,31069.53096
15885,31002.66456
15886,30941.31126
15887,30885.48924
15888,30835.21504
15889,30790.50356
15890,30751.36805
15891,30717.8201
15892,30689.86966
15893,30667.525
15894,30650.79275
15895,30639.67787
15896,30634.18365
15897,30634.31172
15898,30640.06204
15899,30651.43291
15900,30668.42095
15901,30691.02114
15902,30719.22677
15903,30753.02949
15904,30792.41928
15905,30837.38448
15906,30887.91175
15907,30943.98612
15908,31005.59098
15909,31072.70807
15910,31145.3175
15911,31223.39777
15912,31306.92573
15913,31395.87662
15914,31490.2241
15915,31589.94021
15916,31694.99539
15917,31805.35852
15918,31920.99689
15919,32041.87624
15920,32167.96075
15921,32299.21306
15922,32435.59427
15923,32577.06397
15924,32723.58024
15925,32875.09967
15926,33031.57736
15927,33192.96693
15928,33359.22057
15929,33530.28902
15930,33706.12157
15931,33886.66613
15932,34071.86919
15933,34261.67589
15934,34456.02997
15935,34654.87384
15936,34858.14858
15937,35065.79396
15938,35277.74845
15939,35493.94924
15940,35714.33226
15941,35938.83221
15942,36167.38257
15943,36399.91561
15944,36636.36243
15945,36876.65296
15946,37120.716
15947,37368.47924
15948,37619.86924
15949,37874.81152
15950,38133.23054
15951,38395.04971
15952,38660.19146
15953,38928.57722
15954,39200.12747
15955,39474.76172
15956,39752.39861
15957,40032.95587
15958,40316.35035
15959,40602.49809
15960,40891.31429
15961,41182.71337
15962,41476.60898
15963,41772.91403
15964,42071.54073
15965,42372.40058
15966,42675.40443
15967,42980.4625
15968,43287.48438
15969,43596.37911
15970,43907.05515
15971,44219.42044
15972,44533.38242
15973,44848.84805
15974,45165.72386
15975,45483.91595
15976,45803.33004
15977,46123.87146
15978,46445.44525
15979,46767.9561
15980,47091.30846
15981,47415.40651
15982,47740.1542
15983,48065.45532
15984,48391.21347
15985,48717.33211
15986,49043.71461
15987,49370.26426
15988,49696.88429
15989,50023.47792
15990,50349.94838
15991,50676.19891
15992,51002.13285
15993,51327.65362
15994,51652.66476
15995,51977.06995
15996,52300.77308
15997,52623.67821
15998,52945.68967
15999,53266.71204
16000,53586.65019
16001,53905.40932
16002,54222.89497
16003,54539.01307
16004,54853.66993
16005,55166.77233
16006,55478.22748
16007,55787.9431
16008,56095.8274
16009,56401.78915
16010,56705.7377
16011,57007.58297
16012,57307.23552
16013,57604.60656
16014,57899.60797
16015,58192.15233
16016,58482.15296
16017,58769.52392
16018,59054.18007
16019,59336.03705
16020,59615.01133
16021,59891.02026
16022,60163.98205
16023,60433.8158
16024,60700.44157
16025,60963.78035
16026,61223.75411
16027,61480.2858
16028,61733.29941
16029,61982.71998
16030,62228.47358
16031,62470.48741
16032,62708.68973
16033,62943.00998
16034,63173.37872
16035,63399.72767
16036,63621.98978
16037,63840.09918
16038,64053.99124
16039,64263.60257
16040,64468.87107
16041,64669.73591
16042,64866.13757
16043,65058.01785
16044,65245.3199
16045,65427.98821
16046,65605.96865
16047,65779.20848
16048,65947.65638
16049,66111.26242
16050,66269.97812
16051,66423.75646
16052,66572.55186
16053,66716.32023
16054,66855.01898
16055,66988.60701
16056,67117.04472
16057,67240.29406
16058,67358.31851
16059,67471.08309
16060,67578.55439
16061,67680.70057
16062,67777.49135
16063,67868.89806
16064,67954.89361
16065,68035.45251
16066,68110.5509
16067,68180.16652
16068,68244.27875
16069,68302.86858
16070,68355.91865
16071,68403.41325
16072,68445.3383
16073,68481.68138
16074,68512.43171
16075,68537.58019
16076,68557.11937
16077,68571.04345
16078,68579.34831
16079,68582.03148
16080,68579.09218
16081,68570.53127
16082,68556.35129
16083,68536.55644
16084,68511.15259
16085,68480.14726
16086,68443.54965
16087,68401.3706
16088,68353.6226
16089,68300.3198
16090,68241.47801
16091,68177.11465
16092,68107.2488
16093,68031.90115
16094,67951.09405
16095,67864.85143
16096,67773.19885
16097,67676.16346
16098,67573.77403
16099,67466.06088
16100,67353.05594
16101,67234.7927
16102,67111.3062
16103,66982.63302
16104,66848.81131
16105,66709.8807
16106,66565.88238
16107,66416.85901
16108,66262.85475
16109,66103.91523
16110,65940.08755
16111,65771.42027
16112,65597.96334
16113,65419.76819
16114,65236.8876
16115,65049.37577
16116,64857.28827
16117,64660.68201
16118,64459.61526
16119,64254.14759
16120,64044.33988
16121,63830.25432
16122,63611.95433
16123,63389.5046
16124,63162.97105
16125,62932.42081
16126,62697.9222
16127,62459.54469
16128,62217.35893
16129,61971.43669
16130,61721.85082
16131,61468.6753
16132,61211.98515
16133,60951.85642
16134,60688.36619
16135,60421.59255
16136,60151.61455
16137,59878.51219
16138,59602.36639
16139,59323.25898
16140,59041.27266
16141,58756.491
16142,58468.99838
16143,58178.88
16144,57886.22181
16145,57591.11055
16146,57293.63365
16147,56993.87928
16148,56691.93624
16149,56387.89402
16150,56081.84271
16151,55773.873
16152,55464.07614
16153,55152.54393
16154,54839.3687
16155,54524.64324
16156,54208.4608
16157,53890.91509
16158,53572.10019
16159,53252.11059
16160,52931.04109
16161,52608.98684
16162,52286.04327
16163,51962.30607
16164,51637.87119
16165,51312.83474
16166,50987.29305
16167,50661.34259
16168,50335.07993
16169,50008.60176
16170,49682.00482
16171,49355.38589
16172,49028.84175
16173,48702.46917
16174,48376.36485
16175,48050.62543
16176,47725.34743
16177,47400.62724
16178,47076.56107
16179,46753.24497
16180,46430.77473
16181,46109.2459
16182,45788.75377
16183,45469.3933
16184,45151.25913
16185,44834.44552
16186,44519.04635
16187,44205.1551
16188,43892.86475
16189,43582.26786
16190,43273.45647
16191,42966.52207
16192,42661.55563
16193,42358.6475
16194,42057.88745
16195,41759.3646
16196,41463.1674
16197,41169.38363
16198,40878.10035
16199,40589.40386
16200,40303.37971
16201,40020.11265
16202,39739.68664
16203,39462.18475
16204,39187.68922
16205,38916.2814
16206,38648.0417
16207,38383.04961
16208,38121.38365
16209,37863.12136
16210,37608.33927
16211,37357.11287
16212,37109.51662
16213,36865.62387
16214,36625.5069
16215,36389.23686
16216,36156.88376
16217,35928.51646
16218,35704.20262
16219,35484.00871
16220,35267.99998
16221,35056.24044
16222,34848.79284
16223,34645.71865
16224,34447.07804
16225,34252.92988
16226,34063.33169
16227,33878.33966
16228,33698.00861
16229,33522.39196
16230,33351.54177
16231,33185.50865
16232,33024.34181
16233,32868.08901
16234,32716.79653
16235,32570.50922
16236,32429.27043
16237,32293.122
16238,32162.10428
16239,32036.25609
16240,31915.61473
16241,31800.21594
16242,31690.09392
16243,31585.2813
16244,31485.80913
16245,31391.7069
16246,31303.00249
16247,31219.72218
16248,31141.89065
16249,31069.53096
16250,31002.66456
16251,30941.31126
16252,30885.48924
16253,30835.21504
16254,30790.50356
16255,30751.36805
16256,30717.8201
16257,30689.86966
16258,30667.525
16259,30650.79275
16260,30639.67787
16261,30634.18365
16262,30634.31172
16263,30640.06204
16264,30651.43291
16265,30668.42095
16266,30691.02114
16267,30719.22677
16268,30753.02949
16269,30792.41928
16270,30837.38448
16271,30887.91175
16272,30943.98612
16273,31005.59098
16274,31072.70807
16275,31145.3175
16276,31223.39777
16277,31306.92573
16278,31395.87662
16279,31490.2241
16280,31589.94021
16281,31694.99539
16282,31805.35852
16283,31920.99689
16284,32041.87624
16285,32167.96075
16286,32299.21306
16287,32435.59427
16288,32577.06397
16289,32723.58024
16290,32875.09967
16291,33031.57736
16292,33192.96693
16293,33359.22057
16294,33530.28902
16295,33706.12157
16296,33886.66613
16297,34071.86919
16298,34261.67589
16299,34456.02997
16300,34654.87384
16301,34858.14858
16302,35065.79396
16303,35277.74845
16304,35493.94924
16305,35714.33226
16306,35938.83221
16307,36167.38257
16308,36399.91561
16309,36636.36243
16310,36876.65296
16311,37120.716
16312,37368.47924
16313,37619.86924
16314,37874.81152
16315,38133.23054
16316,38395.04971
16317,38660.19146
16318,38928.57722
16319,39200.12747
16320,39474.76172
16321,39752.39861
16322,40032.95587
16323,40316.35035
16324,40602.49809
16325,40891.31429
16326,41182.71337
16327,41476.60898
16328,41772.91403
16329,42071.54073
16330,42372.40058
16331,42675.40443
16332,42980.4625
16333,43287.48438
16334,43596.37911
16335,43907.05515
16336,44219.42044
16337,44533.38242
16338,44848.84805
16339,45165.72386
16340,45483.91595
16341,45803.33004
16342,46123.87146
16343,46445.44525
16344,46767.9561
16345,47091.30846
16346,47415.40651
16347,47740.1542
16348,48065.45532
16349,48391.21347
16350,48717.33211
16351,49043.71461
16352,49370.26426
16353,49696.88429
16354,50023.47792
16355,50349.94838
16356,50676.19891
16357,51002.13285
16358,51327.65362
16359,51652.66476
16360,51977.06995
16361,52300.77308
16362,52623.67821
16363,52945.68967
16364,53266.71204
16365,53586.65019
16366,53905.40932
16367,54222.89497
16368,54539.01307
16369,54853.66993
16370,55166.77233
16371,55478.22748
16372,55787.9431
16373,56095.8274
16374,56401.78915
16375,56705.7377
16376,57007.58297
16377,57307.23552
16378,57604.60656
16379,57899.60797
16380,58192.15233
16381,58482.15296
16382,58769.52392
16383,59054.18007
16384,59336.03705
16385,59615.01133
16386,59891.02026
16387,60163.98205
16388,60433.8158
16389,60700.44157
16390,60963.78035
16391,61223.75411
16392,61480.2858
16393,61733.29941
16394,61982.71998
16395,62228.47358
16396,62470.48741
16397,62708.68973
16398,62943.00998
16399,63173.37872
16400,63399.72767
16401,63621.98978
16402,63840.09918
16403,64053.99124
16404,64263.60257
16405,64468.87107
16406,64669.73591
16407,64866.13757
16408,65058.01785
16409,65245.3199
16410,65427.98821
16411,65605.96865
16412,65779.20848
16413,65947.65638
16414,66111.26242
16415,66269.97812
16416,66423.75646
16417,66572.55186
16418,66716.32023
16419,66855.01898
16420,66988.60701
16421,67117.04472
16422,67240.29406
16423,67358.31851
16424,67471.08309
16425,67578.55439
16426,67680.70057
16427,67777.49135
16428,67868.89806
16429,67954.89361
16430,68035.45251
16431,68110.5509
16432,68180.16652
16433,68244.27875
16434,68302.86858
16435,68355.91865
16436,68403.41325
16437,68445.3383
16438,68481.68138
16439,68512.43171
16440,68537.58019
16441,68557.11937
16442,68571.04345
16443,68579.34831
16444,68582.03148
16445,68579.09218
16446,68570.53127
16447,68556.35129
16448,68536.55644
16449,68511.15259
16450,68480.14726
16451,68443.54965
16452,68401.3706
16453,68353.6226
16454,68300.3198
16455,68241.47801
16456,68177.11465
16457,68107.2488
16458,68031.90115
16459,67951.09405
16460,67864.85143
16461,67773.19885
16462,67676.16346
16463,67573.77403
16464,67466.06088
16465,67353.05594
16466,67234.7927
16467,67111.3062
16468,66982.63302
16469,66848.81131
16470,66709.8807
16471,66565.88238
16472,66416.85901
16473,66262.85475
16474,66103.91523
16475,65940.08755
16476,65771.42027
16477,65597.96334
16478,65419.76819
16479,65236.8876
16480,65049.37577
16481,64857.28827
16482,64660.68201
16483,64459.61526
16484,64254.14759
16485,64044.33988
16486,63830.25432
16487,63611.95433
16488,63389.5046
16489,63162.97105
16490,62932.42081
16491,62697.9222
16492,62459.54469
16493,62217.35893
16494,61971.43669
16495,61721.85082
16496,61468.6753
16497,61211.98515
16498,60951.85642
16499,60688.36619
16500,60421.59255
16501,60151.61455
16502,59878.51219
16503,59602.36639
16504,59323.25898
16505,59041.27266
16506,58756.491
16507,58468.99838
16508,58178.88
16509,57886.22181
16510,57591.11055
16511,57293.63365
16512,56993.87928
16513,56691.93624
16514,56387.89402
16515,56081.84271
16516,55773.873
16517,55464.07614
16518,55152.54393
16519,54839.3687
16520,54524.64324
16521,54208.4608
16522,53890.91509
16523,53572.10019
16524,53252.11059
16525,52931.04109
16526,52608.98684
16527,52286.04327
16528,51962.30607
16529,51637.87119
16530,51312.83474
16531,50987.29305
16532,50661.34259
16533,50335.07993
16534,50008.60176
16535,49682.00482
16536,49355.38589
16537,49028.84175
16538,48702.46917
16539,48376.36485
16540,48050.62543
16541,47725.34743
16542,47400.62724
16543,47076.56107
16544,46753.24497
16545,46430.77473
16546,46109.2459
16547,45788.75377
16548,45469.3933
16549,45151.25913
16550,44834.44552
16551,44519.04635
16552,44205.1551
16553,43892.86475
16554,43582.26786
16555,43273.45647
16556,42966.52207
16557,42661.55563
16558,42358.6475
16559,42057.88745
16560,41759.3646
16561,41463.1674
16562,41169.38363
16563,40878.10035
16564,40589.40386
16565,40303.37971
16566,40020.11265
16567,39739.68664
16568,39462.18475
16569,39187.68922
16570,38916.2814
16571,38648.0417
16572,38383.04961
16573,38121.38365
16574,37863.12136
16575,37608.33927
16576,37357.11287
16577,37109.51662
16578,36865.62387
16579,36625.5069
16580,36389.23686
16581,36156.88376
16582,35928.51646
16583,35704.20262
16584,35484.00871
16585,35267.99998
16586,35056.24044
16587,34848.79284
16588,34645.71865
16589,34447.07804
16590,34252.92988
16591,34063.33169
16592,33878.33966
16593,33698.00861
16594,33522.39196
16595,33351.54177
16596,33185.50865
16597,33024.34181
16598,32868.08901
16599,32716.79653
16600,32570.50922
16601,32429.27043
16602,32293.122
16603,32162.10428
16604,32036.25609
16605,31915.61473
16606,31800.21594
16607,31690.09392
16608,31585.2813
16609,31485.80913
16610,31391.7069
16611,31303.00249
16612,31219.72218
16613,31141.89065
16614,31069.53096
16615,31002.66456
16616,30941.31126
16617,30885.48924
16618,30835.21504
16619,30790.50356
16620,30751.36805
16621,30717.8201
16622,30689.86966
16623,30667.525
16624,30650.79275
16625,30639.67787
16626,30634.18365
16627,30634.31172
16628,30640.06204
16629,30651.43291
16630,30668.42095
16631,30691.02114
16632,30719.22677
16633,30753.02949
16634,30792.41928
16635,30837.38448
16636,30887.91175
16637,30943.98612
16638,31005.59098
16639,31072.70807
16640,31145.3175
16641,31223.39777
16642,31306.92573
16643,31395.87662
16644,31490.2241
16645,31589.94021
16646,31694.99539
16647,31805.35852
16648,31920.99689
16649,32041.87624
16650,32167.96075
16651,32299.21306
16652,32435.59427
16653,32577.06397
16654,32723.58024
16655,32875.09967
16656,33031.57736
16657,33192.96693
16658,33359.22057
16659,33530.28902
16660,33706.12157
16661,33886.66613
16662,34071.86919
16663,34261.67589
16664,34456.02997
16665,34654.87384
16666,34858.14858
16667,35065.79396
16668,35277.74845
16669,35493.94924
16670,35714.33226
16671,35938.83221
16672,36167.38257
16673,36399.91561
16674,36636.36243
16675,36876.65296
16676,37120.716
16677,37368.47924
16678,37619.86924
16679,37874.81152
16680,38133.23054
16681,38395.04971
16682,38660.19146
16683,38928.57722
16684,39200.12747
16685,39474.76172
16686,39752.39861
16687,40032.95587
16688,40316.35035
16689,40602.49809
16690,40891.31429
16691,41182.71337
16692,41476.60898
16693,41772.91403
16694,42071.54073
16695,42372.40058
16696,42675.40443
16697,42980.4625
16698,43287.48438
16699,43596.37911
16700,43907.05515
16701,44219.42044
16702,44533.38242
16703,44848.84805
16704,45165.72386
16705,45483.91595
16706,45803.33004
16707,46123.87146
16708,46445.44525
16709,46767.9561
16710,47091.30846
16711,47415.40651
16712,47740.1542
16713,48065.45532
16714,48391.21347
16715,48717.33211
16716,49043.71461
16717,49370.26426
16718,49696.88429
16719,50023.47792
16720,50349.94838
16721,50676.19891
16722,51002.13285
16723,51327.65362
16724,51652.66476
16725,51977.06995
16726,52300.77308
16727,52623.67821
16728,52945.68967
16729,53266.71204
16730,53586.65019
16731,53905.40932
16732,54222.89497
16733,54539.01307
16734,54853.66993
16735,55166.77233
16736,55478.22748
16737,55787.9431
16738,56095.8274
16739,56401.78915
16740,56705.7377
16741,57007.58297
16742,57307.23552
16743,57604.60656
16744,57899.60797
16745,58192.15233
16746,58482.15296
16747,58769.52392
16748,59054.18007
16749,59336.03705
16750,59615.01133
16751,59891.02026
16752,60163.98205
16753,60433.8158
16754,60700.44157
16755,60963.78035
16756,61223.75411
16757,61480.2858
16758,61733.29941
16759,61982.71998
16760,62228.47358
16761,62470.48741
16762,62708.68973
16763,62943.00998
16764,63173.37872
16765,63399.72767
16766,63621.98978
16767,63840.09918
16768,64053.99124
16769,64263.60257
16770,64468.87107
16771,64669.73591
16772,64866.13757
16773,65058.01785
16774,65245.3199
16775,65427.98821
16776,65605.96865
16777,65779.20848
16778,65947.65638
16779,66111.26242
16780,66269.97812
16781,66423.75646
16782,66572.55186
16783,66716.32023
16784,66855.01898
16785,66988.60701
16786,67117.04472
16787,67240.29406
16788,67358.31851
16789,67471.08309
16790,67578.55439
16791,67680.70057
16792,67777.49135
16793,67868.89806
16794,67954.89361
16795,68035.45251
16796,68110.5509
16797,68180.16652
16798,68244.27875
16799,68302.86858
16800,68355.91865
16801,68403.41325
16802,68445.3383
16803,68481.68138
16804,68512.43171
16805,68537.58019
16806,68557.11937
16807,68571.04345
16808,68579.34831
16809,68582.03148
16810,68579.09218
16811,68570.53127
16812,68556.35129
16813,68536.55644
16814,68511.15259
16815,68480.14726
16816,68443.54965
16817,68401.3706
16818,68353.6226
16819,68300.3198
16820,68241.47801
16821,68177.11465
16822,68107.2488
16823,68031.90115
16824,67951.09405
16825,67864.85143
16826,67773.19885
16827,67676.16346
16828,67573.77403
16829,67466.06088
16830,67353.05594
16831,67234.7927
16832,67111.3062
16833,66982.63302
16834,66848.81131
16835,66709.8807
16836,66565.88238
16837,66416.85901
16838,66262.85475
16839,66103.91523
16840,65940.08755
16841,65771.42027
16842,65597.96334
16843,65419.76819
16844,65236.8876
16845,65049.37577
16846,64857.28827
16847,64660.68201
16848,64459.61526
16849,64254.14759
16850,64044.33988
16851,63830.25432
16852,63611.95433
16853,63389.5046
16854,63162.97105
16855,62932.42081
16856,62697.9222
16857,62459.54469
16858,62217.35893
16859,61971.43669
16860,61721.85082
16861,61468.6753
16862,61211.98515
16863,60951.85642
16864,60688.36619
16865,60421.59255
16866,60151.61455
16867,59878.51219
16868,59602.36639
16869,59323.25898
16870,59041.27266
16871,58756.491
16872,58468.99838
16873,58178.88
16874,57886.22181
16875,57591.11055
16876,57293.63365
16877,56993.87928
16878,56691.93624
16879,56387.89402
16880,56081.84271
16881,55773.873
16882,55464.07614
16883,55152.54393
16884,54839.3687
16885,54524.64324
16886,54208.4608
16887,53890.91509
16888,53572.10019
16889,53252.11059
16890,52931.04109
16891,52608.98684
16892,52286.04327
16893,51962.30607
16894,51637.87119
16895,51312.83474
16896,50987.29305
16897,50661.34259
16898,50335.07993
16899,50008.60176
16900,49682.00482
16901,49355.38589
16902,49028.84175
16903,48702.46917
16904,48376.36485
16905,48050.62543
16906,47725.34743
16907,47400.62724
16908,47076.56107
16909,46753.24497
16910,46430.77473
16911,46109.2459
16912,45788.75377
16913,45469.3933
16914,45151.25913
16915,44834.44552
16916,44519.04635
16917,44205.1551
16918,43892.86475
16919,43582.26786
16920,43273.45647
16921,42966.52207
16922,42661.55563
16923,42358.6475
16924,42057.88745
16925,41759.3646
16926,41463.1674
16927,41169.38363
16928,40878.10035
16929,40589.40386
16930,40303.37971
16931,40020.11265
16932,39739.68664
16933,39462.18475
16934,39187.68922
16935,38916.2814
16936,38648.0417
16937,38383.04961
16938,38121.38365
16939,37863.12136
16940,37608.33927
16941,37357.11287
16942,37109.51662
16943,36865.62387
16944,36625.5069
16945,36389.23686
16946,36156.88376
16947,35928.51646
16948,35704.20262
16949,35484.00871
16950,35267.99998
16951,35056.24044
16952,34848.79284
16953,34645.71865
16954,34447.07804
16955,34252.92988
16956,34063.33169
16957,33878.33966
16958,33698.00861
16959,33522.39196
16960,33351.54177
16961,33185.50865
16962,33024.34181
16963,32868.08901
16964,32716.79653
16965,32570.50922
16966,32429.27043
16967,32293.122
16968,32162.10428
16969,32036.25609
16970,31915.61473
16971,31800.21594
16972,31690.09392
16973,31585.2813
16974,31485.80913
16975,31391.7069
16976,31303.00249
16977,31219.72218
16978,31141.89065
16979,31069.53096
16980,31002.66456
16981,30941.31126
16982,30885.48924
16983,30835.21504
16984,30790.50356
16985,30751.36805
16986,30717.8201
16987,30689.86966
16988,30667.525
16989,30650.79275
16990,30639.67787
16991,30634.18365
16992,30634.31172
16993,30640.06204
16994,30651.43291
16995,30668.42095
16996,30691.02114
16997,30719.22677
16998,30753.02949
16999,30792.41928
17000,30837.38448
17001,30887.91175
17002,30943.98612
17003,31005.59098
17004,31072.70807
17005,31145.3175
17006,31223.39777
17007,31306.92573
17008,31395.87662
17009,31490.2241
17010,31589.94021
17011,31694.99539
17012,31805.35852
17013,31920.99689
17014,32041.87624
17015,32167.96075
17016,32299.21306
17017,32435.59427
17018,32577.06397
17019,32723.58024
17020,32875.09967
17021,33031.57736
17022,33192.96693
17023,33359.22057
17024,33530.28902
17025,33706.12157
17026,33886.66613
17027,34071.86919
17028,34261.67589
17029,34456.02997
17030,34654.87384
17031,34858.14858
17032,35065.79396
17033,35277.74845
17034,35493.94924
17035,35714.33226
17036,35938.83221
17037,36167.38257
17038,36399.91561
17039,36636.36243
17040,36876.65296
17041,37120.716
17042,37368.47924
17043,37619.86924
17044,37874.81152
17045,38133.23054
17046,38395.04971
17047,38660.19146
17048,38928.57722
17049,39200.12747
17050,39474.76172
17051,39752.39861
17052,40032.95587
17053,40316.35035
17054,40602.49809
17055,40891.31429
17056,41182.71337
17057,41476.60898
17058,41772.91403
17059,42071.54073
17060,42372.40058
17061,42675.40443
17062,42980.4625
17063,43287.48438
17064,43596.37911
17065,43907.05515
17066,44219.42044
17067,44533.38242
17068,44848.84805
17069,45165.72386
17070,45483.91595
17071,45803.33004
17072,46123.87146
17073,46445.44525
17074,46767.9561
17075,47091.30846
17076,47415.40651
17077,47740.1542
17078,48065.45532
17079,48391.21347
17080,48717.33211
17081,49043.71461
17082,49370.26426
17083,49696.88429
17084,50023.47792
17085,50349.94838
17086,50676.19891
17087,51002.13285
17088,51327.65362
17089,51652.66476
17090,51977.06995
17091,52300.77308
17092,52623.67821
17093,52945.68967
17094,53266.71204
17095,53586.65019
17096,53905.40932
17097,54222.89497
17098,54539.01307
17099,54853.66993
17100,55166.77233
17101,55478.22748
17102,55787.9431
17103,56095.8274
17104,56401.78915
17105,56705.7377
17106,57007.58297
17107,57307.23552
17108,57604.60656
17109,57899.60797
17110,58192.15233
17111,58482.15296
17112,58769.52392
17113,59054.18007
17114,59336.03705
17115,59615.01133
17116,59891.02026
17117,60163.98205
17118,60433.8158
17119,60700.44157
17120,60963.78035
17121,61223.75411
17122,61480.2858
17123,61733.29941
17124,61982.71998
17125,62228.47358
17126,62470.48741
17127,62708.68973
17128,62943.00998
17129,63173.37872
17130,63399.72767
17131,63621.98978
17132,63840.09918
17133,64053.99124
17134,64263.60257
17135,64468.87107
17136,64669.73591
17137,64866.13757
17138,65058.01785
17139,65245.3199
17140,65427.98821
17141,65605.96865
17142,65779.20848
17143,65947.65638
17144,66111.26242
17145,66269.97812
17146,66423.75646
17147,66572.55186
17148,66716.32023
17149,66855.01898
17150,66988.60701
17151,67117.04472
17152,67240.29406
17153,67358.31851
17154,67471.08309
17155,67578.55439
17156,67680.70057
17157,67777.49135
17158,67868.89806
17159,67954.89361
17160,68035.45251
17161,68110.5509
17162,68180.16652
17163,68244.27875
17164,68302.86858
17165,68355.91865
17166,68403.41325
17167,68445.3383
17168,68481.68138
17169,68512.43171
17170,68537.58019
17171,68557.11937
17172,68571.04345
17173,68579.34831
17174,68582.03148
17175,68579.09218
17176,68570.53127
17177,68556.35129
17178,68536.55644
17179,68511.15259
17180,68480.14726
17181,68443.54965
17182,68401.3706
17183,68353.6226
17184,68300.3198
17185,68241.47801
17186,68177.11465
17187,68107.2488
17188,68031.90115
17189,67951.09405
17190,67864.85143
17191,67773.19885
17192,67676.16346
17193,67573.77403
17194,67466.06088
17195,67353.05594
17196,67234.7927
17197,67111.3062
17198,66982.63302
17199,66848.81131
17200,66709.8807
17201,66565.88238
17202,66416.85901
17203,66262.85475
17204,66103.91523
17205,65940.08755
17206,65771.42027
17207,65597.96334
17208,65419.76819
17209,65236.8876
17210,65049.37577
17211,64857.28827
17212,64660.68201
17213,64459.61526
17214,64254.14759
17215,64044.33988
17216,63830.25432
17217,63611.95433
17218,63389.5046
17219,63162.97105
17220,62932.42081
17221,62697.9222
17222,62459.54469
17223,62217.35893
17224,61971.43669
17225,61721.85082
17226,61468.6753
17227,61211.98515
17228,60951.85642
17229,60688.36619
17230,60421.59255
17231,60151.61455
17232,59878.51219
17233,59602.36639
17234,59323.25898
17235,59041.27266
17236,58756.491
17237,58468.99838
17238,58178.88
17239,57886.22181
17240,57591.11055
17241,57293.63365
17242,56993.87928
17243,56691.93624
17244,56387.89402
17245,56081.84271
17246,55773.873
17247,55464.07614
17248,55152.54393
17249,54839.3687
17250,54524.64324
17251,54208.4608
17252,53890.91509
17253,53572.10019
17254,53252.11059
17255,52931.04109
17256,52608.98684
17257,52286.04327
17258,51962.30607
17259,51637.87119
17260,51312.83474
17261,50987.29305
17262,50661.34259
17263,50335.07993
17264,50008.60176
17265,49682.00482
17266,49355.38589
17267,49028.84175
17268,48702.46917
17269,48376.36485
17270,48050.62543
17271,47725.34743
17272,47400.62724
17273,47076.56107
17274,46753.24497
17275,46430.77473
17276,46109.2459
17277,45788.75377
17278,45469.3933
17279,45151.25913
17280,44834.44552
17281,44519.04635
17282,44205.1551
17283,43892.86475
17284,43582.26786
17285,43273.45647
17286,42966.52207
17287,42661.55563
17288,42358.6475
17289,42057.88745
17290,41759.3646
17291,41463.1674
17292,41169.38363
17293,40878.10035
17294,40589.40386
17295,40303.37971
17296,40020.11265
17297,39739.68664
17298,39462.18475
17299,39187.68922
17300,38916.2814
17301,38648.0417
17302,38383.04961
17303,38121.38365
17304,37863.12136
17305,37608.33927
17306,37357.11287
17307,37109.51662
17308,36865.62387
17309,36625.5069
17310,36389.23686
17311,36156.88376
17312,35928.51646
17313,35704.20262
17314,35484.00871
17315,35267.99998
17316,35056.24044
17317,34848.79284
17318,34645.71865
17319,34447.07804
17320,34252.92988
17321,34063.33169
17322,33878.33966
17323,33698.00861
17324,33522.39196
17325,33351.54177
17326,33185.50865
17327,33024.34181
17328,32868.08901
17329,32716.79653
17330,32570.50922
17331,32429.27043
17332,32293.122
17333,32162.10428
17334,32036.25609
17335,31915.61473
17336,31800.21594
17337,31690.09392
17338,31585.2813
17339,31485.80913
17340,31391.7069
17341,31303.00249
17342,31219.72218
17343,31141.89065
17344,31069.53096
17345,31002.66456
17346,30941.31126
17347,30885.48924
17348,30835.21504
17349,30790.50356
17350,30751.36805
17351,30717.8201
17352,30689.86966
17353,30667.525
17354,30650.79275
17355,30639.67787
17356,30634.18365
17357,30634.31172
17358,30640.06204
17359,30651.43291
17360,30668.42095
17361,30691.02114
17362,30719.22677
17363,30753.02949
17364,30792.41928
17365,30837.38448
17366,30887.91175
17367,30943.98612
17368,31005.59098
17369,31072.70807
17370,31145.3175
17371,31223.39777
17372,31306.92573
17373,31395.87662
17374,31490.2241
17375,31589.94021
17376,31694.99539
17377,31805.35852
17378,31920.99689
17379,32041.87624
17380,32167.96075
17381,32299.21306
17382,32435.59427
17383,32577.06397
17384,32723.58024
17385,32875.09967
17386,33031.57736
17387,33192.96693
17388,33359.22057
17389,33530.28902
17390,33706.12157
17391,33886.66613
17392,34071.86919
17393,34261.67589
17394,34456.02997
17395,34654.87384
17396,34858.14858
17397,35065.79396
17398,35277.74845
17399,35493.94924
17400,35714.33226
17401,35938.83221
17402,36167.38257
17403,36399.91561
17404,36636.36243
17405,36876.65296
17406,37120.716
17407,37368.47924
17408,37619.86924
17409,37874.81152
17410,38133.23054
17411,38395.04971
17412,38660.19146
17413,38928.57722
17414,39200.12747
17415,39474.76172
17416,39752.39861
17417,40032.95587
17418,40316.35035
17419,40602.49809
17420,40891.31429
17421,41182.71337
17422,41476.60898
17423,41772.91403
17424,42071.54073
17425,42372.40058
17426,42675.40443
17427,42980.4625
17428,43287.48438
17429,43596.37911
17430,43907.05515
17431,44219.42044
17432,44533.38242
17433,44848.84805
17434,45165.72386
17435,45483.91595
17436,45803.33004
17437,46123.87146
17438,46445.44525
17439,46767.9561
17440,47091.30846
17441,47415.40651
17442,47740.1542
17443,48065.45532
17444,48391.21347
17445,48717.33211
17446,49043.71461
17447,49370.26426
17448,49696.88429
17449,50023.47792
17450,50349.94838
17451,50676.19891
17452,51002.13285
17453,51327.65362
17454,51652.66476
17455,51977.06995
17456,52300.77308
17457,52623.67821
17458,52945.68967
17459,53266.71204
17460,53586.65019
17461,53905.40932
17462,54222.89497
17463,54539.01307
17464,54853.66993
17465,55166.77233
17466,55478.22748
17467,55787.9431
17468,56095.8274
17469,56401.78915
17470,56705.7377
17471,57007.58297
17472,57307.23552
17473,57604.60656
17474,57899.60797
17475,58192.15233
17476,58482.15296
17477,58769.52392
17478,59054.18007
17479,59336.03705
17480,59615.01133
17481,59891.02026
17482,60163.98205
17483,60433.8158
17484,60700.44157
17485,60963.78035
17486,61223.75411
17487,61480.2858
17488,61733.29941
17489,61982.71998
17490,62228.47358
17491,62470.48741
17492,62708.68973
17493,62943.00998
17494,63173.37872
17495,63399.72767
17496,63621.98978
17497,63840.09918
17498,64053.99124
17499,64263.60257
17500,64468.87107
17501,64669.73591
17502,64866.13757
17503,65058.01785
17504,65245.3199
17505,65427.98821
17506,65605.96865
17507,65779.20848
17508,65947.65638
17509,66111.26242
17510,66269.97812
17511,66423.75646
17512,66572.55186
17513,66716.32023
17514,66855.01898
17515,66988.60701
17516,67117.04472
17517,67240.29406
17518,67358.31851
17519,67471.08309
17520,67578.55439
17521,67680.70057
17522,67777.49135
17523,67868.89806
17524,67954.89361
17525,68035.45251
17526,68110.5509
17527,68180.16652
17528,68244.27875
17529,68302.86858
17530,68355.91865
17531,68403.41325
17532,68445.3383
17533,68481.68138
17534,68512.43171
17535,68537.58019
17536,68557.11937
17537,68571.04345
17538,68579.34831
17539,68582.03148
17540,68579.09218
17541,68570.53127
17542,68556.35129
17543,68536.55644
17544,68511.15259
17545,68480.14726
17546,68443.54965
17547,68401.3706
17548,68353.6226
17549,68300.3198
17550,68241.47801
17551,68177.11465
17552,68107.2488
17553,68031.90115
17554,67951.09405
17555,67864.85143
17556,67773.19885
17557,67676.16346
17558,67573.77403
17559,67466.06088
17560,67353.05594
17561,67234.7927
17562,67111.3062
17563,66982.63302
17564,66848.81131
17565,66709.8807
17566,66565.88238
17567,66416.85901
17568,66262.85475
17569,66103.91523
17570,65940.08755
17571,65771.42027
17572,65597.96334
17573,65419.76819
17574,65236.8876
17575,65049.37577
17576,64857.28827
17577,64660.68201
17578,64459.61526
17579,64254.14759
17580,64044.33988
17581,63830.25432
17582,63611.95433
17583,63389.5046
17584,63162.97105
17585,62932.42081
17586,62697.9222
17587,62459.54469
17588,62217.35893
17589,61971.43669
17590,61721.85082
17591,61468.6753
17592,61211.98515
17593,60951.85642
17594,60688.36619
17595,60421.59255
17596,60151.61455
17597,59878.51219
17598,59602.36639
17599,59323.25898
17600,59041.27266
17601,58756.491
17602,58468.99838
17603,58178.88
17604,57886.22181
17605,57591.11055
17606,57293.63365
17607,56993.87928
17608,56691.93624
17609,56387.89402
17610,56081.84271
17611,55773.873
17612,55464.07614
17613,55152.54393
17614,54839.3687
17615,54524.64324
17616,54208.4608
17617,53890.91509
17618,53572.10019
17619,53252.11059
17620,52931.04109
17621,52608.98684
17622,52286.04327
17623,51962.30607
17624,51637.87119
17625,51312.83474
17626,50987.29305
17627,50661.34259
17628,50335.07993
17629,50008.60176
17630,49682.00482
17631,49355.38589
17632,49028.84175
17633,48702.46917
17634,48376.36485
17635,48050.62543
17636,47725.34743
17637,47400.62724
17638,47076.56107
17639,46753.24497
17640,46430.77473
17641,46109.2459
17642,45788.75377
17643,45469.3933
17644,45151.25913
17645,44834.44552
17646,44519.04635
17647,44205.1551
17648,43892.86475
17649,43582.26786
17650,43273.45647
17651,42966.52207
17652,42661.55563
17653,42358.6475
17654,42057.88745
17655,41759.3646
17656,41463.1674
17657,41169.38363
17658,40878.10035
17659,40589.40386
17660,40303.37971
17661,40020.11265
17662,39739.68664
17663,39462.18475
17664,39187.68922
17665,38916.2814
17666,38648.0417
17667,38383.04961
17668,38121.38365
17669,37863.12136
17670,37608.33927
17671,37357.11287
17672,37109.51662
17673,36865.62387
17674,36625.5069
17675,36389.23686
17676,36156.88376
17677,35928.51646
17678,35704.20262
17679,35484.00871
17680,35267.99998
17681,35056.24044
17682,34848.79284
17683,34645.71865
17684,34447.07804
17685,34252.92988
17686,34063.33169
17687,33878.33966
17688,33698.00861
17689,33522.39196
17690,33351.54177
17691,33185.50865
17692,33024.34181
17693,32868.08901
17694,32716.79653
17695,32570.50922
17696,32429.27043
17697,32293.122
17698,32162.10428
17699,32036.25609
17700,31915.61473
17701,31800.21594
17702,31690.09392
17703,31585.2813
17704,31485.80913
17705,31391.7069
17706,31303.00249
17707,31219.72218
17708,31141.89065
17709,31069.53096
17710,31002.66456
17711,30941.31126
17712,30885.48924
17713,30835.21504
17714,30790.50356
17715,30751.36805
17716,30717.8201
17717,30689.86966
17718,30667.525
17719,30650.79275
17720,30639.67787
17721,30634.18365
17722,30634.31172
17723,30640.06204
17724,30651.43291
17725,30668.42095
17726,30691.02114
17727,30719.22677
17728,30753.02949
17729,30792.41928
17730,30837.38448
17731,30887.91175
17732,30943.98612
17733,31005.59098
17734,31072.70807
17735,31145.3175
17736,31223.39777
17737,31306.92573
17738,31395.87662
17739,31490.2241
17740,31589.94021
17741,31694.99539
17742,31805.35852
17743,31920.99689
17744,32041.87624
17745,32167.96075
17746,32299.21306
17747,32435.59427
17748,32577.06397
17749,32723.58024
17750,32875.09967
17751,33031.57736
17752,33192.96693
17753,33359.22057
17754,33530.28902
17755,33706.12157
17756,33886.66613
17757,34071.86919
17758,34261.67589
17759,34456.02997
17760,34654.87384
17761,34858.14858
17762,35065.79396
17763,35277.74845
17764,35493.94924
17765,35714.33226
17766,35938.83221
17767,36167.38257
17768,36399.91561
17769,36636.36243
17770,36876.65296
17771,37120.716
17772,37368.47924
17773,37619.86924
17774,37874.81152
17775,38133.23054
17776,38395.04971
17777,38660.19146
17778,38928.57722
17779,39200.12747
17780,39474.76172
17781,39752.39861
17782,40032.95587
17783,40316.35035
17784,40602.49809
17785,40891.31429
17786,41182.71337
17787,41476.60898
17788,41772.91403
17789,42071.54073
17790,42372.40058
17791,42675.40443
17792,42980.4625
17793,43287.48438
17794,43596.37911
17795,43907.05515
17796,44219.42044
17797,44533.38242
17798,44848.84805
17799,45165.72386
17800,45483.91595
17801,45803.33004
17802,46123.87146
17803,46445.44525
17804,46767.9561
17805,47091.30846
17806,47415.40651
17807,47740.1542
17808,48065.45532
17809,48391.21347
17810,48717.33211
17811,49043.71461
17812,49370.26426
17813,49696.88429
17814,50023.47792
17815,50349.94838
17816,50676.19891
17817,51002.13285
17818,51327.65362
17819,51652.66476
17820,51977.06995
17821,52300.77308
17822,52623.67821
17823,52945.68967
17824,53266.71204
17825,53586.65019
17826,53905.40932
17827,54222.89497
17828,54539.01307
17829,54853.66993
17830,55166.77233
17831,55478.22748
17832,55787.9431
17833,56095.8274
17834,56401.78915
17835,56705.7377
17836,57007.58297
17837,57307.23552
17838,57604.60656
17839,57899.60797
17840,58192.15233
17841,58482.15296
17842,58769.52392
17843,59054.18007
17844,59336.03705
17845,59615.01133
17846,59891.02026
17847,60163.98205
17848,60433.8158
17849,60700.44157
17850,60963.78035
17851,61223.75411
17852,61480.2858
17853,61733.29941
17854,61982.71998
17855,62228.47358
17856,62470.48741
17857,62708.68973
17858,62943.00998
17859,63173.37872
17860,63399.72767
17861,63621.98978
17862,63840.09918
17863,64053.99124
17864,64263.60257
17865,64468.87107
17866,64669.73591
17867,64866.13757
17868,65058.01785
17869,65245.3199
17870,65427.98821
17871,65605.96865
17872,65779.20848
17873,65947.65638
17874,66111.26242
17875,66269.97812
17876,66423.75646
17877,66572.55186
17878,66716.32023
17879,66855.01898
17880,66988.60701
17881,67117.04472
17882,67240.29406
17883,67358.31851
17884,67471.08309
17885,67578.55439
17886,67680.70057
17887,67777.49135
17888,67868.89806
17889,67954.89361
17890,68035.45251
17891,68110.5509
17892,68180.16652
17893,68244.27875
17894,68302.86858
17895,68355.91865
17896,68403.41325
17897,68445.3383
17898,68481.68138
17899,68512.43171
17900,68537.58019
17901,68557.11937
17902,68571.04345
17903,68579.34831
17904,68582.03148
17905,68579.09218
17906,68570.53127
17907,68556.35129
17908,68536.55644
17909,68511.15259
17910,68480.14726
17911,68443.54965
17912,68401.3706
17913,68353.6226
17914,68300.3198
17915,68241.47801
17916,68177.11465
17917,68107.2488
17918,68031.90115
17919,67951.09405
17920,67864.85143
17921,67773.19885
17922,67676.16346
17923,67573.77403
17924,67466.06088
17925,67353.05594
17926,67234.7927
17927,67111.3062
17928,66982.63302
17929,66848.81131
17930,66709.8807
17931,66565.88238
17932,66416.85901
17933,66262.85475
17934,66103.91523
17935,65940.08755
17936,65771.42027
17937,65597.96334
17938,65419.76819
17939,65236.8876
17940,65049.37577
17941,64857.28827
17942,64660.68201
17943,64459.61526
17944,64254.14759
17945,64044.33988
17946,63830.25432
17947,63611.95433
17948,63389.5046
17949,63162.97105
17950,62932.42081
17951,62697.9222
17952,62459.54469
17953,62217.35893
17954,61971.43669
17955,61721.85082
17956,61468.6753
17957,61211.98515
17958,60951.85642
17959,60688.36619
17960,60421.59255
17961,60151.61455
17962,59878.51219
17963,59602.36639
17964,59323.25898
17965,59041.27266
17966,58756.491
17967,58468.99838
17968,58178.88
17969,57886.22181
17970,57591.11055
17971,57293.63365
17972,56993.87928
17973,56691.93624
17974,56387.89402
17975,56081.84271
17976,55773.873
17977,55464.07614
17978,55152.54393
17979,54839.3687
17980,54524.64324
17981,54208.4608
17982,53890.91509
17983,53572.10019
17984,53252.11059
17985,52931.04109
17986,52608.98684
17987,52286.04327
17988,51962.30607
17989,51637.87119
17990,51312.83474
17991,50987.29305
17992,50661.34259
17993,50335.07993
17994,50008.60176
17995,49682.00482
17996,49355.38589
17997,49028.84175
17998,48702.46917
17999,48376.36485
18000,48050.62543
18001,47725.34743
18002,47400.62724
18003,47076.56107
18004,46753.24497
18005,46430.77473
18006,46109.2459
18007,45788.75377
18008,45469.3933
18009,45151.25913
18010,44834.44552
18011,44519.04635
18012,44205.1551
18013,43892.86475
18014,43582.26786
18015,43273.45647
18016,42966.52207
18017,42661.55563
18018,42358.6475
18019,42057.88745
18020,41759.3646
18021,41463.1674
18022,41169.38363
18023,40878.10035
18024,40589.40386
18025,40303.37971
18026,40020.11265
18027,39739.68664
18028,39462.18475
18029,39187.68922
18030,38916.2814
18031,38648.0417
18032,38383.04961
18033,38121.38365
18034,37863.12136
18035,37608.33927
18036,37357.11287
18037,37109.51662
18038,36865.62387
18039,36625.5069
18040,36389.23686
18041,36156.88376
18042,35928.51646
18043,35704.20262
18044,35484.00871
18045,35267.99998
18046,35056.24044
18047,34848.79284
18048,34645.71865
18049,34447.07804
18050,34252.92988
18051,34063.33169
18052,33878.33966
18053,33698.00861
18054,33522.39196
18055,33351.54177
18056,33185.50865
18057,33024.34181
18058,32868.08901
18059,32716.79653
18060,32570.50922
18061,32429.27043
18062,32293.122
18063,32162.10428
18064,32036.25609
18065,31915.61473
18066,31800.21594
18067,31690.09392
18068,31585.2813
18069,31485.80913
18070,31391.7069
18071,31303.00249
18072,31219.72218
18073,31141.89065
18074,31069.53096
18075,31002.66456
18076,30941.31126
18077,30885.48924
18078,30835.21504
18079,30790.50356
18080,30751.36805
18081,30717.8201
18082,30689.86966
18083,30667.525
18084,30650.79275
18085,30639.67787
18086,30634.18365
18087,30634.31172
18088,30640.06204
18089,30651.43291
18090,30668.42095
18091,30691.02114
18092,30719.22677
18093,30753.02949
18094,30792.41928
18095,30837.38448
18096,30887.91175
18097,30943.98612
18098,31005.59098
18099,31072.70807
18100,31145.3175
18101,31223.39777
18102,31306.92573
18103,31395.87662
18104,31490.2241
18105,31589.94021
18106,31694.99539
18107,31805.35852
18108,31920.99689
18109,32041.87624
18110,32167.96075
18111,32299.21306
18112,32435.59427
18113,32577.06397
18114,32723.58024
18115,32875.09967
18116,33031.57736
18117,33192.96693
18118,33359.22057
18119,33530.28902
18120,33706.12157
18121,33886.66613
18122,34071.86919
18123,34261.67589
18124,34456.02997
18125,34654.87384
18126,34858.14858
18127,35065.79396
18128,35277.74845
18129,35493.94924
18130,35714.33226
18131,35938.83221
18132,36167.38257
18133,36399.91561
18134,36636.36243
18135,36876.65296
18136,37120.716
18137,37368.47924
18138,37619.86924
18139,37874.81152
18140,38133.23054
18141,38395.04971
18142,38660.19146
18143,38928.57722
18144,39200.12747
18145,39474.76172
18146,39752.39861
18147,40032.95587
18148,40316.35035
18149,40602.49809
18150,40891.31429
18151,41182.71337
18152,41476.60898
18153,41772.91403
18154,42071.54073
18155,42372.40058
18156,42675.40443
18157,42980.4625
18158,43287.48438
18159,43596.37911
18160,43907.05515
18161,44219.42044
18162,44533.38242
18163,44848.84805
18164,45165.72386
18165,45483.91595
18166,45803.33004
18167,46123.87146
18168,46445.44525
18169,46767.9561
18170,47091.30846
18171,47415.40651
18172,47740.1542
18173,48065.45532
18174,48391.21347
18175,48717.33211
18176,49043.71461
18177,49370.26426
18178,49696.88429
18179,50023.47792
18180,50349.94838
18181,50676.19891
18182,51002.13285
18183,51327.65362
18184,51652.66476
18185,51977.06995
18186,52300.77308
18187,52623.67821
18188,52945.68967
18189,53266.71204
18190,53586.65019
18191,53905.40932
18192,54222.89497
18193,54539.01307
18194,54853.66993
18195,55166.77233
18196,55478.22748
18197,55787.9431
18198,56095.8274
18199,56401.78915
18200,56705.7377
18201,57007.58297
18202,57307.23552
18203,57604.60656
18204,57899.60797
18205,58192.15233
18206,58482.15296
18207,58769.52392
18208,59054.18007
18209,59336.03705
18210,59615.01133
18211,59891.02026
18212,60163.98205
18213,60433.8158
18214,60700.44157
18215,60963.78035
18216,61223.75411
18217,61480.2858
18218,61733.29941
18219,61982.71998
18220,62228.47358
18221,62470.48741
18222,62708.68973
18223,62943.00998
18224,63173.37872
18225,63399.72767
18226,63621.98978
18227,63840.09918
18228,64053.99124
18229,64263.60257
18230,64468.87107
18231,64669.73591
18232,64866.13757
18233,65058.01785
18234,65245.3199
18235,65427.98821
18236,65605.96865
18237,65779.20848
18238,65947.65638
18239,66111.26242
18240,66269.97812
18241,66423.75646
18242,66572.55186
18243,66716.32023
18244,66855.01898
18245,66988.60701
18246,67117.04472
18247,67240.29406
18248,67358.31851
18249,67471.08309
18250,67578.55439
18251,67680.70057
18252,67777.49135
18253,67868.89806
18254,67954.89361
18255,68035.45251
18256,68110.5509
18257,68180.16652
18258,68244.27875
18259,68302.86858
18260,68355.91865
18261,68403.41325
18262,68445.3383
18263,68481.68138
18264,68512.43171
18265,68537.58019
18266,68557.11937
18267,68571.04345
18268,68579.34831
18269,68582.03148
18270,68579.09218
18271,68570.53127
18272,68556.35129
18273,68536.55644
18274,68511.15259
18275,68480.14726
18276,68443.54965
18277,68401.3706
18278,68353.6226
18279,68300.3198
18280,68241.47801
18281,68177.11465
18282,68107.2488
18283,68031.90115
18284,67951.09405
18285,67864.85143
18286,67773.19885
18287,67676.16346
18288,67573.77403
18289,67466.06088
18290,67353.05594
18291,67234.7927
18292,67111.3062
18293,66982.63302
18294,66848.81131
18295,66709.8807
18296,66565.88238
18297,66416.85901
18298,66262.85475
18299,66103.91523
18300,65940.08755
18301,65771.42027
18302,65597.96334
18303,65419.76819
18304,65236.8876
18305,65049.37577
18306,64857.28827
18307,64660.68201
18308,64459.61526
18309,64254.14759
18310,64044.33988
18311,63830.25432
18312,63611.95433
18313,63389.5046
18314,63162.97105
18315,62932.42081
18316,62697.9222
18317,62459.54469
18318,62217.35893
18319,61971.43669
18320,61721.85082
18321,61468.6753
18322,61211.98515
18323,60951.85642
18324,60688.36619
18325,60421.59255
18326,60151.61455
18327,59878.51219
18328,59602.36639
18329,59323.25898
18330,59041.27266
18331,58756.491
18332,58468.99838
18333,58178.88
18334,57886.22181
18335,57591.11055
18336,57293.63365
18337,56993.87928
18338,56691.93624
18339,56387.89402
18340,56081.84271
18341,55773.873
18342,55464.07614
18343,55152.54393
18344,54839.3687
18345,54524.64324
18346,54208.4608
18347,53890.91509
18348,53572.10019
18349,53252.11059
18350,52931.04109
18351,52608.98684
18352,52286.04327
18353,51962.30607
18354,51637.87119
18355,51312.83474
18356,50987.29305
18357,50661.34259
18358,50335.07993
18359,50008.60176
18360,49682.00482
18361,49355.38589
18362,49028.84175
18363,48702.46917
18364,48376.36485
18365,48050.62543
18366,47725.34743
18367,47400.62724
18368,47076.56107
18369,46753.24497
18370,46430.77473
18371,46109.2459
18372,45788.75377
18373,45469.3933
18374,45151.25913
18375,44834.44552
18376,44519.04635
18377,44205.1551
18378,43892.86475
18379,43582.26786
18380,43273.45647
18381,42966.52207
18382,42661.55563
18383,42358.6475
18384,42057.88745
18385,41759.3646
18386,41463.1674
18387,41169.38363
18388,40878.10035
18389,40589.40386
18390,40303.37971
18391,40020.11265
18392,39739.68664
18393,39462.18475
18394,39187.68922
18395,38916.2814
18396,38648.0417
18397,38383.04961
18398,38121.38365
18399,37863.12136
18400,37608.33927
18401,37357.11287
18402,37109.51662
18403,36865.62387
18404,36625.5069
18405,36389.23686
18406,36156.88376
18407,35928.51646
18408,35704.20262
18409,35484.00871
18410,35267.99998
18411,35056.24044
18412,34848.79284
18413,34645.71865
18414,34447.07804
18415,34252.92988
18416,34063.33169
18417,33878.33966
18418,33698.00861
18419,33522.39196
18420,33351.54177
18421,33185.50865
18422,33024.34181
18423,32868.08901
18424,32716.79653
18425,32570.50922
18426,32429.27043
18427,32293.122
18428,32162.10428
18429,32036.25609
18430,31915.61473
18431,31800.21594
18432,31690.09392
18433,31585.2813
18434,31485.80913
18435,31391.7069
18436,31303.00249
18437,31219.72218
18438,31141.89065
18439,31069.53096
18440,31002.66456
18441,30941.31126
18442,30885.48924
18443,30835.21504
18444,30790.50356
18445,30751.36805
18446,30717.8201
18447,30689.86966
18448,30667.525
18449,30650.79275
18450,30639.67787
18451,30634.18365
18452,30634.31172
18453,30640.06204
18454,30651.43291
18455,30668.42095
18456,30691.02114
18457,30719.22677
18458,30753.02949
18459,30792.41928
18460,30837.38448
18461,30887.91175
18462,30943.98612
18463,31005.59098
18464,31072.70807
18465,31145.3175
18466,31223.39777
18467,31306.92573
18468,31395.87662
18469,31490.2241
18470,31589.94021
18471,31694.99539
18472,31805.35852
18473,31920.99689
18474,32041.87624
18475,32167.96075
18476,32299.21306
18477,32435.59427
18478,32577.06397
18479,32723.58024
18480,32875.09967
18481,33031.57736
18482,33192.96693
18483,33359.22057
18484,33530.28902
18485,33706.12157
18486,33886.66613
18487,34071.86919
18488,34261.67589
18489,34456.02997
18490,34654.87384
18491,34858.14858
18492,35065.79396
18493,35277.74845
18494,35493.94924
18495,35714.33226
18496,35938.83221
18497,36167.38257
18498,36399.91561
18499,36636.36243
18500,36876.65296
18501,37120.716
18502,37368.47924
18503,37619.86924
18504,37874.81152
18505,38133.23054
18506,38395.04971
18507,38660.19146
18508,38928.57722
18509,39200.12747
18510,39474.76172
18511,39752.39861
18512,40032.95587
18513,40316.35035
18514,40602.49809
18515,40891.31429
18516,41182.71337
18517,41476.60898
18518,41772.91403
18519,42071.54073
18520,42372.40058
18521,42675.40443
18522,42980.4625
18523,43287.48438
18524,43596.37911
18525,43907.05515
18526,44219.42044
18527,44533.38242
18528,44848.84805
18529,45165.72386
18530,45483.91595
18531,45803.33004
18532,46123.87146
18533,46445.44525
18534,46767.9561
18535,47091.30846
18536,47415.40651
18537,47740.1542
18538,48065.45532
18539,48391.21347
18540,48717.33211
18541,49043.71461
18542,49370.26426
18543,49696.88429
18544,50023.47792
18545,50349.94838
18546,50676.19891
18547,51002.13285
18548,51327.65362
18549,51652.66476
18550,51977.06995
18551,52300.77308
18552,52623.67821
18553,52945.68967
18554,53266.71204
18555,53586.65019
18556,53905.40932
18557,54222.89497
18558,54539.01307
18559,54853.66993
18560,55166.77233
18561,55478.22748
18562,55787.9431
18563,56095.8274
18564,56401.78915
18565,56705.7377
18566,57007.58297
18567,57307.23552
18568,57604.60656
18569,57899.60797
18570,58192.15233
18571,58482.15296
18572,58769.52392
18573,59054.18007
18574,59336.03705
18575,59615.01133
18576,59891.02026
18577,60163.98205
18578,60433.8158
18579,60700.44157
18580,60963.78035
18581,61223.75411
18582,61480.2858
18583,61733.29941
18584,61982.71998
18585,62228.47358
18586,62470.48741
18587,62708.68973
18588,62943.00998
18589,63173.37872
18590,63399.72767
18591,63621.98978
18592,63840.09918
18593,64053.99124
18594,64263.60257
18595,64468.87107
18596,64669.73591
18597,64866.13757
18598,65058.01785
18599,65245.3199
18600,65427.98821
18601,65605.96865
18602,65779.20848
18603,65947.65638
18604,66111.26242
18605,66269.97812
18606,66423.75646
18607,66572.55186
18608,66716.32023
18609,66855.01898
18610,66988.60701
18611,67117.04472
18612,67240.29406
18613,67358.31851
18614,67471.08309
18615,67578.55439
18616,67680.70057
18617,67777.49135
18618,67868.89806
18619,67954.89361
18620,68035.45251
18621,68110.5509
18622,68180.16652
18623,68244.27875
18624,68302.86858
18625,68355.91865
18626,68403.41325
18627,68445.3383
18628,68481.68138
18629,68512.43171
18630,68537.58019
18631,68557.11937
18632,68571.04345
18633,68579.34831
18634,68582.03148
18635,68579.09218
18636,68570.53127
18637,68556.35129
18638,68536.55644
18639,68511.15259
18640,68480.14726
18641,68443.54965
18642,68401.3706
18643,68353.6226
18644,68300.3198
18645,68241.47801
18646,68177.11465
18647,68107.2488
18648,68031.90115
18649,67951.09405
18650,67864.85143
18651,67773.19885
18652,67676.16346
18653,67573.77403
18654,67466.06088
18655,67353.05594
18656,67234.7927
18657,67111.3062
18658,66982.63302
18659,66848.81131
18660,66709.8807
18661,66565.88238
18662,66416.85901
18663,66262.85475
18664,66103.91523
18665,65940.08755
18666,65771.42027
18667,65597.96334
18668,65419.76819
18669,65236.8876
18670,65049.37577
18671,64857.28827
18672,64660.68201
18673,64459.61526
18674,64254.14759
18675,64044.33988
18676,63830.25432
18677,63611.95433
18678,63389.5046
18679,63162.97105
18680,62932.42081
18681,62697.9222
18682,62459.54469
18683,62217.35893
18684,61971.43669
18685,61721.85082
18686,61468.6753
18687,61211.98515
18688,60951.85642
18689,60688.36619
18690,60421.59255
18691,60151.61455
18692,59878.51219
18693,59602.36639
18694,59323.25898
18695,59041.27266
18696,58756.491
18697,58468.99838
18698,58178.88
18699,57886.22181
18700,57591.11055
18701,57293.63365
18702,56993.87928
18703,56691.93624
18704,56387.89402
18705,56081.84271
18706,55773.873
18707,55464.07614
18708,55152.54393
18709,54839.3687
18710,54524.64324
18711,54208.4608
18712,53890.91509
18713,53572.10019
18714,53252.11059
18715,52931.04109
18716,52608.98684
18717,52286.04327
18718,51962.30607
18719,51637.87119
18720,51312.83474
18721,50987.29305
18722,50661.34259
18723,50335.07993
18724,50008.60176
18725,49682.00482
18726,49355.38589
18727,49028.84175
18728,48702.46917
18729,48376.36485
18730,48050.62543
18731,47725.34743
18732,47400.62724
18733,47076.56107
18734,46753.24497
18735,46430.77473
18736,46109.2459
18737,45788.75377
18738,45469.3933
18739,45151.25913
18740,44834.44552
18741,44519.04635
18742,44205.1551
18743,43892.86475
18744,43582.26786
18745,43273.45647
18746,42966.52207
18747,42661.55563
18748,42358.6475
18749,42057.88745
18750,41759.3646
18751,41463.1674
18752,41169.38363
18753,40878.10035
18754,40589.40386
18755,40303.37971
18756,40020.11265
18757,39739.68664
18758,39462.18475
18759,39187.68922
18760,38916.2814
18761,38648.0417
18762,38383.04961
18763,38121.38365
18764,37863.12136
18765,37608.33927
18766,37357.11287
18767,37109.51662
18768,36865.62387
18769,36625.5069
18770,36389.23686
18771,36156.88376
18772,35928.51646
18773,35704.20262
18774,35484.00871
18775,35267.99998
18776,35056.24044
18777,34848.79284
18778,34645.71865
18779,34447.07804
18780,34252.92988
18781,34063.33169
18782,33878.33966
18783,33698.00861
18784,33522.39196
18785,33351.54177
18786,33185.50865
18787,33024.34181
18788,32868.08901
18789,32716.79653
18790,32570.50922
18791,32429.27043
18792,32293.122
18793,32162.10428
18794,32036.25609
18795,31915.61473
18796,31800.21594
18797,31690.09392
18798,31585.2813
18799,31485.80913
18800,31391.7069
18801,31303.00249
18802,31219.72218
18803,31141.89065
18804,31069.53096
18805,31002.66456
18806,30941.31126
18807,30885.48924
18808,30835.21504
18809,30790.50356
18810,30751.36805
18811,30717.8201
18812,30689.86966
18813,30667.525
18814,30650.79275
18815,30639.67787
18816,30634.18365
18817,30634.31172
18818,30640.06204
18819,30651.43291
18820,30668.42095
18821,30691.02114
18822,30719.22677
18823,30753.02949
18824,30792.41928
18825,30837.38448
18826,30887.91175
18827,30943.98612
18828,31005.59098
18829,31072.70807
18830,31145.3175
18831,31223.39777
18832,31306.92573
18833,31395.87662
18834,31490.2241
18835,31589.94021
18836,31694.99539
18837,31805.35852
18838,31920.99689
18839,32041.87624
18840,32167.96075
18841,32299.21306
18842,32435.59427
18843,32577.06397
18844,32723.58024
18845,32875.09967
18846,33031.57736
18847,33192.96693
18848,33359.22057
18849,33530.28902
18850,33706.12157
18851,33886.66613
18852,34071.86919
18853,34261.67589
18854,34456.02997
18855,34654.87384
18856,34858.14858
18857,35065.79396
18858,35277.74845
18859,35493.94924
18860,35714.33226
18861,35938.83221
18862,36167.38257
18863,36399.91561
18864,36636.36243
18865,36876.65296
18866,37120.716
18867,37368.47924
18868,37619.86924
18869,37874.81152
18870,38133.23054
18871,38395.04971
18872,38660.19146
18873,38928.57722
18874,39200.12747
18875,39474.76172
18876,39752.39861
18877,40032.95587
18878,40316.35035
18879,40602.49809
18880,40891.31429
18881,41182.71337
18882,41476.60898
18883,41772.91403
18884,42071.54073
18885,42372.40058
18886,42675.40443
18887,42980.4625
18888,43287.48438
18889,43596.37911
18890,43907.05515
18891,44219.42044
18892,44533.38242
18893,44848.84805
18894,45165.72386
18895,45483.91595
18896,45803.33004
18897,46123.87146
18898,46445.44525
18899,46767.9561
18900,47091.30846
18901,47415.40651
18902,47740.1542
18903,48065.45532
18904,48391.21347
18905,48717.33211
18906,49043.71461
18907,49370.26426
18908,49696.88429
18909,50023.47792
18910,50349.94838
18911,50676.19891
18912,51002.13285
18913,51327.65362
18914,51652.66476
18915,51977.06995
18916,52300.77308
18917,52623.67821
18918,52945.68967
18919,53266.71204
18920,53586.65019
18921,53905.40932
18922,54222.89497
18923,54539.01307
18924,54853.66993
18925,55166.77233
18926,55478.22748
18927,55787.9431
18928,56095.8274
18929,56401.78915
18930,56705.7377
18931,57007.58297
18932,57307.23552
18933,57604.60656
18934,57899.60797
18935,58192.15233
18936,58482.15296
18937,58769.52392
18938,59054.18007
18939,59336.03705
18940,59615.01133
18941,59891.02026
18942,60163.98205
18943,60433.8158
18944,60700.44157
18945,60963.78035
18946,61223.75411
18947,61480.2858
18948,61733.29941
18949,61982.71998
18950,62228.47358
18951,62470.48741
18952,62708.68973
18953,62943.00998
18954,63173.37872
18955,63399.72767
18956,63621.98978
18957,63840.09918
18958,64053.99124
18959,64263.60257
18960,64468.87107
18961,64669.73591
18962,64866.13757
18963,65058.01785
18964,65245.3199
18965,65427.98821
18966,65605.96865
18967,65779.20848
18968,65947.65638
18969,66111.26242
18970,66269.97812
18971,66423.75646
18972,66572.55186
18973,66716.32023
18974,66855.01898
18975,66988.60701
18976,67117.04472
18977,67240.29406
18978,67358.31851
18979,67471.08309
18980,67578.55439
18981,67680.70057
18982,67777.49135
18983,67868.89806
18984,67954.89361
18985,68035.45251
18986,68110.5509
18987,68180.16652
18988,68244.27875
18989,68302.86858
18990,68355.91865
18991,68403.41325
18992,68445.3383
18993,68481.68138
18994,68512.43171
18995,68537.58019
18996,68557.11937
18997,68571.04345
18998,68579.34831
18999,68582.03148
19000,68579.09218
19001,68570.53127
19002,68556.35129
19003,68536.55644
19004,68511.15259
19005,68480.14726
19006,68443.54965
19007,68401.3706
19008,68353.6226
19009,68300.3198
19010,68241.47801
19011,68177.11465
19012,68107.2488
19013,68031.90115
19014,67951.09405
19015,67864.85143
19016,67773.19885
19017,67676.16346
19018,67573.77403
19019,67466.06088
19020,67353.05594
19021,67234.7927
19022,67111.3062
19023,66982.63302
19024,66848.81131
19025,66709.8807
19026,66565.88238
19027,66416.85901
19028,66262.85475
19029,66103.91523
19030,65940.08755
19031,65771.42027
19032,65597.96334
19033,65419.76819
19034,65236.8876
19035,65049.37577
19036,64857.28827
19037,64660.68201
19038,64459.61526
19039,64254.14759
19040,64044.33988
19041,63830.25432
19042,63611.95433
19043,63389.5046
19044,63162.97105
19045,62932.42081
19046,62697.9222
19047,62459.54469
19048,62217.35893
19049,61971.43669
19050,61721.85082
19051,61468.6753
19052,61211.98515
19053,60951.85642
19054,60688.36619
19055,60421.59255
19056,60151.61455
19057,59878.51219
19058,59602.36639
19059,59323.25898
19060,59041.27266
19061,58756.491
19062,58468.99838
19063,58178.88
19064,57886.22181
19065,57591.11055
19066,57293.63365
19067,56993.87928
19068,56691.93624
19069,56387.89402
19070,56081.84271
19071,55773.873
19072,55464.07614
19073,55152.54393
19074,54839.3687
19075,54524.64324
19076,54208.4608
19077,53890.91509
19078,53572.10019
19079,53252.11059
19080,52931.04109
19081,52608.98684
19082,52286.04327
19083,51962.30607
19084,51637.87119
19085,51312.83474
19086,50987.29305
19087,50661.34259
19088,50335.07993
19089,50008.60176
19090,49682.00482
19091,49355.38589
19092,49028.84175
19093,48702.46917
19094,48376.36485
19095,48050.62543
19096,47725.34743
19097,47400.62724
19098,47076.56107
19099,46753.24497
19100,46430.77473
19101,46109.2459
19102,45788.75377
19103,45469.3933
19104,45151.25913
19105,44834.44552
19106,44519.04635
19107,44205.1551
19108,43892.86475
19109,43582.26786
19110,43273.45647
19111,42966.52207
19112,42661.55563
19113,42358.6475
19114,42057.88745
19115,41759.3646
19116,41463.1674
19117,41169.38363
19118,40878.10035
19119,40589.40386
19120,40303.37971
19121,40020.11265
19122,39739.68664
19123,39462.18475
19124,39187.68922
19125,38916.2814
19126,38648.0417
19127,38383.04961
19128,38121.38365
19129,37863.12136
19130,37608.33927
19131,37357.11287
19132,37109.51662
19133,36865.62387
19134,36625.5069
19135,36389.23686
19136,36156.88376
19137,35928.51646
19138,35704.20262
19139,35484.00871
19140,35267.99998
19141,35056.24044
19142,34848.79284
19143,34645.71865
19144,34447.07804
19145,34252.92988
19146,34063.33169
19147,33878.33966
19148,33698.00861
19149,33522.39196
19150,33351.54177
19151,33185.50865
19152,33024.34181
19153,32868.08901
19154,32716.79653
19155,32570.50922
19156,32429.27043
19157,32293.122
19158,32162.10428
19159,32036.25609
19160,31915.61473
19161,31800.21594
19162,31690.09392
19163,31585.2813
19164,31485.80913
19165,31391.7069
19166,31303.00249
19167,31219.72218
19168,31141.89065
19169,31069.53096
19170,31002.66456
19171,30941.31126
19172,30885.48924
19173,30835.21504
19174,30790.50356
19175,30751.36805
19176,30717.8201
19177,30689.86966
19178,30667.525
19179,30650.79275
19180,30639.67787
19181,30634.18365
19182,30634.31172
19183,30640.06204
19184,30651.43291
19185,30668.42095
19186,30691.02114
19187,30719.22677
19188,30753.02949
19189,30792.41928
19190,30837.38448
19191,30887.91175
19192,30943.98612
19193,31005.59098
19194,31072.70807
19195,31145.3175
19196,31223.39777
19197,31306.92573
19198,31395.87662
19199,31490.2241
19200,31589.94021
19201,31694.99539
19202,31805.35852
19203,31920.99689
19204,32041.87624
19205,32167.96075
19206,32299.21306
19207,32435.59427
19208,32577.06397
19209,32723.58024
19210,32875.09967
19211,33031.57736
19212,33192.96693
19213,33359.22057
19214,33530.28902
19215,33706.12157
19216,33886.66613
19217,34071.86919
19218,34261.67589
19219,34456.02997
19220,34654.87384
19221,34858.14858
19222,35065.79396
19223,35277.74845
19224,35493.94924
19225,35714.33226
19226,35938.83221
19227,36167.38257
19228,36399.91561
19229,36636.36243
19230,36876.65296
19231,37120.716
19232,37368.47924
19233,37619.86924
19234,37874.81152
19235,38133.23054
19236,38395.04971
19237,38660.19146
19238,38928.57722
19239,39200.12747
19240,39474.76172
19241,39752.39861
19242,40032.95587
19243,40316.35035
19244,40602.49809
19245,40891.31429
19246,41182.71337
19247,41476.60898
19248,41772.91403
19249,42071.54073
19250,42372.40058
19251,42675.40443
19252,42980.4625
19253,43287.48438
19254,43596.37911
19255,43907.05515
19256,44219.42044
19257,44533.38242
19258,44848.84805
19259,45165.72386
19260,45483.91595
19261,45803.33004
19262,46123.87146
19263,46445.44525
19264,46767.9561
19265,47091.30846
19266,47415.40651
19267,47740.1542
19268,48065.45532
19269,48391.21347
19270,48717.33211
19271,49043.71461
19272,49370.26426
19273,49696.88429
19274,50023.47792
19275,50349.94838
19276,50676.19891
19277,51002.13285
19278,51327.65362
19279,51652.66476
19280,51977.06995
19281,52300.77308
19282,52623.67821
19283,52945.68967
19284,53266.71204
19285,53586.65019
19286,53905.40932
19287,54222.89497
19288,54539.01307
19289,54853.66993
19290,55166.77233
19291,55478.22748
19292,55787.9431
19293,56095.8274
19294,56401.78915
19295,56705.7377
19296,57007.58297
19297,57307.23552
19298,57604.60656
19299,57899.60797
19300,58192.15233
19301,58482.15296
19302,58769.52392
19303,59054.18007
19304,59336.03705
19305,59615.01133
19306,59891.02026
19307,60163.98205
19308,60433.8158
19309,60700.44157
19310,60963.78035
19311,61223.75411
19312,61480.2858
19313,61733.29941
19314,61982.71998
19315,62228.47358
19316,62470.48741
19317,62708.68973
19318,62943.00998
19319,63173.37872
19320,63399.72767
19321,63621.98978
19322,63840.09918
19323,64053.99124
19324,64263.60257
19325,64468.87107
19326,64669.73591
19327,64866.13757
19328,65058.01785
19329,65245.3199
19330,65427.98821
19331,65605.96865
19332,65779.20848
19333,65947.65638
19334,66111.26242
19335,66269.97812
19336,66423.75646
19337,66572.55186
19338,66716.32023
19339,66855.01898
19340,66988.60701
19341,67117.04472
19342,67240.29406
19343,67358.31851
19344,67471.08309
19345,67578.55439
19346,67680.70057
19347,67777.49135
19348,67868.89806
19349,67954.89361
19350,68035.45251
19351,68110.5509
19352,68180.16652
19353,68244.27875
19354,68302.86858
19355,68355.91865
19356,68403.41325
19357,68445.3383
19358,68481.68138
19359,68512.43171
19360,68537.58019
19361,68557.11937
19362,68571.04345
19363,68579.34831
19364,68582.03148
19365,68579.09218
19366,68570.53127
19367,68556.35129
19368,68536.55644
19369,68511.15259
19370,68480.14726
19371,68443.54965
19372,68401.3706
19373,68353.6226
19374,68300.3198
19375,68241.47801
19376,68177.11465
19377,68107.2488
19378,68031.90115
19379,67951.09405
19380,67864.85143
19381,67773.19885
19382,67676.16346
19383,67573.77403
19384,67466.06088
19385,67353.05594
19386,67234.7927
19387,67111.3062
19388,66982.63302
19389,66848.81131
19390,66709.8807
19391,66565.88238
19392,66416.85901
19393,66262.85475
19394,66103.91523
19395,65940.08755
19396,65771.42027
19397,65597.96334
19398,65419.76819
19399,65236.8876
19400,65049.37577
19401,64857.28827
19402,64660.68201
19403,64459.61526
19404,64254.14759
19405,64044.33988
19406,63830.25432
19407,63611.95433
19408,63389.5046
19409,63162.97105
19410,62932.42081
19411,62697.9222
19412,62459.54469
19413,62217.35893
19414,61971.43669
19415,61721.85082
19416,61468.6753
19417,61211.98515
19418,60951.85642
19419,60688.36619
19420,60421.59255
19421,60151.61455
19422,59878.51219
19423,59602.36639
19424,59323.25898
19425,59041.27266
19426,58756.491
19427,58468.99838
19428,58178.88
19429,57886.22181
19430,57591.11055
19431,57293.63365
19432,56993.87928
19433,56691.93624
19434,56387.89402
19435,56081.84271
19436,55773.873
19437,55464.07614
19438,55152.54393
19439,54839.3687
19440,54524.64324
19441,54208.4608
19442,53890.91509
19443,53572.10019
19444,53252.11059
19445,52931.04109
19446,52608.98684
19447,52286.04327
19448,51962.30607
19449,51637.87119
19450,51312.83474
19451,50987.29305
19452,50661.34259
19453,50335.07993
19454,50008.60176
19455,49682.00482
19456,49355.38589
19457,49028.84175
19458,48702.46917
19459,48376.36485
19460,48050.62543
19461,47725.34743
19462,47400.62724
19463,47076.56107
19464,46753.24497
19465,46430.77473
19466,46109.2459
19467,45788.75377
19468,45469.3933
19469,45151.25913
19470,44834.44552
19471,44519.04635
19472,44205.1551
19473,43892.86475
19474,43582.26786
19475,43273.45647
19476,42966.52207
19477,42661.55563
19478,42358.6475
19479,42057.88745
19480,41759.3646
19481,41463.1674
19482,41169.38363
19483,40878.10035
19484,40589.40386
19485,40303.37971
19486,40020.11265
19487,39739.68664
19488,39462.18475
19489,39187.68922
19490,38916.2814
19491,38648.0417
19492,38383.04961
19493,38121.38365
19494,37863.12136
19495,37608.33927
19496,37357.11287
19497,37109.51662
19498,36865.62387
19499,36625.5069
19500,36389.23686
19501,36156.88376
19502,35928.51646
19503,35704.20262
19504,35484.00871
19505,35267.99998
19506,35056.24044
19507,34848.79284
19508,34645.71865
19509,34447.07804
19510,34252.92988
19511,34063.33169
19512,33878.33966
19513,33698.00861
19514,33522.39196
19515,33351.54177
19516,33185.50865
19517,33024.34181
19518,32868.08901
19519,32716.79653
19520,32570.50922
19521,32429.27043
19522,32293.122
19523,32162.10428
19524,32036.25609
19525,31915.61473
19526,31800.21594
19527,31690.09392
19528,31585.2813
19529,31485.80913
19530,31391.7069
19531,31303.00249
19532,31219.72218
19533,31141.89065
19534,31069.53096
19535,31002.66456
19536,30941.31126
19537,30885.48924
19538,30835.21504
19539,30790.50356
19540,30751.36805
19541,30717.8201
19542,30689.86966
19543,30667.525
19544,30650.79275
19545,30639.67787
19546,30634.18365
19547,30634.31172
19548,30640.06204
19549,30651.43291
19550,30668.42095
19551,30691.02114
19552,30719.22677
19553,30753.02949
19554,30792.41928
19555,30837.38448
19556,30887.91175
19557,30943.98612
19558,31005.59098
19559,31072.70807
19560,31145.3175
19561,31223.39777
19562,31306.92573
19563,31395.87662
19564,31490.2241
19565,31589.94021
19566,31694.99539
19567,31805.35852
19568,31920.99689
19569,32041.87624
19570,32167.96075
19571,32299.21306
19572,32435.59427
19573,32577.06397
19574,32723.58024
19575,32875.09967
19576,33031.57736
19577,33192.96693
19578,33359.22057
19579,33530.28902
19580,33706.12157
19581,33886.66613
19582,34071.86919
19583,34261.67589
19584,34456.02997
19585,34654.87384
19586,34858.14858
19587,35065.79396
19588,35277.74845
19589,35493.94924
19590,35714.33226
19591,35938.83221
19592,36167.38257
19593,36399.91561
19594,36636.36243
19595,36876.65296
19596,37120.716
19597,37368.47924
19598,37619.86924
19599,37874.81152
19600,38133.23054
19601,38395.04971
19602,38660.19146
19603,38928.57722
19604,39200.12747
19605,39474.76172
19606,39752.39861
19607,40032.95587
19608,40316.35035
19609,40602.49809
19610,40891.31429
19611,41182.71337
19612,41476.60898
19613,41772.91403
19614,42071.54073
19615,42372.40058
19616,42675.40443
19617,42980.4625
19618,43287.48438
19619,43596.37911
19620,43907.05515
19621,44219.42044
19622,44533.38242
19623,44848.84805
19624,45165.72386
19625,45483.91595
19626,45803.33004
19627,46123.87146
19628,46445.44525
19629,46767.9561
19630,47091.30846
19631,47415.40651
19632,47740.1542
19633,48065.45532
19634,48391.21347
19635,48717.33211
19636,49043.71461
19637,49370.26426
19638,49696.88429
19639,50023.47792
19640,50349.94838
19641,50676.19891
19642,51002.13285
19643,51327.65362
19644,51652.66476
19645,51977.06995
19646,52300.77308
19647,52623.67821
19648,52945.68967
19649,53266.71204
19650,53586.65019
19651,53905.40932
19652,54222.89497
19653,54539.01307
19654,54853.66993
19655,55166.77233
19656,55478.22748
19657,55787.9431
19658,56095.8274
19659,56401.78915
19660,56705.7377
19661,57007.58297
19662,57307.23552
19663,57604.60656
19664,57899.60797
19665,58192.15233
19666,58482.15296
19667,58769.52392
19668,59054.18007
19669,59336.03705
19670,59615.01133
19671,59891.02026
19672,60163.98205
19673,60433.8158
19674,60700.44157
19675,60963.78035
19676,61223.75411
19677,61480.2858
19678,61733.29941
19679,61982.71998
19680,62228.47358
19681,62470.48741
19682,62708.68973
19683,62943.00998
19684,63173.37872
19685,63399.72767
19686,63621.98978
19687,63840.09918
19688,64053.99124
19689,64263.60257
19690,64468.87107
19691,64669.73591
19692,64866.13757
19693,65058.01785
19694,65245.3199
19695,65427.98821
19696,65605.96865
19697,65779.20848
19698,65947.65638
19699,66111.26242
19700,66269.97812
19701,66423.75646
19702,66572.55186
19703,66716.32023
19704,66855.01898
19705,66988.60701
19706,67117.04472
19707,67240.29406
19708,67358.31851
19709,67471.08309
19710,67578.55439
19711,67680.70057
19712,67777.49135
19713,67868.89806
19714,67954.89361
19715,68035.45251
19716,68110.5509
19717,68180.16652
19718,68244.27875
19719,68302.86858
19720,68355.91865
19721,68403.41325
19722,68445.3383
19723,68481.68138
19724,68512.43171
19725,68537.58019
19726,68557.11937
19727,68571.04345
19728,68579.34831
19729,68582.03148
19730,68579.09218
19731,68570.53127
19732,68556.35129
19733,68536.55644
19734,68511.15259
19735,68480.14726
19736,68443.54965
19737,68401.3706
19738,68353.6226
19739,68300.3198
19740,68241.47801
19741,68177.11465
19742,68107.2488
19743,68031.90115
19744,67951.09405
19745,67864.85143
19746,67773.19885
19747,67676.16346
19748,67573.77403
19749,67466.06088
19750,67353.05594
19751,67234.7927
19752,67111.3062
19753,66982.63302
19754,66848.81131
19755,66709.8807
19756,66565.88238
19757,66416.85901
19758,66262.85475
19759,66103.91523
19760,65940.08755
19761,65771.42027
19762,65597.96334
19763,65419.76819
19764,65236.8876
19765,65049.37577
19766,64857.28827
19767,64660.68201
19768,64459.61526
19769,64254.14759
19770,64044.33988
19771,63830.25432
19772,63611.95433
19773,63389.5046
19774,63162.97105
19775,62932.42081
19776,62697.9222
19777,62459.54469
19778,62217.35893
19779,61971.43669
19780,61721.85082
19781,61468.6753
19782,61211.98515
19783,60951.85642
19784,60688.36619
19785,60421.59255
19786,60151.61455
19787,59878.51219
19788,59602.36639
19789,59323.25898
19790,59041.27266
19791,58756.491
19792,58468.99838
19793,58178.88
19794,57886.22181
19795,57591.11055
19796,57293.63365
19797,56993.87928
19798,56691.93624
19799,56387.89402
19800,56081.84271
19801,55773.873
19802,55464.07614
19803,55152.54393
19804,54839.3687
19805,54524.64324
19806,54208.4608
19807,53890.91509
19808,53572.10019
19809,53252.11059
19810,52931.04109
19811,52608.98684
19812,52286.04327
19813,51962.30607
19814,51637.87119
19815,51312.83474
19816,50987.29305
19817,50661.34259
19818,50335.07993
19819,50008.60176
19820,49682.00482
19821,49355.38589
19822,49028.84175
19823,48702.46917
19824,48376.36485
19825,48050.62543
19826,47725.34743
19827,47400.62724
19828,47076.56107
19829,46753.24497
19830,46430.77473
19831,46109.2459
19832,45788.75377
19833,45469.3933
19834,45151.25913
19835,44834.44552
19836,44519.04635
19837,44205.1551
19838,43892.86475
19839,43582.26786
19840,43273.45647
19841,42966.52207
19842,42661.55563
19843,42358.6475
19844,42057.88745
19845,41759.3646
19846,41463.1674
19847,41169.38363
19848,40878.10035
19849,40589.40386
19850,40303.37971
19851,40020.11265
19852,39739.68664
19853,39462.18475
19854,39187.68922
19855,38916.2814
19856,38648.0417
19857,38383.04961
19858,38121.38365
19859,37863.12136
19860,37608.33927
19861,37357.11287
19862,37109.51662
19863,36865.62387
19864,36625.5069
19865,36389.23686
19866,36156.88376
19867,35928.51646
19868,35704.20262
19869,35484.00871
19870,35267.99998
19871,35056.24044
19872,34848.79284
19873,34645.71865
19874,34447.07804
19875,34252.92988
19876,34063.33169
19877,33878.33966
19878,33698.00861
19879,33522.39196
19880,33351.54177
19881,33185.50865
19882,33024.34181
19883,32868.08901
19884,32716.79653
19885,32570.50922
19886,32429.27043
19887,32293.122
19888,32162.10428
19889,32036.25609
19890,31915.61473
19891,31800.21594
19892,31690.09392
19893,31585.2813
19894,31485.80913
19895,31391.7069
19896,31303.00249
19897,31219.72218
19898,31141.89065
19899,31069.53096
19900,31002.66456
19901,30941.31126
19902,30885.48924
19903,30835.21504
19904,30790.50356
19905,30751.36805
19906,30717.8201
19907,30689.86966
19908,30667.525
19909,30650.79275
19910,30639.67787
19911,30634.18365
19912,30634.31172
19913,30640.06204
19914,30651.43291
19915,30668.42095
19916,30691.02114
19917,30719.22677
19918,30753.02949
19919,30792.41928
19920,30837.38448
19921,30887.91175
19922,30943.98612
19923,31005.59098
19924,31072.70807
19925,31145.3175
19926,31223.39777
19927,31306.92573
19928,31395.87662
19929,31490.2241
19930,31589.94021
19931,31694.99539
19932,31805.35852
19933,31920.99689
19934,32041.87624
19935,32167.96075
19936,32299.21306
19937,32435.59427
19938,32577.06397
19939,32723.58024
19940,32875.09967
19941,33031.57736
19942,33192.96693
19943,33359.22057
19944,33530.28902
19945,33706.12157
19946,33886.66613
19947,34071.86919
19948,34261.67589
19949,34456.02997
19950,34654.87384
19951,34858.14858
19952,35065.79396
19953,35277.74845
19954,35493.94924
19955,35714.33226
19956,35938.83221
19957,36167.38257
19958,36399.91561
19959,36636.36243
19960,36876.65296
19961,37120.716
19962,37368.47924
19963,37619.86924
19964,37874.81152
19965,38133.23054
19966,38395.04971
19967,38660.19146
19968,38928.57722
19969,39200.12747
19970,39474.76172
19971,39752.39861
19972,40032.95587
19973,40316.35035
19974,40602.49809
19975,40891.31429
19976,41182.71337
19977,41476.60898
19978,41772.91403
19979,42071.54073
19980,42372.40058
19981,42675.40443
19982,42980.4625
19983,43287.48438
19984,43596.37911
19985,43907.05515
19986,44219.42044
19987,44533.38242
19988,44848.84805
19989,45165.72386
19990,45483.91595
19991,45803.33004
19992,46123.87146
19993,46445.44525
19994,46767.9561
19995,47091.30846
19996,47415.40651
19997,47740.1542
19998,48065.45532
19999,48391.21347
20000,48717.33211
20001,49043.71461
20002,49370.26426
20003,49696.88429
20004,50023.47792
20005,50349.94838
20006,50676.19891
20007,51002.13285
20008,51327.65362
20009,51652.66476
20010,51977.06995
20011,52300.77308
20012,52623.67821
20013,52945.68967
20014,53266.71204
20015,53586.65019
20016,53905.40932
20017,54222.89497
20018,54539.01307
20019,54853.66993
20020,55166.77233
20021,55478.22748
20022,55787.9431
20023,56095.8274
20024,56401.78915
20025,56705.7377
20026,57007.58297
20027,57307.23552
20028,57604.60656
20029,57899.60797
20030,58192.15233
20031,58482.15296
20032,58769.52392
20033,59054.18007
20034,59336.03705
20035,59615.01133
20036,59891.02026
20037,60163.98205
20038,60433.8158
20039,60700.44157
20040,60963.78035
20041,61223.75411
20042,61480.2858
20043,61733.29941
20044,61982.71998
20045,62228.47358
20046,62470.48741
20047,62708.68973
20048,62943.00998
20049,63173.37872
20050,63399.72767
20051,63621.98978
20052,63840.09918
20053,64053.99124
20054,64263.60257
20055,64468.87107
20056,64669.73591
20057,64866.13757
20058,65058.01785
20059,65245.3199
20060,65427.98821
20061,65605.96865
20062,65779.20848
20063,65947.65638
20064,66111.26242
20065,66269.97812
20066,66423.75646
20067,66572.55186
20068,66716.32023
20069,66855.01898
20070,66988.60701
20071,67117.04472
20072,67240.29406
20073,67358.31851
20074,67471.08309
20075,67578.55439
20076,67680.70057
20077,67777.49135
20078,67868.89806
20079,67954.89361
20080,68035.45251
20081,68110.5509
20082,68180.16652
20083,68244.27875
20084,68302.86858
20085,68355.91865
20086,68403.41325
20087,68445.3383
20088,68481.68138
20089,68512.43171
20090,68537.58019
20091,68557.11937
20092,68571.04345
20093,68579.34831
20094,68582.03148
20095,68579.09218
20096,68570.53127
20097,68556.35129
20098,68536.55644
20099,68511.15259
20100,68480.14726
20101,68443.54965
20102,68401.3706
20103,68353.6226
20104,68300.3198
20105,68241.47801
20106,68177.11465
20107,68107.2488
20108,68031.90115
20109,67951.09405
20110,67864.85143
20111,67773.19885
20112,67676.16346
20113,67573.77403
20114,67466.06088
20115,67353.05594
20116,67234.7927
20117,67111.3062
20118,66982.63302
20119,66848.81131
20120,66709.8807
20121,66565.88238
20122,66416.85901
20123,66262.85475
20124,66103.91523
20125,65940.08755
20126,65771.42027
20127,65597.96334
20128,65419.76819
20129,65236.8876
20130,65049.37577
20131,64857.28827
20132,64660.68201
20133,64459.61526
20134,64254.14759
20135,64044.33988
20136,63830.25432
20137,63611.95433
20138,63389.5046
20139,63162.97105
20140,62932.42081
20141,62697.9222
20142,62459.54469
20143,62217.35893
20144,61971.43669
20145,61721.85082
20146,61468.6753
20147,61211.98515
20148,60951.85642
20149,60688.36619
20150,60421.59255
20151,60151.61455
20152,59878.51219
20153,59602.36639
20154,59323.25898
20155,59041.27266
20156,58756.491
20157,58468.99838
20158,58178.88
20159,57886.22181
20160,57591.11055
20161,57293.63365
20162,56993.87928
20163,56691.93624
20164,56387.89402
20165,56081.84271
20166,55773.873
20167,55464.07614
20168,55152.54393
20169,54839.3687
20170,54524.64324
20171,54208.4608
20172,53890.91509
20173,53572.10019
20174,53252.11059
20175,52931.04109
20176,52608.98684
20177,52286.04327
20178,51962.30607
20179,51637.87119
20180,51312.83474
20181,50987.29305
20182,50661.34259
20183,50335.07993
20184,50008.60176
20185,49682.00482
20186,49355.38589
20187,49028.84175
20188,48702.46917
20189,48376.36485
20190,48050.62543
20191,47725.34743
20192,47400.62724
20193,47076.56107
20194,46753.24497
20195,46430.77473
20196,46109.2459
20197,45788.75377
20198,45469.3933
20199,45151.25913
20200,44834.44552
20201,44519.04635
20202,44205.1551
20203,43892.86475
20204,43582.26786
20205,43273.45647
20206,42966.52207
20207,42661.55563
20208,42358.6475
20209,42057.88745
20210,41759.3646
20211,41463.1674
20212,41169.38363
20213,40878.10035
20214,40589.40386
20215,40303.37971
20216,40020.11265
20217,39739.68664
20218,39462.18475
20219,39187.68922
20220,38916.2814
20221,38648.0417
20222,38383.04961
20223,38121.38365
20224,37863.12136
20225,37608.33927
20226,37357.11287
20227,37109.51662
20228,36865.62387
20229,36625.5069
20230,36389.23686
20231,36156.88376
20232,35928.51646
20233,35704.20262
20234,35484.00871
20235,35267.99998
20236,35056.24044
20237,34848.79284
20238,34645.71865
20239,34447.07804
20240,34252.92988
20241,34063.33169
20242,33878.33966
20243,33698.00861
20244,33522.39196
20245,33351.54177
20246,33185.50865
20247,33024.34181
20248,32868.08901
20249,32716.79653
20250,32570.50922
20251,32429.27043
20252,32293.122
20253,32162.10428
20254,32036.25609
20255,31915.61473
20256,31800.21594
20257,31690.09392
20258,31585.2813
20259,31485.80913
20260,31391.7069
20261,31303.00249
20262,31219.72218
20263,31141.89065
20264,31069.53096
20265,31002.66456
20266,30941.31126
20267,30885.48924
20268,30835.21504
20269,30790.50356
20270,30751.36805
20271,30717.8201
20272,30689.86966
20273,30667.525
20274,30650.79275
20275,30639.67787
20276,30634.18365
20277,30634.31172
20278,30640.06204
20279,30651.43291
20280,30668.42095
20281,30691.02114
20282,30719.22677
20283,30753.02949
20284,30792.41928
20285,30837.38448
20286,30887.91175
20287,30943.98612
20288,31005.59098
20289,31072.70807
20290,31145.3175
20291,31223.39777
20292,31306.92573
20293,31395.87662
20294,31490.2241
20295,31589.94021
20296,31694.99539
20297,31805.35852
20298,31920.99689
20299,32041.87624
20300,32167.96075
20301,32299.21306
20302,32435.59427
20303,32577.06397
20304,32723.58024
20305,32875.09967
20306,33031.57736
20307,33192.96693
20308,33359.22057
20309,33530.28902
20310,33706.12157
20311,33886.66613
20312,34071.86919
20313,34261.67589
20314,34456.02997
20315,34654.87384
20316,34858.14858
20317,35065.79396
20318,35277.74845
20319,35493.94924
20320,35714.33226
20321,35938.83221
20322,36167.38257
20323,36399.91561
20324,36636.36243
20325,36876.65296
20326,37120.716
20327,37368.47924
20328,37619.86924
20329,37874.81152
20330,38133.23054
20331,38395.04971
20332,38660.19146
20333,38928.57722
20334,39200.12747
20335,39474.76172
20336,39752.39861
20337,40032.95587
20338,40316.35035
20339,40602.49809
20340,40891.31429
20341,41182.71337
20342,41476.60898
20343,41772.91403
20344,42071.54073
20345,42372.40058
20346,42675.40443
20347,42980.4625
20348,43287.48438
20349,43596.37911
20350,43907.05515
20351,44219.42044
20352,44533.38242
20353,44848.84805
20354,45165.72386
20355,45483.91595
20356,45803.33004
20357,46123.87146
20358,46445.44525
20359,46767.9561
20360,47091.30846
20361,47415.40651
20362,47740.1542
20363,48065.45532
20364,48391.21347
20365,48717.33211
20366,49043.71461
20367,49370.26426
20368,49696.88429
20369,50023.47792
20370,50349.94838
20371,50676.19891
20372,51002.13285
20373,51327.65362
20374,51652.66476
20375,51977.06995
20376,52300.77308
20377,52623.67821
20378,52945.68967
20379,53266.71204
20380,53586.65019
20381,53905.40932
20382,54222.89497
20383,54539.01307
20384,54853.66993
20385,55166.77233
20386,55478.22748
20387,55787.9431
20388,56095.8274
20389,56401.78915
20390,56705.7377
20391,57007.58297
20392,57307.23552
20393,57604.60656
20394,57899.60797
20395,58192.15233
20396,58482.15296
20397,58769.52392
20398,59054.18007
20399,59336.03705
20400,59615.01133
20401,59891.02026
20402,60163.98205
20403,60433.8158
20404,60700.44157
20405,60963.78035
20406,61223.75411
20407,61480.2858
20408,61733.29941
20409,61982.71998
20410,62228.47358
20411,62470.48741
20412,62708.68973
20413,62943.00998
20414,63173.37872
20415,63399.72767
20416,63621.98978
20417,63840.09918
20418,64053.99124
20419,64263.60257
20420,64468.87107
20421,64669.73591
20422,64866.13757
20423,65058.01785
20424,65245.3199
20425,65427.98821
20426,65605.96865
20427,65779.20848
20428,65947.65638
20429,66111.26242
20430,66269.97812
20431,66423.75646
20432,66572.55186
20433,66716.32023
20434,66855.01898
20435,66988.60701
20436,67117.04472
20437,67240.29406
20438,67358.31851
20439,67471.08309
20440,67578.55439
20441,67680.70057
20442,67777.49135
20443,67868.89806
20444,67954.89361
20445,68035.45251
20446,68110.5509
20447,68180.16652
20448,68244.27875
20449,68302.86858
20450,68355.91865
20451,68403.41325
20452,68445.3383
20453,68481.68138
20454,68512.43171
20455,68537.58019
20456,68557.11937
20457,68571.04345
20458,68579.34831
20459,68582.03148
20460,68579.09218
20461,68570.53127
20462,68556.35129
20463,68536.55644
20464,68511.15259
20465,68480.14726
20466,68443.54965
20467,68401.3706
20468,68353.6226
20469,68300.3198
20470,68241.47801
20471,68177.11465
20472,68107.2488
20473,68031.90115
20474,67951.09405
20475,67864.85143
20476,67773.19885
20477,67676.16346
20478,67573.77403
20479,67466.06088
20480,67353.05594
20481,67234.7927
20482,67111.3062
20483,66982.63302
20484,66848.81131
20485,66709.8807
20486,66565.88238
20487,66416.85901
20488,66262.85475
20489,66103.91523
20490,65940.08755
20491,65771.42027
20492,65597.96334
20493,65419.76819
20494,65236.8876
20495,65049.37577
20496,64857.28827
20497,64660.68201
20498,64459.61526
20499,64254.14759
20500,64044.33988
20501,63830.25432
20502,63611.95433
20503,63389.5046
20504,63162.97105
20505,62932.42081
20506,62697.9222
20507,62459.54469
20508,62217.35893
20509,61971.43669
20510,61721.85082
20511,61468.6753
20512,61211.98515
20513,60951.85642
20514,60688.36619
20515,60421.59255
20516,60151.61455
20517,59878.51219
20518,59602.36639
20519,59323.25898
20520,59041.27266
20521,58756.491
20522,58468.99838
20523,58178.88
20524,57886.22181
20525,57591.11055
20526,57293.63365
20527,56993.87928
20528,56691.93624
20529,56387.89402
20530,56081.84271
20531,55773.873
20532,55464.07614
20533,55152.54393
20534,54839.3687
20535,54524.64324
20536,54208.4608
20537,53890.91509
20538,53572.10019
20539,53252.11059
20540,52931.04109
20541,52608.98684
20542,52286.04327
20543,51962.30607
20544,51637.87119
20545,51312.83474
20546,50987.29305
20547,50661.34259
20548,50335.07993
20549,50008.60176
20550,49682.00482
20551,49355.38589
20552,49028.84175
20553,48702.46917
20554,48376.36485
20555,48050.62543
20556,47725.34743
20557,47400.62724
20558,47076.56107
20559,46753.24497
20560,46430.77473
20561,46109.2459
20562,45788.75377
20563,45469.3933
20564,45151.25913
20565,44834.44552
20566,44519.04635
20567,44205.1551
20568,43892.86475
20569,43582.26786
20570,43273.45647
20571,42966.52207
20572,42661.55563
20573,42358.6475
20574,42057.88745
20575,41759.3646
20576,41463.1674
20577,41169.38363
20578,40878.10035
20579,40589.40386
20580,40303.37971
20581,40020.11265
20582,39739.68664
20583,39462.18475
20584,39187.68922
20585,38916.2814
20586,38648.0417
20587,38383.04961
20588,38121.38365
20589,37863.12136
20590,37608.33927
20591,37357.11287
20592,37109.51662
20593,36865.62387
20594,36625.5069
20595,36389.23686
20596,36156.88376
20597,35928.51646
20598,35704.20262
20599,35484.00871
20600,35267.99998
20601,35056.24044
20602,34848.79284
20603,34645.71865
20604,34447.07804
20605,34252.92988
20606,34063.33169
20607,33878.33966
20608,33698.00861
20609,33522.39196
20610,33351.54177
20611,33185.50865
20612,33024.34181
20613,32868.08901
20614,32716.79653
20615,32570.50922
20616,32429.27043
20617,32293.122
20618,32162.10428
20619,32036.25609
20620,31915.61473
20621,31800.21594
20622,31690.09392
20623,31585.2813
20624,31485.80913
20625,31391.7069
20626,31303.00249
20627,31219.72218
20628,31141.89065
20629,31069.53096
20630,31002.66456
20631,30941.31126
20632,30885.48924
20633,30835.21504
20634,30790.50356
20635,30751.36805
20636,30717.8201
20637,30689.86966
20638,30667.525
20639,30650.79275
20640,30639.67787
20641,30634.18365
20642,30634.31172
20643,30640.06204
20644,30651.43291
20645,30668.42095
20646,30691.02114
20647,30719.22677
20648,30753.02949
20649,30792.41928
20650,30837.38448
20651,30887.91175
20652,30943.98612
20653,31005.59098
20654,31072.70807
20655,31145.3175
20656,31223.39777
20657,31306.92573
20658,31395.87662
20659,31490.2241
20660,31589.94021
20661,31694.99539
20662,31805.35852
20663,31920.99689
20664,32041.87624
20665,32167.96075
20666,32299.21306
20667,32435.59427
20668,32577.06397
20669,32723.58024
20670,32875.09967
20671,33031.57736
20672,33192.96693
20673,33359.22057
20674,33530.28902
20675,33706.12157
20676,33886.66613
20677,34071.86919
20678,34261.67589
20679,34456.02997
20680,34654.87384
20681,34858.14858
20682,35065.79396
20683,35277.74845
20684,35493.94924
20685,35714.33226
20686,35938.83221
20687,36167.38257
20688,36399.91561
20689,36636.36243
20690,36876.65296
20691,37120.716
20692,37368.47924
20693,37619.86924
20694,37874.81152
20695,38133.23054
20696,38395.04971
20697,38660.19146
20698,38928.57722
20699,39200.12747
20700,39474.76172
20701,39752.39861
20702,40032.95587
20703,40316.35035
20704,40602.49809
20705,40891.31429
20706,41182.71337
20707,41476.60898
20708,41772.91403
20709,42071.54073
20710,42372.40058
20711,42675.40443
20712,42980.4625
20713,43287.48438
20714,43596.37911
20715,43907.05515
20716,44219.42044
20717,44533.38242
20718,44848.84805
20719,45165.72386
20720,45483.91595
20721,45803.33004
20722,46123.87146
20723,46445.44525
20724,46767.9561
20725,47091.30846
20726,47415.40651
20727,47740.1542
20728,48065.45532
20729,48391.21347
20730,48717.33211
20731,49043.71461
20732,49370.26426
20733,49696.88429
20734,50023.47792
20735,50349.94838
20736,50676.19891
20737,51002.13285
20738,51327.65362
20739,51652.66476
20740,51977.06995
20741,52300.77308
20742,52623.67821
20743,52945.68967
20744,53266.71204
20745,53586.65019
20746,53905.40932
20747,54222.89497
20748,54539.01307
20749,54853.66993
20750,55166.77233
20751,55478.22748
20752,55787.9431
20753,56095.8274
20754,56401.78915
20755,56705.7377
20756,57007.58297
20757,57307.23552
20758,57604.60656
20759,57899.60797
20760,58192.15233
20761,58482.15296
20762,58769.52392
20763,59054.18007
20764,59336.03705
20765,59615.01133
20766,59891.02026
20767,60163.98205
20768,60433.8158
20769,60700.44157
20770,60963.78035
20771,61223.75411
20772,61480.2858
20773,61733.29941
20774,61982.71998
20775,62228.47358
20776,62470.48741
20777,62708.68973
20778,62943.00998
20779,63173.37872
20780,63399.72767
20781,63621.98978
20782,63840.09918
20783,64053.99124
20784,64263.60257
20785,64468.87107
20786,64669.73591
20787,64866.13757
20788,65058.01785
20789,65245.3199
20790,65427.98821
20791,65605.96865
20792,65779.20848
20793,65947.65638
20794,66111.26242
20795,66269.97812
20796,66423.75646
20797,66572.55186
20798,66716.32023
20799,66855.01898
20800,66988.60701
20801,67117.04472
20802,67240.29406
20803,67358.31851
20804,67471.08309
20805,67578.55439
20806,67680.70057
20807,67777.49135
20808,67868.89806
20809,67954.89361
20810,68035.45251
20811,68110.5509
20812,68180.16652
20813,68244.27875
20814,68302.86858
20815,68355.91865
20816,68403.41325
20817,68445.3383
20818,68481.68138
20819,68512.43171
20820,68537.58019
20821,68557.11937
20822,68571.04345
20823,68579.34831
20824,68582.03148
20825,68579.09218
20826,68570.53127
20827,68556.35129
20828,68536.55644
20829,68511.15259
20830,68480.14726
20831,68443.54965
20832,68401.3706
20833,68353.6226
20834,68300.3198
20835,68241.47801
20836,68177.11465
20837,68107.2488
20838,68031.90115
20839,67951.09405
20840,67864.85143
20841,67773.19885
20842,67676.16346
20843,67573.77403
20844,67466.06088
20845,67353.05594
20846,67234.7927
20847,67111.3062
20848,66982.63302
20849,66848.81131
20850,66709.8807
20851,66565.88238
20852,66416.85901
20853,66262.85475
20854,66103.91523
20855,65940.08755
20856,65771.42027
20857,65597.96334
20858,65419.76819
20859,65236.8876
20860,65049.37577
20861,64857.28827
20862,64660.68201
20863,64459.61526
20864,64254.14759
20865,64044.33988
20866,63830.25432
20867,63611.95433
20868,63389.5046
20869,63162.97105
20870,62932.42081
20871,62697.9222
20872,62459.54469
20873,62217.35893
20874,61971.43669
20875,61721.85082
20876,61468.6753
20877,61211.98515
20878,60951.85642
20879,60688.36619
20880,60421.59255
20881,60151.61455
20882,59878.51219
20883,59602.36639
20884,59323.25898
20885,59041.27266
20886,58756.491
20887,58468.99838
20888,58178.88
20889,57886.22181
20890,57591.11055
20891,57293.63365
20892,56993.87928
20893,56691.93624
20894,56387.89402
20895,56081.84271
20896,55773.873
20897,55464.07614
20898,55152.54393
20899,54839.3687
20900,54524.64324
20901,54208.4608
20902,53890.91509
20903,53572.10019
20904,53252.11059
20905,52931.04109
20906,52608.98684
20907,52286.04327
20908,51962.30607
20909,51637.87119
20910,51312.83474
20911,50987.29305
20912,50661.34259
20913,50335.07993
20914,50008.60176
20915,49682.00482
20916,49355.38589
20917,49028.84175
20918,48702.46917
20919,48376.36485
20920,48050.62543
20921,47725.34743
20922,47400.62724
20923,47076.56107
20924,46753.24497
20925,46430.77473
20926,46109.2459
20927,45788.75377
20928,45469.3933
20929,45151.25913
20930,44834.44552
20931,44519.04635
20932,44205.1551
20933,43892.86475
20934,43582.26786
20935,43273.45647
20936,42966.52207
20937,42661.55563
20938,42358.6475
20939,42057.88745
20940,41759.3646
20941,41463.1674
20942,41169.38363
20943,40878.10035
20944,40589.40386
20945,40303.37971
20946,40020.11265
20947,39739.68664
20948,39462.18475
20949,39187.68922
20950,38916.2814
20951,38648.0417
20952,38383.04961
20953,38121.38365
20954,37863.12136
20955,37608.33927
20956,37357.11287
20957,37109.51662
20958,36865.62387
20959,36625.5069
20960,36389.23686
20961,36156.88376
20962,35928.51646
20963,35704.20262
20964,35484.00871
20965,35267.99998
20966,35056.24044
20967,34848.79284
20968,34645.71865
20969,34447.07804
20970,34252.92988
20971,34063.33169
20972,33878.33966
20973,33698.00861
20974,33522.39196
20975,33351.54177
20976,33185.50865
20977,33024.34181
20978,32868.08901
20979,32716.79653
20980,32570.50922
20981,32429.27043
20982,32293.122
20983,32162.10428
20984,32036.25609
20985,31915.61473
20986,31800.21594
20987,31690.09392
20988,31585.2813
20989,31485.80913
20990,31391.7069
20991,31303.00249
20992,31219.72218
20993,31141.89065
20994,31069.53096
20995,31002.66456
20996,30941.31126
20997,30885.48924
20998,30835.21504
20999,30790.50356
21000,30751.36805
21001,30717.8201
21002,30689.86966
21003,30667.525
21004,30650.79275
21005,30639.67787
21006,30634.18365
21007,30634.31172
21008,30640.06204
21009,30651.43291
21010,30668.42095
21011,30691.02114
21012,30719.22677
21013,30753.02949
21014,30792.41928
21015,30837.38448
21016,30887.91175
21017,30943.98612
21018,31005.59098
21019,31072.70807
21020,31145.3175
21021,31223.39777
21022,31306.92573
21023,31395.87662
21024,31490.2241
21025,31589.94021
21026,31694.99539
21027,31805.35852
21028,31920.99689
21029,32041.87624
21030,32167.96075
21031,32299.21306
21032,32435.59427
21033,32577.06397
21034,32723.58024
21035,32875.09967
21036,33031.57736
21037,33192.96693
21038,33359.22057
21039,33530.28902
21040,33706.12157
21041,33886.66613
21042,34071.86919
21043,34261.67589
21044,34456.02997
21045,34654.87384
21046,34858.14858
21047,35065.79396
21048,35277.74845
21049,35493.94924
21050,35714.33226
21051,35938.83221
21052,36167.38257
21053,36399.91561
21054,36636.36243
21055,36876.65296
21056,37120.716
21057,37368.47924
21058,37619.86924
21059,37874.81152
21060,38133.23054
21061,38395.04971
21062,38660.19146
21063,38928.57722
21064,39200.12747
21065,39474.76172
21066,39752.39861
21067,40032.95587
21068,40316.35035
21069,40602.49809
21070,40891.31429
21071,41182.71337
21072,41476.60898
21073,41772.91403
21074,42071.54073
21075,42372.40058
21076,42675.40443
21077,42980.4625
21078,43287.48438
21079,43596.37911
21080,43907.05515
21081,44219.42044
21082,44533.38242
21083,44848.84805
21084,45165.72386
21085,45483.91595
21086,45803.33004
21087,46123.87146
21088,46445.44525
21089,46767.9561
21090,47091.30846
21091,47415.40651
21092,47740.1542
21093,48065.45532
21094,48391.21347
21095,48717.33211
21096,49043.71461
21097,49370.26426
21098,49696.88429
21099,50023.47792
21100,50349.94838
21101,50676.19891
21102,51002.13285
21103,51327.65362
21104,51652.66476
21105,51977.06995
21106,52300.77308
21107,52623.67821
21108,52945.68967
21109,53266.71204
21110,53586.65019
21111,53905.40932
21112,54222.89497
21113,54539.01307
21114,54853.66993
21115,55166.77233
21116,55478.22748
21117,55787.9431
21118,56095.8274
21119,56401.78915
21120,56705.7377
21121,57007.58297
21122,57307.23552
21123,57604.60656
21124,57899.60797
21125,58192.15233
21126,58482.15296
21127,58769.52392
21128,59054.18007
21129,59336.03705
21130,59615.01133
21131,59891.02026
21132,60163.98205
21133,60433.8158
21134,60700.44157
21135,60963.78035
21136,61223.75411
21137,61480.2858
21138,61733.29941
21139,61982.71998
21140,62228.47358
21141,62470.48741
21142,62708.68973
21143,62943.00998
21144,63173.37872
21145,63399.72767
21146,63621.98978
21147,63840.09918
21148,64053.99124
21149,64263.60257
21150,64468.87107
21151,64669.73591
21152,64866.13757
21153,65058.01785
21154,65245.3199
21155,65427.98821
21156,65605.96865
21157,65779.20848
21158,65947.65638
21159,66111.26242
21160,66269.97812
21161,66423.75646
21162,66572.55186
21163,66716.32023
21164,66855.01898
21165,66988.60701
21166,67117.04472
21167,67240.29406
21168,67358.31851
21169,67471.08309
21170,67578.55439
21171,67680.70057
21172,67777.49135
21173,67868.89806
21174,67954.89361
21175,68035.45251
21176,68110.5509
21177,68180.16652
21178,68244.27875
21179,68302.86858
21180,68355.91865
21181,68403.41325
21182,68445.3383
21183,68481.68138
21184,68512.43171
21185,68537.58019
21186,68557.11937
21187,68571.04345
21188,68579.34831
21189,68582.03148
21190,68579.09218
21191,68570.53127
21192,68556.35129
21193,68536.55644
21194,68511.15259
21195,68480.14726
21196,68443.54965
21197,68401.3706
21198,68353.6226
21199,68300.3198
21200,68241.47801
21201,68177.11465
21202,68107.2488
21203,68031.90115
21204,67951.09405
21205,67864.85143
21206,67773.19885
21207,67676.16346
21208,67573.77403
21209,67466.06088
21210,67353.05594
21211,67234.7927
21212,67111.3062
21213,66982.63302
21214,66848.81131
21215,66709.8807
21216,66565.88238
21217,66416.85901
21218,66262.85475
21219,66103.91523
21220,65940.08755
21221,65771.42027
21222,65597.96334
21223,65419.76819
21224,65236.8876
21225,65049.37577
21226,64857.28827
21227,64660.68201
21228,64459.61526
21229,64254.14759
21230,64044.33988
21231,63830.25432
21232,63611.95433
21233,63389.5046
21234,63162.97105
21235,62932.42081
21236,62697.9222
21237,62459.54469
21238,62217.35893
21239,61971.43669
21240,61721.85082
21241,61468.6753
21242,61211.98515
21243,60951.85642
21244,60688.36619
21245,60421.59255
21246,60151.61455
21247,59878.51219
21248,59602.36639
21249,59323.25898
21250,59041.27266
21251,58756.491
21252,58468.99838
21253,58178.88
21254,57886.22181
21255,57591.11055
21256,57293.63365
21257,56993.87928
21258,56691.93624
21259,56387.89402
21260,56081.84271
21261,55773.873
21262,55464.07614
21263,55152.54393
21264,54839.3687
21265,54524.64324
21266,54208.4608
21267,53890.91509
21268,53572.10019
21269,53252.11059
21270,52931.04109
21271,52608.98684
21272,52286.04327
21273,51962.30607
21274,51637.87119
21275,51312.83474
21276,50987.29305
21277,50661.34259
21278,50335.07993
21279,50008.60176
21280,49682.00482
21281,49355.38589
21282,49028.84175
21283,48702.46917
21284,48376.36485
21285,48050.62543
21286,47725.34743
21287,47400.62724
21288,47076.56107
21289,46753.24497
21290,46430.77473
21291,46109.2459
21292,45788.75377
21293,45469.3933
21294,45151.25913
21295,44834.44552
21296,44519.04635
21297,44205.1551
21298,43892.86475
21299,43582.26786
21300,43273.45647
21301,42966.52207
21302,42661.55563
21303,42358.6475
21304,42057.88745
21305,41759.3646
21306,41463.1674
21307,41169.38363
21308,40878.10035
21309,40589.40386
21310,40303.37971
21311,40020.11265
21312,39739.68664
21313,39462.18475
21314,39187.68922
21315,38916.2814
21316,38648.0417
21317,38383.04961
21318,38121.38365
21319,37863.12136
21320,37608.33927
21321,37357.11287
21322,37109.51662
21323,36865.62387
21324,36625.5069
21325,36389.23686
21326,36156.88376
21327,35928.51646
21328,35704.20262
21329,35484.00871
21330,35267.99998
21331,35056.24044
21332,34848.79284
21333,34645.71865
21334,34447.07804
21335,34252.92988
21336,34063.33169
21337,33878.33966
21338,33698.00861
21339,33522.39196
21340,33351.54177
21341,33185.50865
21342,33024.34181
21343,32868.08901
21344,32716.79653
21345,32570.50922
21346,32429.27043
21347,32293.122
21348,32162.10428
21349,32036.25609
21350,31915.61473
21351,31800.21594
21352,31690.09392
21353,31585.2813
21354,31485.80913
21355,31391.7069
21356,31303.00249
21357,31219.72218
21358,31141.89065
21359,31069.53096
21360,31002.66456
21361,30941.31126
21362,30885.48924
21363,30835.21504
21364,30790.50356
21365,30751.36805
21366,30717.8201
21367,30689.86966
21368,30667.525
21369,30650.79275
21370,30639.67787
21371,30634.18365
21372,30634.31172
21373,30640.06204
21374,30651.43291
21375,30668.42095
21376,30691.02114
21377,30719.22677
21378,30753.02949
21379,30792.41928
21380,30837.38448
21381,30887.91175
21382,30943.98612
21383,31005.59098
21384,31072.70807
21385,31145.3175
21386,31223.39777
21387,31306.92573
21388,31395.87662
21389,31490.2241
21390,31589.94021
21391,31694.99539
21392,31805.35852
21393,31920.99689
21394,32041.87624
21395,32167.96075
21396,32299.21306
21397,32435.59427
21398,32577.06397
21399,32723.58024
21400,32875.09967
21401,33031.57736
21402,33192.96693
21403,33359.22057
21404,33530.28902
21405,33706.12157
21406,33886.66613
21407,34071.86919
21408,34261.67589
21409,34456.02997
21410,34654.87384
21411,34858.14858
21412,35065.79396
21413,35277.74845
21414,35493.94924
21415,35714.33226
21416,35938.83221
21417,36167.38257
21418,36399.91561
21419,36636.36243
21420,36876.65296
21421,37120.716
21422,37368.47924
21423,37619.86924
21424,37874.81152
21425,38133.23054
21426,38395.04971
21427,38660.19146
21428,38928.57722
21429,39200.12747
21430,39474.76172
21431,39752.39861
21432,40032.95587
21433,40316.35035
21434,40602.49809
21435,40891.31429
21436,41182.71337
21437,41476.60898
21438,41772.91403
21439,42071.54073
21440,42372.40058
21441,42675.40443
21442,42980.4625
21443,43287.48438
21444,43596.37911
21445,43907.05515
21446,44219.42044
21447,44533.38242
21448,44848.84805
21449,45165.72386
21450,45483.91595
21451,45803.33004
21452,46123.87146
21453,46445.44525
21454,46767.9561
21455,47091.30846
21456,47415.40651
21457,47740.1542
21458,48065.45532
21459,48391.21347
21460,48717.33211
21461,49043.71461
21462,49370.26426
21463,49696.88429
21464,50023.47792
21465,50349.94838
21466,50676.19891
21467,51002.13285
21468,51327.65362
21469,51652.66476
21470,51977.06995
21471,52300.77308
21472,52623.67821
21473,52945.68967
21474,53266.71204
21475,53586.65019
21476,53905.40932
21477,54222.89497
21478,54539.01307
21479,54853.66993
21480,55166.77233
21481,55478.22748
21482,55787.9431
21483,56095.8274
21484,56401.78915
21485,56705.7377
21486,57007.58297
21487,57307.23552
21488,57604.60656
21489,57899.60797
21490,58192.15233
21491,58482.15296
21492,58769.52392
21493,59054.18007
21494,59336.03705
21495,59615.01133
21496,59891.02026
21497,60163.98205
21498,60433.8158
21499,60700.44157
21500,60963.78035
21501,61223.75411
21502,61480.2858
21503,61733.29941
21504,61982.71998
21505,62228.47358
21506,62470.48741
21507,62708.68973
21508,62943.00998
21509,63173.37872
21510,63399.72767
21511,63621.98978
21512,63840.09918
21513,64053.99124
21514,64263.60257
21515,64468.87107
21516,64669.73591
21517,64866.13757
21518,65058.01785
21519,65245.3199
21520,65427.98821
21521,65605.96865
21522,65779.20848
21523,65947.65638
21524,66111.26242
21525,66269.97812
21526,66423.75646
21527,66572.55186
21528,66716.32023
21529,66855.01898
21530,66988.60701
21531,67117.04472
21532,67240.29406
21533,67358.31851
21534,67471.08309
21535,67578.55439
21536,67680.70057
21537,67777.49135
21538,67868.89806
21539,67954.89361
21540,68035.45251
21541,68110.5509
21542,68180.16652
21543,68244.27875
21544,68302.86858
21545,68355.91865
21546,68403.41325
21547,68445.3383
21548,68481.68138
21549,68512.43171
21550,68537.58019
21551,68557.11937
21552,68571.04345
21553,68579.34831
21554,68582.03148
21555,68579.09218
21556,68570.53127
21557,68556.35129
21558,68536.55644
21559,68511.15259
21560,68480.14726
21561,68443.54965
21562,68401.3706
21563,68353.6226
21564,68300.3198
21565,68241.47801
21566,68177.11465
21567,68107.2488
21568,68031.90115
21569,67951.09405
21570,67864.85143
21571,67773.19885
21572,67676.16346
21573,67573.77403
21574,67466.06088
21575,67353.05594
21576,67234.7927
21577,67111.3062
21578,66982.63302
21579,66848.81131
21580,66709.8807
21581,66565.88238
21582,66416.85901
21583,66262.85475
21584,66103.91523
21585,65940.08755
21586,65771.42027
21587,65597.96334
21588,65419.76819
21589,65236.8876
21590,65049.37577
21591,64857.28827
21592,64660.68201
21593,64459.61526
21594,64254.14759
21595,64044.33988
21596,63830.25432
21597,63611.95433
21598,63389.5046
21599,63162.97105
21600,62932.42081
21601,62697.9222
21602,62459.54469
21603,62217.35893
21604,61971.43669
21605,61721.85082
21606,61468.6753
21607,61211.98515
21608,60951.85642
21609,60688.36619
21610,60421.59255
21611,60151.61455
21612,59878.51219
21613,59602.36639
21614,59323.25898
21615,59041.27266
21616,58756.491
21617,58468.99838
21618,58178.88
21619,57886.22181
21620,57591.11055
21621,57293.63365
21622,56993.87928
21623,56691.93624
21624,56387.89402
21625,56081.84271
21626,55773.873
21627,55464.07614
21628,55152.54393
21629,54839.3687
21630,54524.64324
21631,54208.4608
21632,53890.91509
21633,53572.10019
21634,53252.11059
21635,52931.04109
21636,52608.98684
21637,52286.04327
21638,51962.30607
21639,51637.87119
21640,51312.83474
21641,50987.29305
21642,50661.34259
21643,50335.07993
21644,50008.60176
21645,49682.00482
21646,49355.38589
21647,49028.84175
21648,48702.46917
21649,48376.36485
21650,48050.62543
21651,47725.34743
21652,47400.62724
21653,47076.56107
21654,46753.24497
21655,46430.77473
21656,46109.2459
21657,45788.75377
21658,45469.3933
21659,45151.25913
21660,44834.44552
21661,44519.04635
21662,44205.1551
21663,43892.86475
21664,43582.26786
21665,43273.45647
21666,42966.52207
21667,42661.55563
21668,42358.6475
21669,42057.88745
21670,41759.3646
21671,41463.1674
21672,41169.38363
21673,40878.10035
21674,40589.40386
21675,40303.37971
21676,40020.11265
21677,39739.68664
21678,39462.18475
21679,39187.68922
21680,38916.2814
21681,38648.0417
21682,38383.04961
21683,38121.38365
21684,37863.12136
21685,37608.33927
21686,37357.11287
21687,37109.51662
21688,36865.62387
21689,36625.5069
21690,36389.23686
21691,36156.88376
21692,35928.51646
21693,35704.20262
21694,35484.00871
21695,35267.99998
21696,35056.24044
21697,34848.79284
21698,34645.71865
21699,34447.07804
21700,34252.92988
21701,34063.33169
21702,33878.33966
21703,33698.00861
21704,33522.39196
21705,33351.54177
21706,33185.50865
21707,33024.34181
21708,32868.08901
21709,32716.79653
21710,32570.50922
21711,32429.27043
21712,32293.122
21713,32162.10428
21714,32036.25609
21715,31915.61473
21716,31800.21594
21717,31690.09392
21718,31585.2813
21719,31485.80913
21720,31391.7069
21721,31303.00249
21722,31219.72218
21723,31141.89065
21724,31069.53096
21725,31002.66456
21726,30941.31126
21727,30885.48924
21728,30835.21504
21729,30790.50356
21730,30751.36805
21731,30717.8201
21732,30689.86966
21733,30667.525
21734,30650.79275
21735,30639.67787
21736,30634.18365
21737,30634.31172
21738,30640.06204
21739,30651.43291
21740,30668.42095
21741,30691.02114
21742,30719.22677
21743,30753.02949
21744,30792.41928
21745,30837.38448
21746,30887.91175
21747,30943.98612
21748,31005.59098
21749,31072.70807
21750,31145.3175
21751,31223.39777
21752,31306.92573
21753,31395.87662
21754,31490.2241
21755,31589.94021
21756,31694.99539
21757,31805.35852
21758,31920.99689
21759,32041.87624
21760,32167.96075
21761,32299.21306
21762,32435.59427
21763,32577.06397
21764,32723.58024
21765,32875.09967
21766,33031.57736
21767,33192.96693
21768,33359.22057
21769,33530.28902
21770,33706.12157
21771,33886.66613
21772,34071.86919
21773,34261.67589
21774,34456.02997
21775,34654.87384
21776,34858.14858
21777,35065.79396
21778,35277.74845
21779,35493.94924
21780,35714.33226
21781,35938.83221
21782,36167.38257
21783,36399.91561
21784,36636.36243
21785,36876.65296
21786,37120.716
21787,37368.47924
21788,37619.86924
21789,37874.81152
21790,38133.23054
21791,38395.04971
21792,38660.19146
21793,38928.57722
21794,39200.12747
21795,39474.76172
21796,39752.39861
21797,40032.95587
21798,40316.35035
21799,40602.49809
21800,40891.31429
21801,41182.71337
21802,41476.60898
21803,41772.91403
21804,42071.54073
21805,42372.40058
21806,42675.40443
21807,42980.4625
21808,43287.48438
21809,43596.37911
21810,43907.05515
21811,44219.42044
21812,44533.38242
21813,44848.84805
21814,45165.72386
21815,45483.91595
21816,45803.33004
21817,46123.87146
21818,46445.44525
21819,46767.9561
21820,47091.30846
21821,47415.40651
21822,47740.1542
21823,48065.45532
21824,48391.21347
21825,48717.33211
21826,49043.71461
21827,49370.26426
21828,49696.88429
21829,50023.47792
21830,50349.94838
21831,50676.19891
21832,51002.13285
21833,51327.65362
21834,51652.66476
21835,51977.06995
21836,52300.77308
21837,52623.67821
21838,52945.68967
21839,53266.71204
21840,53586.65019
21841,53905.40932
21842,54222.89497
21843,54539.01307
21844,54853.66993
21845,55166.77233
21846,55478.22748
21847,55787.9431
21848,56095.8274
21849,56401.78915
21850,56705.7377
21851,57007.58297
21852,57307.23552
21853,57604.60656
21854,57899.60797
21855,58192.15233
21856,58482.15296
21857,58769.52392
21858,59054.18007
21859,59336.03705
21860,59615.01133
21861,59891.02026
21862,60163.98205
21863,60433.8158
21864,60700.44157
21865,60963.78035
21866,61223.75411
21867,61480.2858
21868,61733.29941
21869,61982.71998
21870,62228.47358
21871,62470.48741
21872,62708.68973
21873,62943.00998
21874,63173.37872
21875,63399.72767
21876,63621.98978
21877,63840.09918
21878,64053.99124
21879,64263.60257
21880,64468.87107
21881,64669.73591
21882,64866.13757
21883,65058.01785
21884,65245.3199
21885,65427.98821
21886,65605.96865
21887,65779.20848
21888,65947.65638
21889,66111.26242
21890,66269.97812
21891,66423.75646
21892,66572.55186
21893,66716.32023
21894,66855.01898
21895,66988.60701
21896,67117.04472
21897,67240.29406
21898,67358.31851
21899,67471.08309
21900,67578.55439
21901,67680.70057
21902,67777.49135
21903,67868.89806
21904,67954.89361
21905,68035.45251
21906,68110.5509
21907,68180.16652
21908,68244.27875
21909,68302.86858
21910,68355.91865
21911,68403.41325
21912,68445.3383
21913,68481.68138
21914,68512.43171
21915,68537.58019
21916,68557.11937
21917,68571.04345
21918,68579.34831
21919,68582.03148
21920,68579.09218
21921,68570.53127
21922,68556.35129
21923,68536.55644
21924,68511.15259
21925,68480.14726
21926,68443.54965
21927,68401.3706
21928,68353.6226
21929,68300.3198
21930,68241.47801
21931,68177.11465
21932,68107.2488
21933,68031.90115
21934,67951.09405
21935,67864.85143
21936,67773.19885
21937,67676.16346
21938,67573.77403
21939,67466.06088
21940,67353.05594
21941,67234.7927
21942,67111.3062
21943,66982.63302
21944,66848.81131
21945,66709.8807
21946,66565.88238
21947,66416.85901
21948,66262.85475
21949,66103.91523
21950,65940.08755
21951,65771.42027
21952,65597.96334
21953,65419.76819
21954,65236.8876
21955,65049.37577
21956,64857.28827
21957,64660.68201
21958,64459.61526
21959,64254.14759
21960,64044.33988
21961,63830.25432
21962,63611.95433
21963,63389.5046
21964,63162.97105
21965,62932.42081
21966,62697.9222
21967,62459.54469
21968,62217.35893
21969,61971.43669
21970,61721.85082
21971,61468.6753
21972,61211.98515
21973,60951.85642
21974,60688.36619
21975,60421.59255
21976,60151.61455
21977,59878.51219
21978,59602.36639
21979,59323.25898
21980,59041.27266
21981,58756.491
21982,58468.99838
21983,58178.88
21984,57886.22181
21985,57591.11055
21986,57293.63365
21987,56993.87928
21988,56691.93624
21989,56387.89402
21990,56081.84271
21991,55773.873
21992,55464.07614
21993,55152.54393
21994,54839.3687
21995,54524.64324
21996,54208.4608
21997,53890.91509
21998,53572.10019
21999,53252.11059
22000,52931.04109
22001,52608.98684
22002,52286.04327
22003,51962.30607
22004,51637.87119
22005,51312.83474
22006,50987.29305
22007,50661.34259
22008,50335.07993
22009,50008.60176
22010,49682.00482
22011,49355.38589
22012,49028.84175
22013,48702.46917
22014,48376.36485
22015,48050.62543
22016,47725.34743
22017,47400.62724
22018,47076.56107
22019,46753.24497
22020,46430.77473
22021,46109.2459
22022,45788.75377
22023,45469.3933
22024,45151.25913
22025,44834.44552
22026,44519.04635
22027,44205.1551
22028,43892.86475
22029,43582.26786
22030,43273.45647
22031,42966.52207
22032,42661.55563
22033,42358.6475
22034,42057.88745
22035,41759.3646
22036,41463.1674
22037,41169.38363
22038,40878.10035
22039,40589.40386
22040,40303.37971
22041,40020.11265
22042,39739.68664
22043,39462.18475
22044,39187.68922
22045,38916.2814
22046,38648.0417
22047,38383.04961
22048,38121.38365
22049,37863.12136
22050,37608.33927
22051,37357.11287
22052,37109.51662
22053,36865.62387
22054,36625.5069
22055,36389.23686
22056,36156.88376
22057,35928.51646
22058,35704.20262
22059,35484.00871
22060,35267.99998
22061,35056.24044
22062,34848.79284
22063,34645.71865
22064,34447.07804
22065,34252.92988
22066,34063.33169
22067,33878.33966
22068,33698.00861
22069,33522.39196
22070,33351.54177
22071,33185.50865
22072,33024.34181
22073,32868.08901
22074,32716.79653
22075,32570.50922
22076,32429.27043
22077,32293.122
22078,32162.10428
22079,32036.25609
22080,31915.61473
22081,31800.21594
22082,31690.09392
22083,31585.2813
22084,31485.80913
22085,31391.7069
22086,31303.00249
22087,31219.72218
22088,31141.89065
22089,31069.53096
22090,31002.66456
22091,30941.31126
22092,30885.48924
22093,30835.21504
22094,30790.50356
22095,30751.36805
22096,30717.8201
22097,30689.86966
22098,30667.525
22099,30650.79275
22100,30639.67787
22101,30634.18365
22102,30634.31172
22103,30640.06204
22104,30651.43291
22105,30668.42095
22106,30691.02114
22107,30719.22677
22108,30753.02949
22109,30792.41928
22110,30837.38448
22111,30887.91175
22112,30943.98612
22113,31005.59098
22114,31072.70807
22115,31145.3175
22116,31223.39777
22117,31306.92573
22118,31395.87662
22119,31490.2241
22120,31589.94021
22121,31694.99539
22122,31805.35852
22123,31920.99689
22124,32041.87624
22125,32167.96075
22126,32299.21306
22127,32435.59427
22128,32577.06397
22129,32723.58024
22130,32875.09967
22131,33031.57736
22132,33192.96693
22133,33359.22057
22134,33530.28902
22135,33706.12157
22136,33886.66613
22137,34071.86919
22138,34261.67589
22139,34456.02997
22140,34654.87384
22141,34858.14858
22142,35065.79396
22143,35277.74845
22144,35493.94924
22145,35714.33226
22146,35938.83221
22147,36167.38257
22148,36399.91561
22149,36636.36243
22150,36876.65296
22151,37120.716
22152,37368.47924
22153,37619.86924
22154,37874.81152
22155,38133.23054
22156,38395.04971
22157,38660.19146
22158,38928.57722
22159,39200.12747
22160,39474.76172
22161,39752.39861
22162,40032.95587
22163,40316.35035
22164,40602.49809
22165,40891.31429
22166,41182.71337
22167,41476.60898
22168,41772.91403
22169,42071.54073
22170,42372.40058
22171,42675.40443
22172,42980.4625
22173,43287.48438
22174,43596.37911
22175,43907.05515
22176,44219.42044
22177,44533.38242
22178,44848.84805
22179,45165.72386
22180,45483.91595
22181,45803.33004
22182,46123.87146
22183,46445.44525
22184,46767.9561
22185,47091.30846
22186,47415.40651
22187,47740.1542
22188,48065.45532
22189,48391.21347
22190,48717.33211
22191,49043.71461
22192,49370.26426
22193,49696.88429
22194,50023.47792
22195,50349.94838
22196,50676.19891
22197,51002.13285
22198,51327.65362
22199,51652.66476
22200,51977.06995
22201,52300.77308
22202,52623.67821
22203,52945.68967
22204,53266.71204
22205,53586.65019
22206,53905.40932
22207,54222.89497
22208,54539.01307
22209,54853.66993
22210,55166.77233
22211,55478.22748
22212,55787.9431
22213,56095.8274
22214,56401.78915
22215,56705.7377
22216,57007.58297
22217,57307.23552
22218,57604.60656
22219,57899.60797
22220,58192.15233
22221,58482.15296
22222,58769.52392
22223,59054.18007
22224,59336.03705
22225,59615.01133
22226,59891.02026
22227,60163.98205
22228,60433.8158
22229,60700.44157
22230,60963.78035
22231,61223.75411
22232,61480.2858
22233,61733.29941
22234,61982.71998
22235,62228.47358
22236,62470.48741
22237,62708.68973
22238,62943.00998
22239,63173.37872
22240,63399.72767
22241,63621.98978
22242,63840.09918
22243,64053.99124
22244,64263.60257
22245,64468.87107
22246,64669.73591
22247,64866.13757
22248,65058.01785
22249,65245.3199
22250,65427.98821
22251,65605.96865
22252,65779.20848
22253,65947.65638
22254,66111.26242
22255,66269.97812
22256,66423.75646
22257,66572.55186
22258,66716.32023
22259,66855.01898
22260,66988.60701
22261,67117.04472
22262,67240.29406
22263,67358.31851
22264,67471.08309
22265,67578.55439
22266,67680.70057
22267,67777.49135
22268,67868.89806
22269,67954.89361
22270,68035.45251
22271,68110.5509
22272,68180.16652
22273,68244.27875
22274,68302.86858
22275,68355.91865
22276,68403.41325
22277,68445.3383
22278,68481.68138
22279,68512.43171
22280,68537.58019
22281,68557.11937
22282,68571.04345
22283,68579.34831
22284,68582.03148
22285,68579.09218
22286,68570.53127
22287,68556.35129
22288,68536.55644
22289,68511.15259
22290,68480.14726
22291,68443.54965
22292,68401.3706
22293,68353.6226
22294,68300.3198
22295,68241.47801
22296,68177.11465
22297,68107.2488
22298,68031.90115
22299,67951.09405
22300,67864.85143
22301,67773.19885
22302,67676.16346
22303,67573.77403
22304,67466.06088
22305,67353.05594
22306,67234.7927
22307,67111.3062
22308,66982.63302
22309,66848.81131
22310,66709.8807
22311,66565.88238
22312,66416.85901
22313,66262.85475
22314,66103.91523
22315,65940.08755
22316,65771.42027
22317,65597.96334
22318,65419.76819
22319,65236.8876
22320,65049.37577
22321,64857.28827
22322,64660.68201
22323,64459.61526
22324,64254.14759
22325,64044.33988
22326,63830.25432
22327,63611.95433
22328,63389.5046
22329,63162.97105
22330,62932.42081
22331,62697.9222
22332,62459.54469
22333,62217.35893
22334,61971.43669
22335,61721.85082
22336,61468.6753
22337,61211.98515
22338,60951.85642
22339,60688.36619
22340,60421.59255
22341,60151.61455
22342,59878.51219
22343,59602.36639
22344,59323.25898
22345,59041.27266
22346,58756.491
22347,58468.99838
22348,58178.88
22349,57886.22181
22350,57591.11055
22351,57293.63365
22352,56993.87928
22353,56691.93624
22354,56387.89402
22355,56081.84271
22356,55773.873
22357,55464.07614
22358,55152.54393
22359,54839.3687
22360,54524.64324
22361,54208.4608
22362,53890.91509
22363,53572.10019
22364,53252.11059
22365,52931.04109
22366,52608.98684
22367,52286.04327
22368,51962.30607
22369,51637.87119
22370,51312.83474
22371,50987.29305
22372,50661.34259
22373,50335.07993
22374,50008.60176
22375,49682.00482
22376,49355.38589
22377,49028.84175
22378,48702.46917
22379,48376.36485
22380,48050.62543
22381,47725.34743
22382,47400.62724
22383,47076.56107
22384,46753.24497
22385,46430.77473
22386,46109.2459
22387,45788.75377
22388,45469.3933
22389,45151.25913
22390,44834.44552
22391,44519.04635
22392,44205.1551
22393,43892.86475
22394,43582.26786
22395,43273.45647
22396,42966.52207
22397,42661.55563
22398,42358.6475
22399,42057.88745
22400,41759.3646
22401,41463.1674
22402,41169.38363
22403,40878.10035
22404,40589.40386
22405,40303.37971
22406,40020.11265
22407,39739.68664
22408,39462.18475
22409,39187.68922
22410,38916.2814
22411,38648.0417
22412,38383.04961
22413,38121.38365
22414,37863.12136
22415,37608.33927
22416,37357.11287
22417,37109.51662
22418,36865.62387
22419,36625.5069
22420,36389.23686
22421,36156.88376
22422,35928.51646
22423,35704.20262
22424,35484.00871
22425,35267.99998
22426,35056.24044
22427,34848.79284
22428,34645.71865
22429,34447.07804
22430,34252.92988
22431,34063.33169
22432,33878.33966
22433,33698.00861
22434,33522.39196
22435,33351.54177
22436,33185.50865
22437,33024.34181
22438,32868.08901
22439,32716.79653
22440,32570.50922
22441,32429.27043
22442,32293.122
22443,32162.10428
22444,32036.25609
22445,31915.61473
22446,31800.21594
22447,31690.09392
22448,31585.2813
22449,31485.80913
22450,31391.7069
22451,31303.00249
22452,31219.72218
22453,31141.89065
22454,31069.53096
22455,31002.66456
22456,30941.31126
22457,30885.48924
22458,30835.21504
22459,30790.50356
22460,30751.36805
22461,30717.8201
22462,30689.86966
22463,30667.525
22464,30650.79275
22465,30639.67787
22466,30634.18365
22467,30634.31172
22468,30640.06204
22469,30651.43291
22470,30668.42095
22471,30691.02114
22472,30719.22677
22473,30753.02949
22474,30792.41928
22475,30837.38448
22476,30887.91175
22477,30943.98612
22478,31005.59098
22479,31072.70807
22480,31145.3175
22481,31223.39777
22482,31306.92573
22483,31395.87662
22484,31490.2241
22485,31589.94021
22486,31694.99539
22487,31805.35852
22488,31920.99689
22489,32041.87624
22490,32167.96075
22491,32299.21306
22492,32435.59427
22493,32577.06397
22494,32723.58024
22495,32875.09967
22496,33031.57736
22497,33192.96693
22498,33359.22057
22499,33530.28902
22500,33706.12157
22501,33886.66613
22502,34071.86919
22503,34261.67589
22504,34456.02997
22505,34654.87384
22506,34858.14858
22507,35065.79396
22508,35277.74845
22509,35493.94924
22510,35714.33226
22511,35938.83221
22512,36167.38257
22513,36399.91561
22514,36636.36243
22515,36876.65296
22516,37120.716
22517,37368.47924
22518,37619.86924
22519,37874.81152
22520,38133.23054
22521,38395.04971
22522,38660.19146
22523,38928.57722
22524,39200.12747
22525,39474.76172
22526,39752.39861
22527,40032.95587
22528,40316.35035
22529,40602.49809
22530,40891.31429
22531,41182.71337
22532,41476.60898
22533,41772.91403
22534,42071.54073
22535,42372.40058
22536,42675.40443
22537,42980.4625
22538,43287.48438
22539,43596.37911
22540,43907.05515
22541,44219.42044
22542,44533.38242
22543,44848.84805
22544,45165.72386
22545,45483.91595
22546,45803.33004
22547,46123.87146
22548,46445.44525
22549,46767.9561
22550,47091.30846
22551,47415.40651
22552,47740.1542
22553,48065.45532
22554,48391.21347
22555,48717.33211
22556,49043.71461
22557,49370.26426
22558,49696.88429
22559,50023.47792
22560,50349.94838
22561,50676.19891
22562,51002.13285
22563,51327.65362
22564,51652.66476
22565,51977.06995
22566,52300.77308
22567,52623.67821
22568,52945.68967
22569,53266.71204
22570,53586.65019
22571,53905.40932
22572,54222.89497
22573,54539.01307
22574,54853.66993
22575,55166.77233
22576,55478.22748
22577,55787.9431
22578,56095.8274
22579,56401.78915
22580,56705.7377
22581,57007.58297
22582,57307.23552
22583,57604.60656
22584,57899.60797
22585,58192.15233
22586,58482.15296
22587,58769.52392
22588,59054.18007
22589,59336.03705
22590,59615.01133
22591,59891.02026
22592,60163.98205
22593,60433.8158
22594,60700.44157
22595,60963.78035
22596,61223.75411
22597,61480.2858
22598,61733.29941
22599,61982.71998
22600,62228.47358
22601,62470.48741
22602,62708.68973
22603,62943.00998
22604,63173.37872
22605,63399.72767
22606,63621.98978
22607,63840.09918
22608,64053.99124
22609,64263.60257
22610,64468.87107
22611,64669.73591
22612,64866.13757
22613,65058.01785
22614,65245.3199
22615,65427.98821
22616,65605.96865
22617,65779.20848
22618,65947.65638
22619,66111.26242
22620,66269.97812
22621,66423.75646
22622,66572.55186
22623,66716.32023
22624,66855.01898
22625,66988.60701
22626,67117.04472
22627,67240.29406
22628,67358.31851
22629,67471.08309
22630,67578.55439
22631,67680.70057
22632,67777.49135
22633,67868.89806
22634,67954.89361
22635,68035.45251
22636,68110.5509
22637,68180.16652
22638,68244.27875
22639,68302.86858
22640,68355.91865
22641,68403.41325
22642,68445.3383
22643,68481.68138
22644,68512.43171
22645,68537.58019
22646,68557.11937
22647,68571.04345
22648,68579.34831
22649,68582.03148
22650,68579.09218
22651,68570.53127
22652,68556.35129
22653,68536.55644
22654,68511.15259
22655,68480.14726
22656,68443.54965
22657,68401.3706
22658,68353.6226
22659,68300.3198
22660,68241.47801
22661,68177.11465
22662,68107.2488
22663,68031.90115
22664,67951.09405
22665,67864.85143
22666,67773.19885
22667,67676.16346
22668,67573.77403
22669,67466.06088
22670,67353.05594
22671,67234.7927
22672,67111.3062
22673,66982.63302
22674,66848.81131
22675,66709.8807
22676,66565.88238
22677,66416.85901
22678,66262.85475
22679,66103.91523
22680,65940.08755
22681,65771.42027
22682,65597.96334
22683,65419.76819
22684,65236.8876
22685,65049.37577
22686,64857.28827
22687,64660.68201
22688,64459.61526
22689,64254.14759
22690,64044.33988
22691,63830.25432
22692,63611.95433
22693,63389.5046
22694,63162.97105
22695,62932.42081
22696,62697.9222
22697,62459.54469
22698,62217.35893
22699,61971.43669
22700,61721.85082
22701,61468.6753
22702,61211.98515
22703,60951.85642
22704,60688.36619
22705,60421.59255
22706,60151.61455
22707,59878.51219
22708,59602.36639
22709,59323.25898
22710,59041.27266
22711,58756.491
22712,58468.99838
22713,58178.88
22714,57886.22181
22715,57591.11055
22716,57293.63365
22717,56993.87928
22718,56691.93624
22719,56387.89402
22720,56081.84271
22721,55773.873
22722,55464.07614
22723,55152.54393
22724,54839.3687
22725,54524.64324
22726,54208.4608
22727,53890.91509
22728,53572.10019
22729,53252.11059
22730,52931.04109
22731,52608.98684
22732,52286.04327
22733,51962.30607
22734,51637.87119
22735,51312.83474
22736,50987.29305
22737,50661.34259
22738,50335.07993
22739,50008.60176
22740,49682.00482
22741,49355.38589
22742,49028.84175
22743,48702.46917
22744,48376.36485
22745,48050.62543
22746,47725.34743
22747,47400.62724
22748,47076.56107
22749,46753.24497
22750,46430.77473
22751,46109.2459
22752,45788.75377
22753,45469.3933
22754,45151.25913
22755,44834.44552
22756,44519.04635
22757,44205.1551
22758,43892.86475
22759,43582.26786
22760,43273.45647
22761,42966.52207
22762,42661.55563
22763,42358.6475
22764,42057.88745
22765,41759.3646
22766,41463.1674
22767,41169.38363
22768,40878.10035
22769,40589.40386
22770,40303.37971
22771,40020.11265
22772,39739.68664
22773,39462.18475
22774,39187.68922
22775,38916.2814
22776,38648.0417
22777,38383.04961
22778,38121.38365
22779,37863.12136
22780,37608.33927
22781,37357.11287
22782,37109.51662
22783,36865.62387
22784,36625.5069
22785,36389.23686
22786,36156.88376
22787,35928.51646
22788,35704.20262
22789,35484.00871
22790,35267.99998
22791,35056.24044
22792,34848.79284
22793,34645.71865
22794,34447.07804
22795,34252.92988
22796,34063.33169
22797,33878.33966
22798,33698.00861
22799,33522.39196
22800,33351.54177
22801,33185.50865
22802,33024.34181
22803,32868.08901
22804,32716.79653
22805,32570.50922
22806,32429.27043
22807,32293.122
22808,32162.10428
22809,32036.25609
22810,31915.61473
22811,31800.21594
22812,31690.09392
22813,31585.2813
22814,31485.80913
22815,31391.7069
22816,31303.00249
22817,31219.72218
22818,31141.89065
22819,31069.53096
22820,31002.66456
22821,30941.31126
22822,30885.48924
22823,30835.21504
22824,30790.50356
22825,30751.36805
22826,30717.8201
22827,30689.86966
22828,30667.525
22829,30650.79275
22830,30639.67787
22831,30634.18365
22832,30634.31172
22833,30640.06204
22834,30651.43291
22835,30668.42095
22836,30691.02114
22837,30719.22677
22838,30753.02949
22839,30792.41928
22840,30837.38448
22841,30887.91175
22842,30943.98612
22843,31005.59098
22844,31072.70807
22845,31145.3175
22846,31223.39777
22847,31306.92573
22848,31395.87662
22849,31490.2241
22850,31589.94021
22851,31694.99539
22852,31805.35852
22853,31920.99689
22854,32041.87624
22855,32167.96075
22856,32299.21306
22857,32435.59427
22858,32577.06397
22859,32723.58024
22860,32875.09967
22861,33031.57736
22862,33192.96693
22863,33359.22057
22864,33530.28902
22865,33706.12157
22866,33886.66613
22867,34071.86919
22868,34261.67589
22869,34456.02997
22870,34654.87384
22871,34858.14858
22872,35065.79396
22873,35277.74845
22874,35493.94924
22875,35714.33226
22876,35938.83221
22877,36167.38257
22878,36399.91561
22879,36636.36243
22880,36876.65296
22881,37120.716
22882,37368.47924
22883,37619.86924
22884,37874.81152
22885,38133.23054
22886,38395.04971
22887,38660.19146
22888,38928.57722
22889,39200.12747
22890,39474.76172
22891,39752.39861
22892,40032.95587
22893,40316.35035
22894,40602.49809
22895,40891.31429
22896,41182.71337
22897,41476.60898
22898,41772.91403
22899,42071.54073
22900,42372.40058
22901,42675.40443
22902,42980.4625
22903,43287.48438
22904,43596.37911
22905,43907.05515
22906,44219.42044
22907,44533.38242
22908,44848.84805
22909,45165.72386
22910,45483.91595
22911,45803.33004
22912,46123.87146
22913,46445.44525
22914,46767.9561
22915,47091.30846
22916,47415.40651
22917,47740.1542
22918,48065.45532
22919,48391.21347
22920,48717.33211
22921,49043.71461
22922,49370.26426
22923,49696.88429
22924,50023.47792
22925,50349.94838
22926,50676.19891
22927,51002.13285
22928,51327.65362
22929,51652.66476
22930,51977.06995
22931,52300.77308
22932,52623.67821
22933,52945.68967
22934,53266.71204
22935,53586.65019
22936,53905.40932
22937,54222.89497
22938,54539.01307
22939,54853.66993
22940,55166.77233
22941,55478.22748
22942,55787.9431
22943,56095.8274
22944,56401.78915
22945,56705.7377
22946,57007.58297
22947,57307.23552
22948,57604.60656
22949,57899.60797
22950,58192.15233
22951,58482.15296
22952,58769.52392
22953,59054.18007
22954,59336.03705
22955,59615.01133
22956,59891.02026
22957,60163.98205
22958,60433.8158
22959,60700.44157
22960,60963.78035
22961,61223.75411
22962,61480.2858
22963,61733.29941
22964,61982.71998
22965,62228.47358
22966,62470.48741
22967,62708.68973
22968,62943.00998
22969,63173.37872
22970,63399.72767
22971,63621.98978
22972,63840.09918
22973,64053.99124
22974,64263.60257
22975,64468.87107
22976,64669.73591
22977,64866.13757
22978,65058.01785
22979,65245.3199
22980,65427.98821
22981,65605.96865
22982,65779.20848
22983,65947.65638
22984,66111.26242
22985,66269.97812
22986,66423.75646
22987,66572.55186
22988,66716.32023
22989,66855.01898
22990,66988.60701
22991,67117.04472
22992,67240.29406
22993,67358.31851
22994,67471.08309
22995,67578.55439
22996,67680.70057
22997,67777.49135
22998,67868.89806
22999,67954.89361
23000,68035.45251
23001,68110.5509
23002,68180.16652
23003,68244.27875
23004,68302.86858
23005,68355.91865
23006,68403.41325
23007,68445.3383
23008,68481.68138
23009,68512.43171
23010,68537.58019
23011,68557.11937
23012,68571.04345
23013,68579.34831
23014,68582.03148
23015,68579.09218
23016,68570.53127
23017,68556.35129
23018,68536.55644
23019,68511.15259
23020,68480.14726
23021,68443.54965
23022,68401.3706
23023,68353.6226
23024,68300.3198
23025,68241.47801
23026,68177.11465
23027,68107.2488
23028,68031.90115
23029,67951.09405
23030,67864.85143
23031,67773.19885
23032,67676.16346
23033,67573.77403
23034,67466.06088
23035,67353.05594
23036,67234.7927
23037,67111.3062
23038,66982.63302
23039,66848.81131
23040,66709.8807
23041,66565.88238
23042,66416.85901
23043,66262.85475
23044,66103.91523
23045,65940.08755
23046,65771.42027
23047,65597.96334
23048,65419.76819
23049,65236.8876
23050,65049.37577
23051,64857.28827
23052,64660.68201
23053,64459.61526
23054,64254.14759
23055,64044.33988
23056,63830.25432
23057,63611.95433
23058,63389.5046
23059,63162.97105
23060,62932.42081
23061,62697.9222
23062,62459.54469
23063,62217.35893
23064,61971.43669
23065,61721.85082
23066,61468.6753
23067,61211.98515
23068,60951.85642
23069,60688.36619
23070,60421.59255
23071,60151.61455
23072,59878.51219
23073,59602.36639
23074,59323.25898
23075,59041.27266
23076,58756.491
23077,58468.99838
23078,58178.88
23079,57886.22181
23080,57591.11055
23081,57293.63365
23082,56993.87928
23083,56691.93624
23084,56387.89402
23085,56081.84271
23086,55773.873
23087,55464.07614
23088,55152.54393
23089,54839.3687
23090,54524.64324
23091,54208.4608
23092,53890.91509
23093,53572.10019
23094,53252.11059
23095,52931.04109
23096,52608.98684
23097,52286.04327
23098,51962.30607
23099,51637.87119
23100,51312.83474
23101,50987.29305
23102,50661.34259
23103,50335.07993
23104,50008.60176
23105,49682.00482
23106,49355.38589
23107,49028.84175
23108,48702.46917
23109,48376.36485
23110,48050.62543
23111,47725.34743
23112,47400.62724
23113,47076.56107
23114,46753.24497
23115,46430.77473
23116,46109.2459
23117,45788.75377
23118,45469.3933
23119,45151.25913
23120,44834.44552
23121,44519.04635
23122,44205.1551
23123,43892.86475
23124,43582.26786
23125,43273.45647
23126,42966.52207
23127,42661.55563
23128,42358.6475
23129,42057.88745
23130,41759.3646
23131,41463.1674
23132,41169.38363
23133,40878.10035
23134,40589.40386
23135,40303.37971
23136,40020.11265
23137,39739.68664
23138,39462.18475
23139,39187.68922
23140,38916.2814
23141,38648.0417
23142,38383.04961
23143,38121.38365
23144,37863.12136
23145,37608.33927
23146,37357.11287
23147,37109.51662
23148,36865.62387
23149,36625.5069
23150,36389.23686
23151,36156.88376
23152,35928.51646
23153,35704.20262
23154,35484.00871
23155,35267.99998
23156,35056.24044
23157,34848.79284
23158,34645.71865
23159,34447.07804
23160,34252.92988
23161,34063.33169
23162,33878.33966
23163,33698.00861
23164,33522.39196
23165,33351.54177
23166,33185.50865
23167,33024.34181
23168,32868.08901
23169,32716.79653
23170,32570.50922
23171,32429.27043
23172,32293.122
23173,32162.10428
23174,32036.25609
23175,31915.61473
23176,31800.21594
23177,31690.09392
23178,31585.2813
23179,31485.80913
23180,31391.7069
23181,31303.00249
23182,31219.72218
23183,31141.89065
23184,31069.53096
23185,31002.66456
23186,30941.31126
23187,30885.48924
23188,30835.21504
23189,30790.50356
23190,30751.36805
23191,30717.8201
23192,30689.86966
23193,30667.525
23194,30650.79275
23195,30639.67787
23196,30634.18365
23197,30634.31172
23198,30640.06204
23199,30651.43291
23200,30668.42095
23201,30691.02114
23202,30719.22677
23203,30753.02949
23204,30792.41928
23205,30837.38448
23206,30887.91175
23207,30943.98612
23208,31005.59098
23209,31072.70807
23210,31145.3175
23211,31223.39777
23212,31306.92573
23213,31395.87662
23214,31490.2241
23215,31589.94021
23216,31694.99539
23217,31805.35852
23218,31920.99689
23219,32041.87624
23220,32167.96075
23221,32299.21306
23222,32435.59427
23223,32577.06397
23224,32723.58024
23225,32875.09967
23226,33031.57736
23227,33192.96693
23228,33359.22057
23229,33530.28902
23230,33706.12157
23231,33886.66613
23232,34071.86919
23233,34261.67589
23234,34456.02997
23235,34654.87384
23236,34858.14858
23237,35065.79396
23238,35277.74845
23239,35493.94924
23240,35714.33226
23241,35938.83221
23242,36167.38257
23243,36399.91561
23244,36636.36243
23245,36876.65296
23246,37120.716
23247,37368.47924
23248,37619.86924
23249,37874.81152
23250,38133.23054
23251,38395.04971
23252,38660.19146
23253,38928.57722
23254,39200.12747
23255,39474.76172
23256,39752.39861
23257,40032.95587
23258,40316.35035
23259,40602.49809
23260,40891.31429
23261,41182.71337
23262,41476.60898
23263,41772.91403
23264,42071.54073
23265,42372.40058
23266,42675.40443
23267,42980.4625
23268,43287.48438
23269,43596.37911
23270,43907.05515
23271,44219.42044
23272,44533.38242
23273,44848.84805
23274,45165.72386
23275,45483.91595
23276,45803.33004
23277,46123.87146
23278,46445.44525
23279,46767.9561
23280,47091.30846
23281,47415.40651
23282,47740.1542
23283,48065.45532
23284,48391.21347
23285,48717.33211
23286,49043.71461
23287,49370.26426
23288,49696.88429
23289,50023.47792
23290,50349.94838
23291,50676.19891
23292,51002.13285
23293,51327.65362
23294,51652.66476
23295,51977.06995
23296,52300.77308
23297,52623.67821
23298,52945.68967
23299,53266.71204
23300,53586.65019
23301,53905.40932
23302,54222.89497
23303,54539.01307
23304,54853.66993
23305,55166.77233
23306,55478.22748
23307,55787.9431
23308,56095.8274
23309,56401.78915
23310,56705.7377
23311,57007.58297
23312,57307.23552
23313,57604.60656
23314,57899.60797
23315,58192.15233
23316,58482.15296
23317,58769.52392
23318,59054.18007
23319,59336.03705
23320,59615.01133
23321,59891.02026
23322,60163.98205
23323,60433.8158
23324,60700.44157
23325,60963.78035
23326,61223.75411
23327,61480.2858
23328,61733.29941
23329,61982.71998
23330,62228.47358
23331,62470.48741
23332,62708.68973
23333,62943.00998
23334,63173.37872
23335,63399.72767
23336,63621.98978
23337,63840.09918
23338,64053.99124
23339,64263.60257
23340,64468.87107
23341,64669.73591
23342,64866.13757
23343,65058.01785
23344,65245.3199
23345,65427.98821
23346,65605.96865
23347,65779.20848
23348,65947.65638
23349,66111.26242
23350,66269.97812
23351,66423.75646
23352,66572.55186
23353,66716.32023
23354,66855.01898
23355,66988.60701
23356,67117.04472
23357,67240.29406
23358,67358.31851
23359,67471.08309
23360,67578.55439
23361,67680.70057
23362,67777.49135
23363,67868.89806
23364,67954.89361
23365,68035.45251
23366,68110.5509
23367,68180.16652
23368,68244.27875
23369,68302.86858
23370,68355.91865
23371,68403.41325
23372,68445.3383
23373,68481.68138
23374,68512.43171
23375,68537.58019
23376,68557.11937
23377,68571.04345
23378,68579.34831
23379,68582.03148
23380,68579.09218
23381,68570.53127
23382,68556.35129
23383,68536.55644
23384,68511.15259
23385,68480.14726
23386,68443.54965
23387,68401.3706
23388,68353.6226
23389,68300.3198
23390,68241.47801
23391,68177.11465
23392,68107.2488
23393,68031.90115
23394,67951.09405
23395,67864.85143
23396,67773.19885
23397,67676.16346
23398,67573.77403
23399,67466.06088
23400,67353.05594
23401,67234.7927
23402,67111.3062
23403,66982.63302
23404,66848.81131
23405,66709.8807
23406,66565.88238
23407,66416.85901
23408,66262.85475
23409,66103.91523
23410,65940.08755
23411,65771.42027
23412,65597.96334
23413,65419.76819
23414,65236.8876
23415,65049.37577
23416,64857.28827
23417,64660.68201
23418,64459.61526
23419,64254.14759
23420,64044.33988
23421,63830.25432
23422,63611.95433
23423,63389.5046
23424,63162.97105
23425,62932.42081
23426,62697.9222
23427,62459.54469
23428,62217.35893
23429,61971.43669
23430,61721.85082
23431,61468.6753
23432,61211.98515
23433,60951.85642
23434,60688.36619
23435,60421.59255
23436,60151.61455
23437,59878.51219
23438,59602.36639
23439,59323.25898
23440,59041.27266
23441,58756.491
23442,58468.99838
23443,58178.88
23444,57886.22181
23445,57591.11055
23446,57293.63365
23447,56993.87928
23448,56691.93624
23449,56387.89402
23450,56081.84271
23451,55773.873
23452,55464.07614
23453,55152.54393
23454,54839.3687
23455,54524.64324
23456,54208.4608
23457,53890.91509
23458,53572.10019
23459,53252.11059
23460,52931.04109
23461,52608.98684
23462,52286.04327
23463,51962.30607
23464,51637.87119
23465,51312.83474
23466,50987.29305
23467,50661.34259
23468,50335.07993
23469,50008.60176
23470,49682.00482
23471,49355.38589
23472,49028.84175
23473,48702.46917
23474,48376.36485
23475,48050.62543
23476,47725.34743
23477,47400.62724
23478,47076.56107
23479,46753.24497
23480,46430.77473
23481,46109.2459
23482,45788.75377
23483,45469.3933
23484,45151.25913
23485,44834.44552
23486,44519.04635
23487,44205.1551
23488,43892.86475
23489,43582.26786
23490,43273.45647
23491,42966.52207
23492,42661.55563
23493,42358.6475
23494,42057.88745
23495,41759.3646
23496,41463.1674
23497,41169.38363
23498,40878.10035
23499,40589.40386
23500,40303.37971
23501,40020.11265
23502,39739.68664
23503,39462.18475
23504,39187.68922
23505,38916.2814
23506,38648.0417
23507,38383.04961
23508,38121.38365
23509,37863.12136
23510,37608.33927
23511,37357.11287
23512,37109.51662
23513,36865.62387
23514,36625.5069
23515,36389.23686
23516,36156.88376
23517,35928.51646
23518,35704.20262
23519,35484.00871
23520,35267.99998
23521,35056.24044
23522,34848.79284
23523,34645.71865
23524,34447.07804
23525,34252.92988
23526,34063.33169
23527,33878.33966
23528,33698.00861
23529,33522.39196
23530,33351.54177
23531,33185.50865
23532,33024.34181
23533,32868.08901
23534,32716.79653
23535,32570.50922
23536,32429.27043
23537,32293.122
23538,32162.10428
23539,32036.25609
23540,31915.61473
23541,31800.21594
23542,31690.09392
23543,31585.2813
23544,31485.80913
23545,31391.7069
23546,31303.00249
23547,31219.72218
23548,31141.89065
23549,31069.53096
23550,31002.66456
23551,30941.31126
23552,30885.48924
23553,30835.21504
23554,30790.50356
23555,30751.36805
23556,30717.8201
23557,30689.86966
23558,30667.525
23559,30650.79275
23560,30639.67787
23561,30634.18365
23562,30634.31172
23563,30640.06204
23564,30651.43291
23565,30668.42095
23566,30691.02114
23567,30719.22677
23568,30753.02949
23569,30792.41928
23570,30837.38448
23571,30887.91175
23572,30943.98612
23573,31005.59098
23574,31072.70807
23575,31145.3175
23576,31223.39777
23577,31306.92573
23578,31395.87662
23579,31490.2241
23580,31589.94021
23581,31694.99539
23582,31805.35852
23583,31920.99689
23584,32041.87624
23585,32167.96075
23586,32299.21306
23587,32435.59427
23588,32577.06397
23589,32723.58024
23590,32875.09967
23591,33031.57736
23592,33192.96693
23593,33359.22057
23594,33530.28902
23595,33706.12157
23596,33886.66613
23597,34071.86919
23598,34261.67589
23599,34456.02997
23600,34654.87384
23601,34858.14858
23602,35065.79396
23603,35277.74845
23604,35493.94924
23605,35714.33226
23606,35938.83221
23607,36167.38257
23608,36399.91561
23609,36636.36243
23610,36876.65296
23611,37120.716
23612,37368.47924
23613,37619.86924
23614,37874.81152
23615,38133.23054
23616,38395.04971
23617,38660.19146
23618,38928.57722
23619,39200.12747
23620,39474.76172
23621,39752.39861
23622,40032.95587
23623,40316.35035
23624,40602.49809
23625,40891.31429
23626,41182.71337
23627,41476.60898
23628,41772.91403
23629,42071.54073
23630,42372.40058
23631,42675.40443
23632,42980.4625
23633,43287.48438
23634,43596.37911
23635,43907.05515
23636,44219.42044
23637,44533.38242
23638,44848.84805
23639,45165.72386
23640,45483.91595
23641,45803.33004
23642,46123.87146
23643,46445.44525
23644,46767.9561
23645,47091.30846
23646,47415.40651
23647,47740.1542
23648,48065.45532
23649,48391.21347
23650,48717.33211
23651,49043.71461
23652,49370.26426
23653,49696.88429
23654,50023.47792
23655,50349.94838
23656,50676.19891
23657,51002.13285
23658,51327.65362
23659,51652.66476
23660,51977.06995
23661,52300.77308
23662,52623.67821
23663,52945.68967
23664,53266.71204
23665,53586.65019
23666,53905.40932
23667,54222.89497
23668,54539.01307
23669,54853.66993
23670,55166.77233
23671,55478.22748
23672,55787.9431
23673,56095.8274
23674,56401.78915
23675,56705.7377
23676,57007.58297
23677,57307.23552
23678,57604.60656
23679,57899.60797
23680,58192.15233
23681,58482.15296
23682,58769.52392
23683,59054.18007
23684,59336.03705
23685,59615.01133
23686,59891.02026
23687,60163.98205
23688,60433.8158
23689,60700.44157
23690,60963.78035
23691,61223.75411
23692,61480.2858
23693,61733.29941
23694,61982.71998
23695,62228.47358
23696,62470.48741
23697,62708.68973
23698,62943.00998
23699,63173.37872
23700,63399.72767
23701,63621.98978
23702,63840.09918
23703,64053.99124
23704,64263.60257
23705,64468.87107
23706,64669.73591
23707,64866.13757
23708,65058.01785
23709,65245.3199
23710,65427.98821
23711,65605.96865
23712,65779.20848
23713,65947.65638
23714,66111.26242
23715,66269.97812
23716,66423.75646
23717,66572.55186
23718,66716.32023
23719,66855.01898
23720,66988.60701
23721,67117.04472
23722,67240.29406
23723,67358.31851
23724,67471.08309
23725,67578.55439
23726,67680.70057
23727,67777.49135
23728,67868.89806
23729,67954.89361
23730,68035.45251
23731,68110.5509
23732,68180.16652
23733,68244.27875
23734,68302.86858
23735,68355.91865
23736,68403.41325
23737,68445.3383
23738,68481.68138
23739,68512.43171
23740,68537.58019
23741,68557.11937
23742,68571.04345
23743,68579.34831
23744,68582.03148
23745,68579.09218
23746,68570.53127
23747,68556.35129
23748,68536.55644
23749,68511.15259
23750,68480.14726
23751,68443.54965
23752,68401.3706
23753,68353.6226
23754,68300.3198
23755,68241.47801
23756,68177.11465
23757,68107.2488
23758,68031.90115
23759,67951.09405
23760,67864.85143
23761,67773.19885
23762,67676.16346
23763,67573.77403
23764,67466.06088
23765,67353.05594
23766,67234.7927
23767,67111.3062
23768,66982.63302
23769,66848.81131
23770,66709.8807
23771,66565.88238
23772,66416.85901
23773,66262.85475
23774,66103.91523
23775,65940.08755
23776,65771.42027
23777,65597.96334
23778,65419.76819
23779,65236.8876
23780,65049.37577
23781,64857.28827
23782,64660.68201
23783,64459.61526
23784,64254.14759
23785,64044.33988
23786,63830.25432
23787,63611.95433
23788,63389.5046
23789,63162.97105
23790,62932.42081
23791,62697.9222
23792,62459.54469
23793,62217.35893
23794,61971.43669
23795,61721.85082
23796,61468.6753
23797,61211.98515
23798,60951.85642
23799,60688.36619
23800,60421.59255
23801,60151.61455
23802,59878.51219
23803,59602.36639
23804,59323.25898
23805,59041.27266
23806,58756.491
23807,58468.99838
23808,58178.88
23809,57886.22181
23810,57591.11055
23811,57293.63365
23812,56993.87928
23813,56691.93624
23814,56387.89402
23815,56081.84271
23816,55773.873
23817,55464.07614
23818,55152.54393
23819,54839.3687
23820,54524.64324
23821,54208.4608
23822,53890.91509
23823,53572.10019
23824,53252.11059
23825,52931.04109
23826,52608.98684
23827,52286.04327
23828,51962.30607
23829,51637.87119
23830,51312.83474
23831,50987.29305
23832,50661.34259
23833,50335.07993
23834,50008.60176
23835,49682.00482
23836,49355.38589
23837,49028.84175
23838,48702.46917
23839,48376.36485
23840,48050.62543
23841,47725.34743
23842,47400.62724
23843,47076.56107
23844,46753.24497
23845,46430.77473
23846,46109.2459
23847,45788.75377
23848,45469.3933
23849,45151.25913
23850,44834.44552
23851,44519.04635
23852,44205.1551
23853,43892.86475
23854,43582.26786
23855,43273.45647
23856,42966.52207
23857,42661.55563
23858,42358.6475
23859,42057.88745
23860,41759.3646
23861,41463.1674
23862,41169.38363
23863,40878.10035
23864,40589.40386
23865,40303.37971
23866,40020.11265
23867,39739.68664
23868,39462.18475
23869,39187.68922
23870,38916.2814
23871,38648.0417
23872,38383.04961
23873,38121.38365
23874,37863.12136
23875,37608.33927
23876,37357.11287
23877,37109.51662
23878,36865.62387
23879,36625.5069
23880,36389.23686
23881,36156.88376
23882,35928.51646
23883,35704.20262
23884,35484.00871
23885,35267.99998
23886,35056.24044
23887,34848.79284
23888,34645.71865
23889,34447.07804
23890,34252.92988
23891,34063.33169
23892,33878.33966
23893,33698.00861
23894,33522.39196
23895,33351.54177
23896,33185.50865
23897,33024.34181
23898,32868.08901
23899,32716.79653
23900,32570.50922
23901,32429.27043
23902,32293.122
23903,32162.10428
23904,32036.25609
23905,31915.61473
23906,31800.21594
23907,31690.09392
23908,31585.2813
23909,31485.80913
23910,31391.7069
23911,31303.00249
23912,31219.72218
23913,31141.89065
23914,31069.53096
23915,31002.66456
23916,30941.31126
23917,30885.48924
23918,30835.21504
23919,30790.50356
23920,30751.36805
23921,30717.8201
23922,30689.86966
23923,30667.525
23924,30650.79275
23925,30639.67787
23926,30634.18365
23927,30634.31172
23928,30640.06204
23929,30651.43291
23930,30668.42095
23931,30691.02114
23932,30719.22677
23933,30753.02949
23934,30792.41928
23935,30837.38448
23936,30887.91175
23937,30943.98612
23938,31005.59098
23939,31072.70807
23940,31145.3175
23941,31223.39777
23942,31306.92573
23943,31395.87662
23944,31490.2241
23945,31589.94021
23946,31694.99539
23947,31805.35852
23948,31920.99689
23949,32041.87624
23950,32167.96075
23951,32299.21306
23952,32435.59427
23953,32577.06397
23954,32723.58024
23955,32875.09967
23956,33031.57736
23957,33192.96693
23958,33359.22057
23959,33530.28902
23960,33706.12157
23961,33886.66613
23962,34071.86919
23963,34261.67589
23964,34456.02997
23965,34654.87384
23966,34858.14858
23967,35065.79396
23968,35277.74845
23969,35493.94924
23970,35714.33226
23971,35938.83221
23972,36167.38257
23973,36399.91561
23974,36636.36243
23975,36876.65296
23976,37120.716
23977,37368.47924
23978,37619.86924
23979,37874.81152
23980,38133.23054
23981,38395.04971
23982,38660.19146
23983,38928.57722
23984,39200.12747
23985,39474.76172
23986,39752.39861
23987,40032.95587
23988,40316.35035
23989,40602.49809
23990,40891.31429
23991,41182.71337
23992,41476.60898
23993,41772.91403
23994,42071.54073
23995,42372.40058
23996,42675.40443
23997,42980.4625
23998,43287.48438
23999,43596.37911
24000,43907.05515
24001,44219.42044
24002,44533.38242
24003,44848.84805
24004,45165.72386
24005,45483.91595
24006,45803.33004
24007,46123.87146
24008,46445.44525
24009,46767.9561
24010,47091.30846
24011,47415.40651
24012,47740.1542
24013,48065.45532
24014,48391.21347
24015,48717.33211
24016,49043.71461
24017,49370.26426
24018,49696.88429
24019,50023.47792
24020,50349.94838
24021,50676.19891
24022,51002.13285
24023,51327.65362
24024,51652.66476
24025,51977.06995
24026,52300.77308
24027,52623.67821
24028,52945.68967
24029,53266.71204
24030,53586.65019
24031,53905.40932
24032,54222.89497
24033,54539.01307
24034,54853.66993
24035,55166.77233
24036,55478.22748
24037,55787.9431
24038,56095.8274
24039,56401.78915
24040,56705.7377
24041,57007.58297
24042,57307.23552
24043,57604.60656
24044,57899.60797
24045,58192.15233
24046,58482.15296
24047,58769.52392
24048,59054.18007
24049,59336.03705
24050,59615.01133
24051,59891.02026
24052,60163.98205
24053,60433.8158
24054,60700.44157
24055,60963.78035
24056,61223.75411
24057,61480.2858
24058,61733.29941
24059,61982.71998
24060,62228.47358
24061,62470.48741
24062,62708.68973
24063,62943.00998
24064,63173.37872
24065,63399.72767
24066,63621.98978
24067,63840.09918
24068,64053.99124
24069,64263.60257
24070,64468.87107
24071,64669.73591
24072,64866.13757
24073,65058.01785
24074,65245.3199
24075,65427.98821
24076,65605.96865
24077,65779.20848
24078,65947.65638
24079,66111.26242
24080,66269.97812
24081,66423.75646
24082,66572.55186
24083,66716.32023
24084,66855.01898
24085,66988.60701
24086,67117.04472
24087,67240.29406
24088,67358.31851
24089,67471.08309
24090,67578.55439
24091,67680.70057
24092,67777.49135
24093,67868.89806
24094,67954.89361
24095,68035.45251
24096,68110.5509
24097,68180.16652
24098,68244.27875
24099,68302.86858
24100,68355.91865
24101,68403.41325
24102,68445.3383
24103,68481.68138
24104,68512.43171
24105,68537.58019
24106,68557.11937
24107,68571.04345
24108,68579.34831
24109,68582.03148
24110,68579.09218
24111,68570.53127
24112,68556.35129
24113,68536.55644
24114,68511.15259
24115,68480.14726
24116,68443.54965
24117,68401.3706
24118,68353.6226
24119,68300.3198
24120,68241.47801
24121,68177.11465
24122,68107.2488
24123,68031.90115
24124,67951.09405
24125,67864.85143
24126,67773.19885
24127,67676.16346
24128,67573.77403
24129,67466.06088
24130,67353.05594
24131,67234.7927
24132,67111.3062
24133,66982.63302
24134,66848.81131
24135,66709.8807
24136,66565.88238
24137,66416.85901
24138,66262.85475
24139,66103.91523
24140,65940.08755
24141,65771.42027
24142,65597.96334
24143,65419.76819
24144,65236.8876
24145,65049.37577
24146,64857.28827
24147,64660.68201
24148,64459.61526
24149,64254.14759
24150,64044.33988
24151,63830.25432
24152,63611.95433
24153,63389.5046
24154,63162.97105
24155,62932.42081
24156,62697.9222
24157,62459.54469
24158,62217.35893
24159,61971.43669
24160,61721.85082
24161,61468.6753
24162,61211.98515
24163,60951.85642
24164,60688.36619
24165,60421.59255
24166,60151.61455
24167,59878.51219
24168,59602.36639
24169,59323.25898
24170,59041.27266
24171,58756.491
24172,58468.99838
24173,58178.88
24174,57886.22181
24175,57591.11055
24176,57293.63365
24177,56993.87928
24178,56691.93624
24179,56387.89402
24180,56081.84271
24181,55773.873
24182,55464.07614
24183,55152.54393
24184,54839.3687
24185,54524.64324
24186,54208.4608
24187,53890.91509
24188,53572.10019
24189,53252.11059
24190,52931.04109
24191,52608.98684
24192,52286.04327
24193,51962.30607
24194,51637.87119
24195,51312.83474
24196,50987.29305
24197,50661.34259
24198,50335.07993
24199,50008.60176
24200,49682.00482
24201,49355.38589
24202,49028.84175
24203,48702.46917
24204,48376.36485
24205,48050.62543
24206,47725.34743
24207,47400.62724
24208,47076.56107
24209,46753.24497
24210,46430.77473
24211,46109.2459
24212,45788.75377
24213,45469.3933
24214,45151.25913
24215,44834.44552
24216,44519.04635
24217,44205.1551
24218,43892.86475
24219,43582.26786
24220,43273.45647
24221,42966.52207
24222,42661.55563
24223,42358.6475
24224,42057.88745
24225,41759.3646
24226,41463.1674
24227,41169.38363
24228,40878.10035
24229,40589.40386
24230,40303.37971
24231,40020.11265
24232,39739.68664
24233,39462.18475
24234,39187.68922
24235,38916.2814
24236,38648.0417
24237,38383.04961
24238,38121.38365
24239,37863.12136
24240,37608.33927
24241,37357.11287
24242,37109.51662
24243,36865.62387
24244,36625.5069
24245,36389.23686
24246,36156.88376
24247,35928.51646
24248,35704.20262
24249,35484.00871
24250,35267.99998
24251,35056.24044
24252,34848.79284
24253,34645.71865
24254,34447.07804
24255,34252.92988
24256,34063.33169
24257,33878.33966
24258,33698.00861
24259,33522.39196
24260,33351.54177
24261,33185.50865
24262,33024.34181
24263,32868.08901
24264,32716.79653
24265,32570.50922
24266,32429.27043
24267,32293.122
24268,32162.10428
24269,32036.25609
24270,31915.61473
24271,31800.21594
24272,31690.09392
24273,31585.2813
24274,31485.80913
24275,31391.7069
24276,31303.00249
24277,31219.72218
24278,31141.89065
24279,31069.53096
24280,31002.66456
24281,30941.31126
24282,30885.48924
24283,30835.21504
24284,30790.50356
24285,30751.36805
24286,30717.8201
24287,30689.86966
24288,30667.525
24289,30650.79275
24290,30639.67787
24291,30634.18365
24292,30634.31172
24293,30640.06204
24294,30651.43291
24295,30668.42095
24296,30691.02114
24297,30719.22677
24298,30753.02949
24299,30792.41928
24300,30837.38448
24301,30887.91175
24302,30943.98612
24303,31005.59098
24304,31072.70807
24305,31145.3175
24306,31223.39777
24307,31306.92573
24308,31395.87662
24309,31490.2241
24310,31589.94021
24311,31694.99539
24312,31805.35852
24313,31920.99689
24314,32041.87624
24315,32167.96075
24316,32299.21306
24317,32435.59427
24318,32577.06397
24319,32723.58024
24320,32875.09967
24321,33031.57736
24322,33192.96693
24323,33359.22057
24324,33530.28902
24325,33706.12157
24326,33886.66613
24327,34071.86919
24328,34261.67589
24329,34456.02997
24330,34654.87384
24331,34858.14858
24332,35065.79396
24333,35277.74845
24334,35493.94924
24335,35714.33226
24336,35938.83221
24337,36167.38257
24338,36399.91561
24339,36636.36243
24340,36876.65296
24341,37120.716
24342,37368.47924
24343,37619.86924
24344,37874.81152
24345,38133.23054
24346,38395.04971
24347,38660.19146
24348,38928.57722
24349,39200.12747
24350,39474.76172
24351,39752.39861
24352,40032.95587
24353,40316.35035
24354,40602.49809
24355,40891.31429
24356,41182.71337
24357,41476.60898
24358,41772.91403
24359,42071.54073
24360,42372.40058
24361,42675.40443
24362,42980.4625
24363,43287.48438
24364,43596.37911
24365,43907.05515
24366,44219.42044
24367,44533.38242
24368,44848.84805
24369,45165.72386
24370,45483.91595
24371,45803.33004
24372,46123.87146
24373,46445.44525
24374,46767.9561
24375,47091.30846
24376,47415.40651
24377,47740.1542
24378,48065.45532
24379,48391.21347
24380,48717.33211
24381,49043.71461
24382,49370.26426
24383,49696.88429
24384,50023.47792
24385,50349.94838
24386,50676.19891
24387,51002.13285
24388,51327.65362
24389,51652.66476
24390,51977.06995
24391,52300.77308
24392,52623.67821
24393,52945.68967
24394,53266.71204
24395,53586.65019
24396,53905.40932
24397,54222.89497
24398,54539.01307
24399,54853.66993
24400,55166.77233
24401,55478.22748
24402,55787.9431
24403,56095.8274
24404,56401.78915
24405,56705.7377
24406,57007.58297
24407,57307.23552
24408,57604.60656
24409,57899.60797
24410,58192.15233
24411,58482.15296
24412,58769.52392
24413,59054.18007
24414,59336.03705
24415,59615.01133
24416,59891.02026
24417,60163.98205
24418,60433.8158
24419,60700.44157
24420,60963.78035
24421,61223.75411
24422,61480.2858
24423,61733.29941
24424,61982.71998
24425,62228.47358
24426,62470.48741
24427,62708.68973
24428,62943.00998
24429,63173.37872
24430,63399.72767
24431,63621.98978
24432,63840.09918
24433,64053.99124
24434,64263.60257
24435,64468.87107
24436,64669.73591
24437,64866.13757
24438,65058.01785
24439,65245.3199
24440,65427.98821
24441,65605.96865
24442,65779.20848
24443,65947.65638
24444,66111.26242
24445,66269.97812
24446,66423.75646
24447,66572.55186
24448,66716.32023
24449,66855.01898
24450,66988.60701
24451,67117.04472
24452,67240.29406
24453,67358.31851
24454,67471.08309
24455,67578.55439
24456,67680.70057
24457,67777.49135
24458,67868.89806
24459,67954.89361
24460,68035.45251
24461,68110.5509
24462,68180.16652
24463,68244.27875
24464,68302.86858
24465,68355.91865
24466,68403.41325
24467,68445.3383
24468,68481.68138
24469,68512.43171
24470,68537.58019
24471,68557.11937
24472,68571.04345
24473,68579.34831
24474,68582.03148
24475,68579.09218
24476,68570.53127
24477,68556.35129
24478,68536.55644
24479,68511.15259
24480,68480.14726
24481,68443.54965
24482,68401.3706
24483,68353.6226
24484,68300.3198
24485,68241.47801
24486,68177.11465
24487,68107.2488
24488,68031.90115
24489,67951.09405
24490,67864.85143
24491,67773.19885
24492,67676.16346
24493,67573.77403
24494,67466.06088
24495,67353.05594
24496,67234.7927
24497,67111.3062
24498,66982.63302
24499,66848.81131
24500,66709.8807
24501,66565.88238
24502,66416.85901
24503,66262.85475
24504,66103.91523
24505,65940.08755
24506,65771.42027
24507,65597.96334
24508,65419.76819
24509,65236.8876
24510,65049.37577
24511,64857.28827
24512,64660.68201
24513,64459.61526
24514,64254.14759
24515,64044.33988
24516,63830.25432
24517,63611.95433
24518,63389.5046
24519,63162.97105
24520,62932.42081
24521,62697.9222
24522,62459.54469
24523,62217.35893
24524,61971.43669
24525,61721.85082
24526,61468.6753
24527,61211.98515
24528,60951.85642
24529,60688.36619
24530,60421.59255
24531,60151.61455
24532,59878.51219
24533,59602.36639
24534,59323.25898
24535,59041.27266
24536,58756.491
24537,58468.99838
24538,58178.88
24539,57886.22181
24540,57591.11055
24541,57293.63365
24542,56993.87928
24543,56691.93624
24544,56387.89402
24545,56081.84271
24546,55773.873
24547,55464.07614
24548,55152.54393
24549,54839.3687
24550,54524.64324
24551,54208.4608
24552,53890.91509
24553,53572.10019
24554,53252.11059
24555,52931.04109
24556,52608.98684
24557,52286.04327
24558,51962.30607
24559,51637.87119
24560,51312.83474
24561,50987.29305
24562,50661.34259
24563,50335.07993
24564,50008.60176
24565,49682.00482
24566,49355.38589
24567,49028.84175
24568,48702.46917
24569,48376.36485
24570,48050.62543
24571,47725.34743
24572,47400.62724
24573,47076.56107
24574,46753.24497
24575,46430.77473
24576,46109.2459
24577,45788.75377
24578,45469.3933
24579,45151.25913
24580,44834.44552
24581,44519.04635
24582,44205.1551
24583,43892.86475
24584,43582.26786
24585,43273.45647
24586,42966.52207
24587,42661.55563
24588,42358.6475
24589,42057.88745
24590,41759.3646
24591,41463.1674
24592,41169.38363
24593,40878.10035
24594,40589.40386
24595,40303.37971
24596,40020.11265
24597,39739.68664
24598,39462.18475
24599,39187.68922
24600,38916.2814
24601,38648.0417
24602,38383.04961
24603,38121.38365
24604,37863.12136
24605,37608.33927
24606,37357.11287
24607,37109.51662
24608,36865.62387
24609,36625.5069
24610,36389.23686
24611,36156.88376
24612,35928.51646
24613,35704.20262
24614,35484.00871
24615,35267.99998
24616,35056.24044
24617,34848.79284
24618,34645.71865
24619,34447.07804
24620,34252.92988
24621,34063.33169
24622,33878.33966
24623,33698.00861
24624,33522.39196
24625,33351.54177
24626,33185.50865
24627,33024.34181
24628,32868.08901
24629,32716.79653
24630,32570.50922
24631,32429.27043
24632,32293.122
24633,32162.10428
24634,32036.25609
24635,31915.61473
24636,31800.21594
24637,31690.09392
24638,31585.2813
24639,31485.80913
24640,31391.7069
24641,31303.00249
24642,31219.72218
24643,31141.89065
24644,31069.53096
24645,31002.66456
24646,30941.31126
24647,30885.48924
24648,30835.21504
24649,30790.50356
24650,30751.36805
24651,30717.8201
24652,30689.86966
24653,30667.525
24654,30650.79275
24655,30639.67787
24656,30634.18365
24657,30634.31172
24658,30640.06204
24659,30651.43291
24660,30668.42095
24661,30691.02114
24662,30719.22677
24663,30753.02949
24664,30792.41928
24665,30837.38448
24666,30887.91175
24667,30943.98612
24668,31005.59098
24669,31072.70807
24670,31145.3175
24671,31223.39777
24672,31306.92573
24673,31395.87662
24674,31490.2241
24675,31589.94021
24676,31694.99539
24677,31805.35852
24678,31920.99689
24679,32041.87624
24680,32167.96075
24681,32299.21306
24682,32435.59427
24683,32577.06397
24684,32723.58024
24685,32875.09967
24686,33031.57736
24687,33192.96693
24688,33359.22057
24689,33530.28902
24690,33706.12157
24691,33886.66613
24692,34071.86919
24693,34261.67589
24694,34456.02997
24695,34654.87384
24696,34858.14858
24697,35065.79396
24698,35277.74845
24699,35493.94924
24700,35714.33226
24701,35938.83221
24702,36167.38257
24703,36399.91561
24704,36636.36243
24705,36876.65296
24706,37120.716
24707,37368.47924
24708,37619.86924
24709,37874.81152
24710,38133.23054
24711,38395.04971
24712,38660.19146
24713,38928.57722
24714,39200.12747
24715,39474.76172
24716,39752.39861
24717,40032.95587
24718,40316.35035
24719,40602.49809
24720,40891.31429
24721,41182.71337
24722,41476.60898
24723,41772.91403
24724,42071.54073
24725,42372.40058
24726,42675.40443
24727,42980.4625
24728,43287.48438
24729,43596.37911
24730,43907.05515
24731,44219.42044
24732,44533.38242
24733,44848.84805
24734,45165.72386
24735,45483.91595
24736,45803.33004
24737,46123.87146
24738,46445.44525
24739,46767.9561
24740,47091.30846
24741,47415.40651
24742,47740.1542
24743,48065.45532
24744,48391.21347
24745,48717.33211
24746,49043.71461
24747,49370.26426
24748,49696.88429
24749,50023.47792
24750,50349.94838
24751,50676.19891
24752,51002.13285
24753,51327.65362
24754,51652.66476
24755,51977.06995
24756,52300.77308
24757,52623.67821
24758,52945.68967
24759,53266.71204
24760,53586.65019
24761,53905.40932
24762,54222.89497
24763,54539.01307
24764,54853.66993
24765,55166.77233
24766,55478.22748
24767,55787.9431
24768,56095.8274
24769,56401.78915
24770,56705.7377
24771,57007.58297
24772,57307.23552
24773,57604.60656
24774,57899.60797
24775,58192.15233
24776,58482.15296
24777,58769.52392
24778,59054.18007
24779,59336.03705
24780,59615.01133
24781,59891.02026
24782,60163.98205
24783,60433.8158
24784,60700.44157
24785,60963.78035
24786,61223.75411
24787,61480.2858
24788,61733.29941
24789,61982.71998
24790,62228.47358
24791,62470.48741
24792,62708.68973
24793,62943.00998
24794,63173.37872
24795,63399.72767
24796,63621.98978
24797,63840.09918
24798,64053.99124
24799,64263.60257
24800,64468.87107
24801,64669.73591
24802,64866.13757
24803,65058.01785
24804,65245.3199
24805,65427.98821
24806,65605.96865
24807,65779.20848
24808,65947.65638
24809,66111.26242
24810,66269.97812
24811,66423.75646
24812,66572.55186
24813,66716.32023
24814,66855.01898
24815,66988.60701
24816,67117.04472
24817,67240.29406
24818,67358.31851
24819,67471.08309
24820,67578.55439
24821,67680.70057
24822,67777.49135
24823,67868.89806
24824,67954.89361
24825,68035.45251
24826,68110.5509
24827,68180.16652
24828,68244.27875
24829,68302.86858
24830,68355.91865
24831,68403.41325
24832,68445.3383
24833,68481.68138
24834,68512.43171
24835,68537.58019
24836,68557.11937
24837,68571.04345
24838,68579.34831
24839,68582.03148
24840,68579.09218
24841,68570.53127
24842,68556.35129
24843,68536.55644
24844,68511.15259
24845,68480.14726
24846,68443.54965
24847,68401.3706
24848,68353.6226
24849,68300.3198
24850,68241.47801
24851,68177.11465
24852,68107.2488
24853,68031.90115
24854,67951.09405
24855,67864.85143
24856,67773.19885
24857,67676.16346
24858,67573.77403
24859,67466.06088
24860,67353.05594
24861,67234.7927
24862,67111.3062
24863,66982.63302
24864,66848.81131
24865,66709.8807
24866,66565.88238
24867,66416.85901
24868,66262.85475
24869,66103.91523
24870,65940.08755
24871,65771.42027
24872,65597.96334
24873,65419.76819
24874,65236.8876
24875,65049.37577
24876,64857.28827
24877,64660.68201
24878,64459.61526
24879,64254.14759
24880,64044.33988
24881,63830.25432
24882,63611.95433
24883,63389.5046
24884,63162.97105
24885,62932.42081
24886,62697.9222
24887,62459.54469
24888,62217.35893
24889,61971.43669
24890,61721.85082
24891,61468.6753
24892,61211.98515
24893,60951.85642
24894,60688.36619
24895,60421.59255
24896,60151.61455
24897,59878.51219
24898,59602.36639
24899,59323.25898
24900,59041.27266
24901,58756.491
24902,58468.99838
24903,58178.88
24904,57886.22181
24905,57591.11055
24906,57293.63365
24907,56993.87928
24908,56691.93624
24909,56387.89402
24910,56081.84271
24911,55773.873
24912,55464.07614
24913,55152.54393
24914,54839.3687
24915,54524.64324
24916,54208.4608
24917,53890.91509
24918,53572.10019
24919,53252.11059
24920,52931.04109
24921,52608.98684
24922,52286.04327
24923,51962.30607
24924,51637.87119
24925,51312.83474
24926,50987.29305
24927,50661.34259
24928,50335.07993
24929,50008.60176
24930,49682.00482
24931,49355.38589
24932,49028.84175
24933,48702.46917
24934,48376.36485
24935,48050.62543
24936,47725.34743
24937,47400.62724
24938,47076.56107
24939,46753.24497
24940,46430.77473
24941,46109.2459
24942,45788.75377
24943,45469.3933
24944,45151.25913
24945,44834.44552
24946,44519.04635
24947,44205.1551
24948,43892.86475
24949,43582.26786
24950,43273.45647
24951,42966.52207
24952,42661.55563
24953,42358.6475
24954,42057.88745
24955,41759.3646
24956,41463.1674
24957,41169.38363
24958,40878.10035
24959,40589.40386
24960,40303.37971
24961,40020.11265
24962,39739.68664
24963,39462.18475
24964,39187.68922
24965,38916.2814
24966,38648.0417
24967,38383.04961
24968,38121.38365
24969,37863.12136
24970,37608.33927
24971,37357.11287
24972,37109.51662
24973,36865.62387
24974,36625.5069
24975,36389.23686
24976,36156.88376
24977,35928.51646
24978,35704.20262
24979,35484.00871
24980,35267.99998
24981,35056.24044
24982,34848.79284
24983,34645.71865
24984,34447.07804
24985,34252.92988
24986,34063.33169
24987,33878.33966
24988,33698.00861
24989,33522.39196
24990,33351.54177
24991,33185.50865
24992,33024.34181
24993,32868.08901
24994,32716.79653
24995,32570.50922
24996,32429.27043
24997,32293.122
24998,32162.10428
24999,32036.25609
25000,31915.61473
25001,31800.21594
25002,31690.09392
25003,31585.2813
25004,31485.80913
25005,31391.7069
25006,31303.00249
25007,31219.72218
25008,31141.89065
25009,31069.53096
25010,31002.66456
25011,30941.31126
25012,30885.48924
25013,30835.21504
25014,30790.50356
25015,30751.36805
25016,30717.8201
25017,30689.86966
25018,30667.525
25019,30650.79275
25020,30639.67787
25021,30634.18365
25022,30634.31172
25023,30640.06204
25024,30651.43291
25025,30668.42095
25026,30691.02114
25027,30719.22677
25028,30753.02949
25029,30792.41928
25030,30837.38448
25031,30887.91175
25032,30943.98612
25033,31005.59098
25034,31072.70807
25035,31145.3175
25036,31223.39777
25037,31306.92573
25038,31395.87662
25039,31490.2241
25040,31589.94021
25041,31694.99539
25042,31805.35852
25043,31920.99689
25044,32041.87624
25045,32167.96075
25046,32299.21306
25047,32435.59427
25048,32577.06397
25049,32723.58024
25050,32875.09967
25051,33031.57736
25052,33192.96693
25053,33359.22057
25054,33530.28902
25055,33706.12157
25056,33886.66613
25057,34071.86919
25058,34261.67589
25059,34456.02997
25060,34654.87384
25061,34858.14858
25062,35065.79396
25063,35277.74845
25064,35493.94924
25065,35714.33226
25066,35938.83221
25067,36167.38257
25068,36399.91561
25069,36636.36243
25070,36876.65296
25071,37120.716
25072,37368.47924
25073,37619.86924
25074,37874.81152
25075,38133.23054
25076,38395.04971
25077,38660.19146
25078,38928.57722
25079,39200.12747
25080,39474.76172
25081,39752.39861
25082,40032.95587
25083,40316.35035
25084,40602.49809
25085,40891.31429
25086,41182.71337
25087,41476.60898
25088,41772.91403
25089,42071.54073
25090,42372.40058
25091,42675.40443
25092,42980.4625
25093,43287.48438
25094,43596.37911
25095,43907.05515
25096,44219.42044
25097,44533.38242
25098,44848.84805
25099,45165.72386
25100,45483.91595
25101,45803.33004
25102,46123.87146
25103,46445.44525
25104,46767.9561
25105,47091.30846
25106,47415.40651
25107,47740.1542
25108,48065.45532
25109,48391.21347
25110,48717.33211
25111,49043.71461
25112,49370.26426
25113,49696.88429
25114,50023.47792
25115,50349.94838
25116,50676.19891
25117,51002.13285
25118,51327.65362
25119,51652.66476
25120,51977.06995
25121,52300.77308
25122,52623.67821
25123,52945.68967
25124,53266.71204
25125,53586.65019
25126,53905.40932
25127,54222.89497
25128,54539.01307
25129,54853.66993
25130,55166.77233
25131,55478.22748
25132,55787.9431
25133,56095.8274
25134,56401.78915
25135,56705.7377
25136,57007.58297
25137,57307.23552
25138,57604.60656
25139,57899.60797
25140,58192.15233
25141,58482.15296
25142,58769.52392
25143,59054.18007
25144,59336.03705
25145,59615.01133
25146,59891.02026
25147,60163.98205
25148,60433.8158
25149,60700.44157
25150,60963.78035
25151,61223.75411
25152,61480.2858
25153,61733.29941
25154,61982.71998
25155,62228.47358
25156,62470.48741
25157,62708.68973
25158,62943.00998
25159,63173.37872
25160,63399.72767
25161,63621.98978
25162,63840.09918
25163,64053.99124
25164,64263.60257
25165,64468.87107
25166,64669.73591
25167,64866.13757
25168,65058.01785
25169,65245.3199
25170,65427.98821
25171,65605.96865
25172,65779.20848
25173,65947.65638
25174,66111.26242
25175,66269.97812
25176,66423.75646
25177,66572.55186
25178,66716.32023
25179,66855.01898
25180,66988.60701
25181,67117.04472
25182,67240.29406
25183,67358.31851
25184,67471.08309
25185,67578.55439
25186,67680.70057
25187,67777.49135
25188,67868.89806
25189,67954.89361
25190,68035.45251
25191,68110.5509
25192,68180.16652
25193,68244.27875
25194,68302.86858
25195,68355.91865
25196,68403.41325
25197,68445.3383
25198,68481.68138
25199,68512.43171
25200,68537.58019
25201,68557.11937
25202,68571.04345
25203,68579.34831
25204,68582.03148
25205,68579.09218
25206,68570.53127
25207,68556.35129
25208,68536.55644
25209,68511.15259
25210,68480.14726
25211,68443.54965
25212,68401.3706
25213,68353.6226
25214,68300.3198
25215,68241.47801
25216,68177.11465
25217,68107.2488
25218,68031.90115
25219,67951.09405
25220,67864.85143
25221,67773.19885
25222,67676.16346
25223,67573.77403
25224,67466.06088
25225,67353.05594
25226,67234.7927
25227,67111.3062
25228,66982.63302
25229,66848.81131
25230,66709.8807
25231,66565.88238
25232,66416.85901
25233,66262.85475
25234,66103.91523
25235,65940.08755
25236,65771.42027
25237,65597.96334
25238,65419.76819
25239,65236.8876
25240,65049.37577
25241,64857.28827
25242,64660.68201
25243,64459.61526
25244,64254.14759
25245,64044.33988
25246,63830.25432
25247,63611.95433
25248,63389.5046
25249,63162.97105
25250,62932.42081
25251,62697.9222
25252,62459.54469
25253,62217.35893
25254,61971.43669
25255,61721.85082
25256,61468.6753
25257,61211.98515
25258,60951.85642
25259,60688.36619
25260,60421.59255
25261,60151.61455
25262,59878.51219
25263,59602.36639
25264,59323.25898
25265,59041.27266
25266,58756.491
25267,58468.99838
25268,58178.88
25269,57886.22181
25270,57591.11055
25271,57293.63365
25272,56993.87928
25273,56691.93624
25274,56387.89402
25275,56081.84271
25276,55773.873
25277,55464.07614
25278,55152.54393
25279,54839.3687
25280,54524.64324
25281,54208.4608
25282,53890.91509
25283,53572.10019
25284,53252.11059
25285,52931.04109
25286,52608.98684
25287,52286.04327
25288,51962.30607
25289,51637.87119
25290,51312.83474
25291,50987.29305
25292,50661.34259
25293,50335.07993
25294,50008.60176
25295,49682.00482
25296,49355.38589
25297,49028.84175
25298,48702.46917
25299,48376.36485
25300,48050.62543
25301,47725.34743
25302,47400.62724
25303,47076.56107
25304,46753.24497
25305,46430.77473
25306,46109.2459
25307,45788.75377
25308,45469.3933
25309,45151.25913
25310,44834.44552
25311,44519.04635
25312,44205.1551
25313,43892.86475
25314,43582.26786
25315,43273.45647
25316,42966.52207
25317,42661.55563
25318,42358.6475
25319,42057.88745
25320,41759.3646
25321,41463.1674
25322,41169.38363
25323,40878.10035
25324,40589.40386
25325,40303.37971
25326,40020.11265
25327,39739.68664
25328,39462.18475
25329,39187.68922
25330,38916.2814
25331,38648.0417
25332,38383.04961
25333,38121.38365
25334,37863.12136
25335,37608.33927
25336,37357.11287
25337,37109.51662
25338,36865.62387
25339,36625.5069
25340,36389.23686
25341,36156.88376
25342,35928.51646
25343,35704.20262
25344,35484.00871
25345,35267.99998
25346,35056.24044
25347,34848.79284
25348,34645.71865
25349,34447.07804
25350,34252.92988
25351,34063.33169
25352,33878.33966
25353,33698.00861
25354,33522.39196
25355,33351.54177
25356,33185.50865
25357,33024.34181
25358,32868.08901
25359,32716.79653
25360,32570.50922
25361,32429.27043
25362,32293.122
25363,32162.10428
25364,32036.25609
25365,31915.61473
25366,31800.21594
25367,31690.09392
25368,31585.2813
25369,31485.80913
25370,31391.7069
25371,31303.00249
25372,31219.72218
25373,31141.89065
25374,31069.53096
25375,31002.66456
25376,30941.31126
25377,30885.48924
25378,30835.21504
25379,30790.50356
25380,30751.36805
25381,30717.8201
25382,30689.86966
25383,30667.525
25384,30650.79275
25385,30639.67787
25386,30634.18365
25387,30634.31172
25388,30640.06204
25389,30651.43291
25390,30668.42095
25391,30691.02114
25392,30719.22677
25393,30753.02949
25394,30792.41928
25395,30837.38448
25396,30887.91175
25397,30943.98612
25398,31005.59098
25399,31072.70807
25400,31145.3175
25401,31223.39777
25402,31306.92573
25403,31395.87662
25404,31490.2241
25405,31589.94021
25406,31694.99539
25407,31805.35852
25408,31920.99689
25409,32041.87624
25410,32167.96075
25411,32299.21306
25412,32435.59427
25413,32577.06397
25414,32723.58024
25415,32875.09967
25416,33031.57736
25417,33192.96693
25418,33359.22057
25419,33530.28902
25420,33706.12157
25421,33886.66613
25422,34071.86919
25423,34261.67589
25424,34456.02997
25425,34654.87384
25426,34858.14858
25427,35065.79396
25428,35277.74845
25429,35493.94924
25430,35714.33226
25431,35938.83221
25432,36167.38257
25433,36399.91561
25434,36636.36243
25435,36876.65296
25436,37120.716
25437,37368.47924
25438,37619.86924
25439,37874.81152
25440,38133.23054
25441,38395.04971
25442,38660.19146
25443,38928.57722
25444,39200.12747
25445,39474.76172
25446,39752.39861
25447,40032.95587
25448,40316.35035
25449,40602.49809
25450,40891.31429
25451,41182.71337
25452,41476.60898
25453,41772.91403
25454,42071.54073
25455,42372.40058
25456,42675.40443
25457,42980.4625
25458,43287.48438
25459,43596.37911
25460,43907.05515
25461,44219.42044
25462,44533.38242
25463,44848.84805
25464,45165.72386
25465,45483.91595
25466,45803.33004
25467,46123.87146
25468,46445.44525
25469,46767.9561
25470,47091.30846
25471,47415.40651
25472,47740.1542
25473,48065.45532
25474,48391.21347
25475,48717.33211
25476,49043.71461
25477,49370.26426
25478,49696.88429
25479,50023.47792
25480,50349.94838
25481,50676.19891
25482,51002.13285
25483,51327.65362
25484,51652.66476
25485,51977.06995
25486,52300.77308
25487,52623.67821
25488,52945.68967
25489,53266.71204
25490,53586.65019
25491,53905.40932
25492,54222.89497
25493,54539.01307
25494,54853.66993
25495,55166.77233
25496,55478.22748
25497,55787.9431
25498,56095.8274
25499,56401.78915
25500,56705.7377
25501,57007.58297
25502,57307.23552
25503,57604.60656
25504,57899.60797
25505,58192.15233
25506,58482.15296
25507,58769.52392
25508,59054.18007
25509,59336.03705
25510,59615.01133
25511,59891.02026
25512,60163.98205
25513,60433.8158
25514,60700.44157
25515,60963.78035
25516,61223.75411
25517,61480.2858
25518,61733.29941
25519,61982.71998
25520,62228.47358
25521,62470.48741
25522,62708.68973
25523,62943.00998
25524,63173.37872
25525,63399.72767
25526,63621.98978
25527,63840.09918
25528,64053.99124
25529,64263.60257
25530,64468.87107
25531,64669.73591
25532,64866.13757
25533,65058.01785
25534,65245.3199
25535,65427.98821
25536,65605.96865
25537,65779.20848
25538,65947.65638
25539,66111.26242
25540,66269.97812
25541,66423.75646
25542,66572.55186
25543,66716.32023
25544,66855.01898
25545,66988.60701
25546,67117.04472
25547,67240.29406
25548,67358.31851
25549,67471.08309
25550,67578.55439
25551,67680.70057
25552,67777.49135
25553,67868.89806
25554,67954.89361
25555,68035.45251
25556,68110.5509
25557,68180.16652
25558,68244.27875
25559,68302.86858
25560,68355.91865
25561,68403.41325
25562,68445.3383
25563,68481.68138
25564,68512.43171
25565,68537.58019
25566,68557.11937
25567,68571.04345
25568,68579.34831
25569,68582.03148
25570,68579.09218
25571,68570.53127
25572,68556.35129
25573,68536.55644
25574,68511.15259
25575,68480.14726
25576,68443.54965
25577,68401.3706
25578,68353.6226
25579,68300.3198
25580,68241.47801
25581,68177.11465
25582,68107.2488
25583,68031.90115
25584,67951.09405
25585,67864.85143
25586,67773.19885
25587,67676.16346
25588,67573.77403
25589,67466.06088
25590,67353.05594
25591,67234.7927
25592,67111.3062
25593,66982.63302
25594,66848.81131
25595,66709.8807
25596,66565.88238
25597,66416.85901
25598,66262.85475
25599,66103.91523
25600,65940.08755
25601,65771.42027
25602,65597.96334
25603,65419.76819
25604,65236.8876
25605,65049.37577
25606,64857.28827
25607,64660.68201
25608,64459.61526
25609,64254.14759
25610,64044.33988
25611,63830.25432
25612,63611.95433
25613,63389.5046
25614,63162.97105
25615,62932.42081
25616,62697.9222
25617,62459.54469
25618,62217.35893
25619,61971.43669
25620,61721.85082
25621,61468.6753
25622,61211.98515
25623,60951.85642
25624,60688.36619
25625,60421.59255
25626,60151.61455
25627,59878.51219
25628,59602.36639
25629,59323.25898
25630,59041.27266
25631,58756.491
25632,58468.99838
25633,58178.88
25634,57886.22181
25635,57591.11055
25636,57293.63365
25637,56993.87928
25638,56691.93624
25639,56387.89402
25640,56081.84271
25641,55773.873
25642,55464.07614
25643,55152.54393
25644,54839.3687
25645,54524.64324
25646,54208.4608
25647,53890.91509
25648,53572.10019
25649,53252.11059
25650,52931.04109
25651,52608.98684
25652,52286.04327
25653,51962.30607
25654,51637.87119
25655,51312.83474
25656,50987.29305
25657,50661.34259
25658,50335.07993
25659,50008.60176
25660,49682.00482
25661,49355.38589
25662,49028.84175
25663,48702.46917
25664,48376.36485
25665,48050.62543
25666,47725.34743
25667,47400.62724
25668,47076.56107
25669,46753.24497
25670,46430.77473
25671,46109.2459
25672,45788.75377
25673,45469.3933
25674,45151.25913
25675,44834.44552
25676,44519.04635
25677,44205.1551
25678,43892.86475
25679,43582.26786
25680,43273.45647
25681,42966.52207
25682,42661.55563
25683,42358.6475
25684,42057.88745
25685,41759.3646
25686,41463.1674
25687,41169.38363
25688,40878.10035
25689,40589.40386
25690,40303.37971
25691,40020.11265
25692,39739.68664
25693,39462.18475
25694,39187.68922
25695,38916.2814
25696,38648.0417
25697,38383.04961
25698,38121.38365
25699,37863.12136
25700,37608.33927
25701,37357.11287
25702,37109.51662
25703,36865.62387
25704,36625.5069
25705,36389.23686
25706,36156.88376
25707,35928.51646
25708,35704.20262
25709,35484.00871
25710,35267.99998
25711,35056.24044
25712,34848.79284
25713,34645.71865
25714,34447.07804
25715,34252.92988
25716,34063.33169
25717,33878.33966
25718,33698.00861
25719,33522.39196
25720,33351.54177
25721,33185.50865
25722,33024.34181
25723,32868.08901
25724,32716.79653
25725,32570.50922
25726,32429.27043
25727,32293.122
25728,32162.10428
25729,32036.25609
25730,31915.61473
25731,31800.21594
25732,31690.09392
25733,31585.2813
25734,31485.80913
25735,31391.7069
25736,31303.00249
25737,31219.72218
25738,31141.89065
25739,31069.53096
25740,31002.66456
25741,30941.31126
25742,30885.48924
25743,30835.21504
25744,30790.50356
25745,30751.36805
25746,30717.8201
25747,30689.86966
25748,30667.525
25749,30650.79275
25750,30639.67787
25751,30634.18365
25752,30634.31172
25753,30640.06204
25754,30651.43291
25755,30668.42095
25756,30691.02114
25757,30719.22677
25758,30753.02949
25759,30792.41928
25760,30837.38448
25761,30887.91175
25762,30943.98612
25763,31005.59098
25764,31072.70807
25765,31145.3175
25766,31223.39777
25767,31306.92573
25768,31395.87662
25769,31490.2241
25770,31589.94021
25771,31694.99539
25772,31805.35852
25773,31920.99689
25774,32041.87624
25775,32167.96075
25776,32299.21306
25777,32435.59427
25778,32577.06397
25779,32723.58024
25780,32875.09967
25781,33031.57736
25782,33192.96693
25783,33359.22057
25784,33530.28902
25785,33706.12157
25786,33886.66613
25787,34071.86919
25788,34261.67589
25789,34456.02997
25790,34654.87384
25791,34858.14858
25792,35065.79396
25793,35277.74845
25794,35493.94924
25795,35714.33226
25796,35938.83221
25797,36167.38257
25798,36399.91561
25799,36636.36243
25800,36876.65296
25801,37120.716
25802,37368.47924
25803,37619.86924
25804,37874.81152
25805,38133.23054
25806,38395.04971
25807,38660.19146
25808,38928.57722
25809,39200.12747
25810,39474.76172
25811,39752.39861
25812,40032.95587
25813,40316.35035
25814,40602.49809
25815,40891.31429
25816,41182.71337
25817,41476.60898
25818,41772.91403
25819,42071.54073
25820,42372.40058
25821,42675.40443
25822,42980.4625
25823,43287.48438
25824,43596.37911
25825,43907.05515
25826,44219.42044
25827,44533.38242
25828,44848.84805
25829,45165.72386
25830,45483.91595
25831,45803.33004
25832,46123.87146
25833,46445.44525
25834,46767.9561
25835,47091.30846
25836,47415.40651
25837,47740.1542
25838,48065.45532
25839,48391.21347
25840,48717.33211
25841,49043.71461
25842,49370.26426
25843,49696.88429
25844,50023.47792
25845,50349.94838
25846,50676.19891
25847,51002.13285
25848,51327.65362
25849,51652.66476
25850,51977.06995
25851,52300.77308
25852,52623.67821
25853,52945.68967
25854,53266.71204
25855,53586.65019
25856,53905.40932
25857,54222.89497
25858,54539.01307
25859,54853.66993
25860,55166.77233
25861,55478.22748
25862,55787.9431
25863,56095.8274
25864,56401.78915
25865,56705.7377
25866,57007.58297
25867,57307.23552
25868,57604.60656
25869,57899.60797
25870,58192.15233
25871,58482.15296
25872,58769.52392
25873,59054.18007
25874,59336.03705
25875,59615.01133
25876,59891.02026
25877,60163.98205
25878,60433.8158
25879,60700.44157
25880,60963.78035
25881,61223.75411
25882,61480.2858
25883,61733.29941
25884,61982.71998
25885,62228.47358
25886,62470.48741
25887,62708.68973
25888,62943.00998
25889,63173.37872
25890,63399.72767
25891,63621.98978
25892,63840.09918
25893,64053.99124
25894,64263.60257
25895,64468.87107
25896,64669.73591
25897,64866.13757
25898,65058.01785
25899,65245.3199
25900,65427.98821
25901,65605.96865
25902,65779.20848
25903,65947.65638
25904,66111.26242
25905,66269.97812
25906,66423.75646
25907,66572.55186
25908,66716.32023
25909,66855.01898
25910,66988.60701
25911,67117.04472
25912,67240.29406
25913,67358.31851
25914,67471.08309
25915,67578.55439
25916,67680.70057
25917,67777.49135
25918,67868.89806
25919,67954.89361
25920,68035.45251
25921,68110.5509
25922,68180.16652
25923,68244.27875
25924,68302.86858
25925,68355.91865
25926,68403.41325
25927,68445.3383
25928,68481.68138
25929,68512.43171
25930,68537.58019
25931,68557.11937
25932,68571.04345
25933,68579.34831
25934,68582.03148
25935,68579.09218
25936,68570.53127
25937,68556.35129
25938,68536.55644
25939,68511.15259
25940,68480.14726
25941,68443.54965
25942,68401.3706
25943,68353.6226
25944,68300.3198
25945,68241.47801
25946,68177.11465
25947,68107.2488
25948,68031.90115
25949,67951.09405
25950,67864.85143
25951,67773.19885
25952,67676.16346
25953,67573.77403
25954,67466.06088
25955,67353.05594
25956,67234.7927
25957,67111.3062
25958,66982.63302
25959,66848.81131
25960,66709.8807
25961,66565.88238
25962,66416.85901
25963,66262.85475
25964,66103.91523
25965,65940.08755
25966,65771.42027
25967,65597.96334
25968,65419.76819
25969,65236.8876
25970,65049.37577
25971,64857.28827
25972,64660.68201
25973,64459.61526
25974,64254.14759
25975,64044.33988
25976,63830.25432
25977,63611.95433
25978,63389.5046
25979,63162.97105
25980,62932.42081
25981,62697.9222
25982,62459.54469
25983,62217.35893
25984,61971.43669
25985,61721.85082
25986,61468.6753
25987,61211.98515
25988,60951.85642
25989,60688.36619
25990,60421.59255
25991,60151.61455
25992,59878.51219
25993,59602.36639
25994,59323.25898
25995,59041.27266
25996,58756.491
25997,58468.99838
25998,58178.88
25999,57886.22181
26000,57591.11055
26001,57293.63365
26002,56993.87928
26003,56691.93624
26004,56387.89402
26005,56081.84271
26006,55773.873
26007,55464.07614
26008,55152.54393
26009,54839.3687
26010,54524.64324
26011,54208.4608
26012,53890.91509
26013,53572.10019
26014,53252.11059
26015,52931.04109
26016,52608.98684
26017,52286.04327
26018,51962.30607
26019,51637.87119
26020,51312.83474
26021,50987.29305
26022,50661.34259
26023,50335.07993
26024,50008.60176
26025,49682.00482
26026,49355.38589
26027,49028.84175
26028,48702.46917
26029,48376.36485
26030,48050.62543
26031,47725.34743
26032,47400.62724
26033,47076.56107
26034,46753.24497
26035,46430.77473
26036,46109.2459
26037,45788.75377
26038,45469.3933
26039,45151.25913
26040,44834.44552
26041,44519.04635
26042,44205.1551
26043,43892.86475
26044,43582.26786
26045,43273.45647
26046,42966.52207
26047,42661.55563
26048,42358.6475
26049,42057.88745
26050,41759.3646
26051,41463.1674
26052,41169.38363
26053,40878.10035
26054,40589.40386
26055,40303.37971
26056,40020.11265
26057,39739.68664
26058,39462.18475
26059,39187.68922
26060,38916.2814
26061,38648.0417
26062,38383.04961
26063,38121.38365
26064,37863.12136
26065,37608.33927
26066,37357.11287
26067,37109.51662
26068,36865.62387
26069,36625.5069
26070,36389.23686
26071,36156.88376
26072,35928.51646
26073,35704.20262
26074,35484.00871
26075,35267.99998
26076,35056.24044
26077,34848.79284
26078,34645.71865
26079,34447.07804
26080,34252.92988
26081,34063.33169
26082,33878.33966
26083,33698.00861
26084,33522.39196
26085,33351.54177
26086,33185.50865
26087,33024.34181
26088,32868.08901
26089,32716.79653
26090,32570.50922
26091,32429.27043
26092,32293.122
26093,32162.10428
26094,32036.25609
26095,31915.61473
26096,31800.21594
26097,31690.09392
26098,31585.2813
26099,31485.80913
26100,31391.7069
26101,31303.00249
26102,31219.72218
26103,31141.89065
26104,31069.53096
26105,31002.66456
26106,30941.31126
26107,30885.48924
26108,30835.21504
26109,30790.50356
26110,30751.36805
26111,30717.8201
26112,30689.86966
26113,30667.525
26114,30650.79275
26115,30639.67787
26116,30634.18365
26117,30634.31172
26118,30640.06204
26119,30651.43291
26120,30668.42095
26121,30691.02114
26122,30719.22677
26123,30753.02949
26124,30792.41928
26125,30837.38448
26126,30887.91175
26127,30943.98612
26128,31005.59098
26129,31072.70807
26130,31145.3175
26131,31223.39777
26132,31306.92573
26133,31395.87662
26134,31490.2241
26135,31589.94021
26136,31694.99539
26137,31805.35852
26138,31920.99689
26139,32041.87624
26140,32167.96075
26141,32299.21306
26142,32435.59427
26143,32577.06397
26144,32723.58024
26145,32875.09967
26146,33031.57736
26147,33192.96693
26148,33359.22057
26149,33530.28902
26150,33706.12157
26151,33886.66613
26152,34071.86919
26153,34261.67589
26154,34456.02997
26155,34654.87384
26156,34858.14858
26157,35065.79396
26158,35277.74845
26159,35493.94924
26160,35714.33226
26161,35938.83221
26162,36167.38257
26163,36399.91561
26164,36636.36243
26165,36876.65296
26166,37120.716
26167,37368.47924
26168,37619.86924
26169,37874.81152
26170,38133.23054
26171,38395.04971
26172,38660.19146
26173,38928.57722
26174,39200.12747
26175,39474.76172
26176,39752.39861
26177,40032.95587
26178,40316.35035
26179,40602.49809
26180,40891.31429
26181,41182.71337
26182,41476.60898
26183,41772.91403
26184,42071.54073
26185,42372.40058
26186,42675.40443
26187,42980.4625
26188,43287.48438
26189,43596.37911
26190,43907.05515
26191,44219.42044
26192,44533.38242
26193,44848.84805
26194,45165.72386
26195,45483.91595
26196,45803.33004
26197,46123.87146
26198,46445.44525
26199,46767.9561
26200,47091.30846
26201,47415.40651
26202,47740.1542
26203,48065.45532
26204,48391.21347
26205,48717.33211
26206,49043.71461
26207,49370.26426
26208,49696.88429
26209,50023.47792
26210,50349.94838
26211,50676.19891
26212,51002.13285
26213,51327.65362
26214,51652.66476
26215,51977.06995
26216,52300.77308
26217,52623.67821
26218,52945.68967
26219,53266.71204
26220,53586.65019
26221,53905.40932
26222,54222.89497
26223,54539.01307
26224,54853.66993
26225,55166.77233
26226,55478.22748
26227,55787.9431
26228,56095.8274
26229,56401.78915
26230,56705.7377
26231,57007.58297
26232,57307.23552
26233,57604.60656
26234,57899.60797
26235,58192.15233
26236,58482.15296
26237,58769.52392
26238,59054.18007
26239,59336.03705
26240,59615.01133
26241,59891.02026
26242,60163.98205
26243,60433.8158
26244,60700.44157
26245,60963.78035
26246,61223.75411
26247,61480.2858
26248,61733.29941
26249,61982.71998
26250,62228.47358
26251,62470.48741
26252,62708.68973
26253,62943.00998
26254,63173.37872
26255,63399.72767
26256,63621.98978
26257,63840.09918
26258,64053.99124
26259,64263.60257
26260,64468.87107
26261,64669.73591
26262,64866.13757
26263,65058.01785
26264,65245.3199
26265,65427.98821
26266,65605.96865
26267,65779.20848
26268,65947.65638
26269,66111.26242
26270,66269.97812
26271,66423.75646
26272,66572.55186
26273,66716.32023
26274,66855.01898
26275,66988.60701
26276,67117.04472
26277,67240.29406
26278,67358.31851
26279,67471.08309
26280,67578.55439
26281,67680.70057
26282,67777.49135
26283,67868.89806
26284,67954.89361
26285,68035.45251
26286,68110.5509
26287,68180.16652
26288,68244.27875
26289,68302.86858
26290,68355.91865
26291,68403.41325
26292,68445.3383
26293,68481.68138
26294,68512.43171
26295,68537.58019
26296,68557.11937
26297,68571.04345
26298,68579.34831
26299,68582.03148
26300,68579.09218
26301,68570.53127
26302,68556.35129
26303,68536.55644
26304,68511.15259
26305,68480.14726
26306,68443.54965
26307,68401.3706
26308,68353.6226
26309,68300.3198
26310,68241.47801
26311,68177.11465
26312,68107.2488
26313,68031.90115
26314,67951.09405
26315,67864.85143
26316,67773.19885
26317,67676.16346
26318,67573.77403
26319,67466.06088
26320,67353.05594
26321,67234.7927
26322,67111.3062
26323,66982.63302
26324,66848.81131
26325,66709.8807
26326,66565.88238
26327,66416.85901
26328,66262.85475
26329,66103.91523
26330,65940.08755
26331,65771.42027
26332,65597.96334
26333,65419.76819
26334,65236.8876
26335,65049.37577
26336,64857.28827
26337,64660.68201
26338,64459.61526
26339,64254.14759
26340,64044.33988
26341,63830.25432
26342,63611.95433
26343,63389.5046
26344,63162.97105
26345,62932.42081
26346,62697.9222
26347,62459.54469
26348,62217.35893
26349,61971.43669
26350,61721.85082
26351,61468.6753
26352,61211.98515
26353,60951.85642
26354,60688.36619
26355,60421.59255
26356,60151.61455
26357,59878.51219
26358,59602.36639
26359,59323.25898
26360,59041.27266
26361,58756.491
26362,58468.99838
26363,58178.88
26364,57886.22181
26365,57591.11055
26366,57293.63365
26367,56993.87928
26368,56691.93624
26369,56387.89402
26370,56081.84271
26371,55773.873
26372,55464.07614
26373,55152.54393
26374,54839.3687
26375,54524.64324
26376,54208.4608
26377,53890.91509
26378,53572.10019
26379,53252.11059
26380,52931.04109
26381,52608.98684
26382,52286.04327
26383,51962.30607
26384,51637.87119
26385,51312.83474
26386,50987.29305
26387,50661.34259
26388,50335.07993
26389,50008.60176
26390,49682.00482
26391,49355.38589
26392,49028.84175
26393,48702.46917
26394,48376.36485
26395,48050.62543
26396,47725.34743
26397,47400.62724
26398,47076.56107
26399,46753.24497
26400,46430.77473
26401,46109.2459
26402,45788.75377
26403,45469.3933
26404,45151.25913
26405,44834.44552
26406,44519.04635
26407,44205.1551
26408,43892.86475
26409,43582.26786
26410,43273.45647
26411,42966.52207
26412,42661.55563
26413,42358.6475
26414,42057.88745
26415,41759.3646
26416,41463.1674
26417,41169.38363
26418,40878.10035
26419,40589.40386
26420,40303.37971
26421,40020.11265
26422,39739.68664
26423,39462.18475
26424,39187.68922
26425,38916.2814
26426,38648.0417
26427,38383.04961
26428,38121.38365
26429,37863.12136
26430,37608.33927
26431,37357.11287
26432,37109.51662
26433,36865.62387
26434,36625.5069
26435,36389.23686
26436,36156.88376
26437,35928.51646
26438,35704.20262
26439,35484.00871
26440,35267.99998
26441,35056.24044
26442,34848.79284
26443,34645.71865
26444,34447.07804
26445,34252.92988
26446,34063.33169
26447,33878.33966
26448,33698.00861
26449,33522.39196
26450,33351.54177
26451,33185.50865
26452,33024.34181
26453,32868.08901
26454,32716.79653
26455,32570.50922
26456,32429.27043
26457,32293.122
26458,32162.10428
26459,32036.25609
26460,31915.61473
26461,31800.21594
26462,31690.09392
26463,31585.2813
26464,31485.80913
26465,31391.7069
26466,31303.00249
26467,31219.72218
26468,31141.89065
26469,31069.53096
26470,31002.66456
26471,30941.31126
26472,30885.48924
26473,30835.21504
26474,30790.50356
26475,30751.36805
26476,30717.8201
26477,30689.86966
26478,30667.525
26479,30650.79275
26480,30639.67787
26481,30634.18365
26482,30634.31172
26483,30640.06204
26484,30651.43291
26485,30668.42095
26486,30691.02114
26487,30719.22677
26488,30753.02949
26489,30792.41928
26490,30837.38448
26491,30887.91175
26492,30943.98612
26493,31005.59098
26494,31072.70807
26495,31145.3175
26496,31223.39777
26497,31306.92573
26498,31395.87662
26499,31490.2241
26500,31589.94021
26501,31694.99539
26502,31805.35852
26503,31920.99689
26504,32041.87624
26505,32167.96075
26506,32299.21306
26507,32435.59427
26508,32577.06397
26509,32723.58024
26510,32875.09967
26511,33031.57736
26512,33192.96693
26513,33359.22057
26514,33530.28902
26515,33706.12157
26516,33886.66613
26517,34071.86919
26518,34261.67589
26519,34456.02997
26520,34654.87384
26521,34858.14858
26522,35065.79396
26523,35277.74845
26524,35493.94924
26525,35714.33226
26526,35938.83221
26527,36167.38257
26528,36399.91561
26529,36636.36243
26530,36876.65296
26531,37120.716
26532,37368.47924
26533,37619.86924
26534,37874.81152
26535,38133.23054
26536,38395.04971
26537,38660.19146
26538,38928.57722
26539,39200.12747
26540,39474.76172
26541,39752.39861
26542,40032.95587
26543,40316.35035
26544,40602.49809
26545,40891.31429
26546,41182.71337
26547,41476.60898
26548,41772.91403
26549,42071.54073
26550,42372.40058
26551,42675.40443
26552,42980.4625
26553,43287.48438
26554,43596.37911
26555,43907.05515
26556,44219.42044
26557,44533.38242
26558,44848.84805
26559,45165.72386
26560,45483.91595
26561,45803.33004
26562,46123.87146
26563,46445.44525
26564,46767.9561
26565,47091.30846
26566,47415.40651
26567,47740.1542
26568,48065.45532
26569,48391.21347
26570,48717.33211
26571,49043.71461
26572,49370.26426
26573,49696.88429
26574,50023.47792
26575,50349.94838
26576,50676.19891
26577,51002.13285
26578,51327.65362
26579,51652.66476
26580,51977.06995
26581,52300.77308
26582,52623.67821
26583,52945.68967
26584,53266.71204
26585,53586.65019
26586,53905.40932
26587,54222.89497
26588,54539.01307
26589,54853.66993
26590,55166.77233
26591,55478.22748
26592,55787.9431
26593,56095.8274
26594,56401.78915
26595,56705.7377
26596,57007.58297
26597,57307.23552
26598,57604.60656
26599,57899.60797
26600,58192.15233
26601,58482.15296
26602,58769.52392
26603,59054.18007
26604,59336.03705
26605,59615.01133
26606,59891.02026
26607,60163.98205
26608,60433.8158
26609,60700.44157
26610,60963.78035
26611,61223.75411
26612,61480.2858
26613,61733.29941
26614,61982.71998
26615,62228.47358
26616,62470.48741
26617,62708.68973
26618,62943.00998
26619,63173.37872
26620,63399.72767
26621,63621.98978
26622,63840.09918
26623,64053.99124
26624,64263.60257
26625,64468.87107
26626,64669.73591
26627,64866.13757
26628,65058.01785
26629,65245.3199
26630,65427.98821
26631,65605.96865
26632,65779.20848
26633,65947.65638
26634,66111.26242
26635,66269.97812
26636,66423.75646
26637,66572.55186
26638,66716.32023
26639,66855.01898
26640,66988.60701
26641,67117.04472
26642,67240.29406
26643,67358.31851
26644,67471.08309
26645,67578.55439
26646,67680.70057
26647,67777.49135
26648,67868.89806
26649,67954.89361
26650,68035.45251
26651,68110.5509
26652,68180.16652
26653,68244.27875
26654,68302.86858
26655,68355.91865
26656,68403.41325
26657,68445.3383
26658,68481.68138
26659,68512.43171
26660,68537.58019
26661,68557.11937
26662,68571.04345
26663,68579.34831
26664,68582.03148
26665,68579.09218
26666,68570.53127
26667,68556.35129
26668,68536.55644
26669,68511.15259
26670,68480.14726
26671,68443.54965
26672,68401.3706
26673,68353.6226
26674,68300.3198
26675,68241.47801
26676,68177.11465
26677,68107.2488
26678,68031.90115
26679,67951.09405
26680,67864.85143
26681,67773.19885
26682,67676.16346
26683,67573.77403
26684,67466.06088
26685,67353.05594
26686,67234.7927
26687,67111.3062
26688,66982.63302
26689,66848.81131
26690,66709.8807
26691,66565.88238
26692,66416.85901
26693,66262.85475
26694,66103.91523
26695,65940.08755
26696,65771.42027
26697,65597.96334
26698,65419.76819
26699,65236.8876
26700,65049.37577
26701,64857.28827
26702,64660.68201
26703,64459.61526
26704,64254.14759
26705,64044.33988
26706,63830.25432
26707,63611.95433
26708,63389.5046
26709,63162.97105
26710,62932.42081
26711,62697.9222
26712,62459.54469
26713,62217.35893
26714,61971.43669
26715,61721.85082
26716,61468.6753
26717,61211.98515
26718,60951.85642
26719,60688.36619
26720,60421.59255
26721,60151.61455
26722,59878.51219
26723,59602.36639
26724,59323.25898
26725,59041.27266
26726,58756.491
26727,58468.99838
26728,58178.88
26729,57886.22181
26730,57591.11055
26731,57293.63365
26732,56993.87928
26733,56691.93624
26734,56387.89402
26735,56081.84271
26736,55773.873
26737,55464.07614
26738,55152.54393
26739,54839.3687
26740,54524.64324
26741,54208.4608
26742,53890.91509
26743,53572.10019
26744,53252.11059
26745,52931.04109
26746,52608.98684
26747,52286.04327
26748,51962.30607
26749,51637.87119
26750,51312.83474
26751,50987.29305
26752,50661.34259
26753,50335.07993
26754,50008.60176
26755,49682.00482
26756,49355.38589
26757,49028.84175
26758,48702.46917
26759,48376.36485
26760,48050.62543
26761,47725.34743
26762,47400.62724
26763,47076.56107
26764,46753.24497
26765,46430.77473
26766,46109.2459
26767,45788.75377
26768,45469.3933
26769,45151.25913
26770,44834.44552
26771,44519.04635
26772,44205.1551
26773,43892.86475
26774,43582.26786
26775,43273.45647
26776,42966.52207
26777,42661.55563
26778,42358.6475
26779,42057.88745
26780,41759.3646
26781,41463.1674
26782,41169.38363
26783,40878.10035
26784,40589.40386
26785,40303.37971
26786,40020.11265
26787,39739.68664
26788,39462.18475
26789,39187.68922
26790,38916.2814
26791,38648.0417
26792,38383.04961
26793,38121.38365
26794,37863.12136
26795,37608.33927
26796,37357.11287
26797,37109.51662
26798,36865.62387
26799,36625.5069
26800,36389.23686
26801,36156.88376
26802,35928.51646
26803,35704.20262
26804,35484.00871
26805,35267.99998
26806,35056.24044
26807,34848.79284
26808,34645.71865
26809,34447.07804
26810,34252.92988
26811,34063.33169
26812,33878.33966
26813,33698.00861
26814,33522.39196
26815,33351.54177
26816,33185.50865
26817,33024.34181
26818,32868.08901
26819,32716.79653
26820,32570.50922
26821,32429.27043
26822,32293.122
26823,32162.10428
26824,32036.25609
26825,31915.61473
26826,31800.21594
26827,31690.09392
26828,31585.2813
26829,31485.80913
26830,31391.7069
26831,31303.00249
26832,31219.72218
26833,31141.89065
26834,31069.53096
26835,31002.66456
26836,30941.31126
26837,30885.48924
26838,30835.21504
26839,30790.50356
26840,30751.36805
26841,30717.8201
26842,30689.86966
26843,30667.525
26844,30650.79275
26845,30639.67787
26846,30634.18365
26847,30634.31172
26848,30640.06204
26849,30651.43291
26850,30668.42095
26851,30691.02114
26852,30719.22677
26853,30753.02949
26854,30792.41928
26855,30837.38448
26856,30887.91175
26857,30943.98612
26858,31005.59098
26859,31072.70807
26860,31145.3175
26861,31223.39777
26862,31306.92573
26863,31395.87662
26864,31490.2241
26865,31589.94021
26866,31694.99539
26867,31805.35852
26868,31920.99689
26869,32041.87624
26870,32167.96075
26871,32299.21306
26872,32435.59427
26873,32577.06397
26874,32723.58024
26875,32875.09967
26876,33031.57736
26877,33192.96693
26878,33359.22057
26879,33530.28902
26880,33706.12157
26881,33886.66613
26882,34071.86919
26883,34261.67589
26884,34456.02997
26885,34654.87384
26886,34858.14858
26887,35065.79396
26888,35277.74845
26889,35493.94924
26890,35714.33226
26891,35938.83221
26892,36167.38257
26893,36399.91561
26894,36636.36243
26895,36876.65296
26896,37120.716
26897,37368.47924
26898,37619.86924
26899,37874.81152
26900,38133.23054
26901,38395.04971
26902,38660.19146
26903,38928.57722
26904,39200.12747
26905,39474.76172
26906,39752.39861
26907,40032.95587
26908,40316.35035
26909,40602.49809
26910,40891.31429
26911,41182.71337
26912,41476.60898
26913,41772.91403
26914,42071.54073
26915,42372.40058
26916,42675.40443
26917,42980.4625
26918,43287.48438
26919,43596.37911
26920,43907.05515
26921,44219.42044
26922,44533.38242
26923,44848.84805
26924,45165.72386
26925,45483.91595
26926,45803.33004
26927,46123.87146
26928,46445.44525
26929,46767.9561
26930,47091.30846
26931,47415.40651
26932,47740.1542
26933,48065.45532
26934,48391.21347
26935,48717.33211
26936,49043.71461
26937,49370.26426
26938,49696.88429
26939,50023.47792
26940,50349.94838
26941,50676.19891
26942,51002.13285
26943,51327.65362
26944,51652.66476
26945,51977.06995
26946,52300.77308
26947,52623.67821
26948,52945.68967
26949,53266.71204
26950,53586.65019
26951,53905.40932
26952,54222.89497
26953,54539.01307
26954,54853.66993
26955,55166.77233
26956,55478.22748
26957,55787.9431
26958,56095.8274
26959,56401.78915
26960,56705.7377
26961,57007.58297
26962,57307.23552
26963,57604.60656
26964,57899.60797
26965,58192.15233
26966,58482.15296
26967,58769.52392
26968,59054.18007
26969,59336.03705
26970,59615.01133
26971,59891.02026
26972,60163.98205
26973,60433.8158
26974,60700.44157
26975,60963.78035
26976,61223.75411
26977,61480.2858
26978,61733.29941
26979,61982.71998
26980,62228.47358
26981,62470.48741
26982,62708.68973
26983,62943.00998
26984,63173.37872
26985,63399.72767
26986,63621.98978
26987,63840.09918
26988,64053.99124
26989,64263.60257
26990,64468.87107
26991,64669.73591
26992,64866.13757
26993,65058.01785
26994,65245.3199
26995,65427.98821
26996,65605.96865
26997,65779.20848
26998,65947.65638
26999,66111.26242
27000,66269.97812
27001,66423.75646
27002,66572.55186
27003,66716.32023
27004,66855.01898
27005,66988.60701
27006,67117.04472
27007,67240.29406
27008,67358.31851
27009,67471.08309
27010,67578.55439
27011,67680.70057
27012,67777.49135
27013,67868.89806
27014,67954.89361
27015,68035.45251
27016,68110.5509
27017,68180.16652
27018,68244.27875
27019,68302.86858
27020,68355.91865
27021,68403.41325
27022,68445.3383
27023,68481.68138
27024,68512.43171
27025,68537.58019
27026,68557.11937
27027,68571.04345
27028,68579.34831
27029,68582.03148
27030,68579.09218
27031,68570.53127
27032,68556.35129
27033,68536.55644
27034,68511.15259
27035,68480.14726
27036,68443.54965
27037,68401.3706
27038,68353.6226
27039,68300.3198
27040,68241.47801
27041,68177.11465
27042,68107.2488
27043,68031.90115
27044,67951.09405
27045,67864.85143
27046,67773.19885
27047,67676.16346
27048,67573.77403
27049,67466.06088
27050,67353.05594
27051,67234.7927
27052,67111.3062
27053,66982.63302
27054,66848.81131
27055,66709.8807
27056,66565.88238
27057,66416.85901
27058,66262.85475
27059,66103.91523
27060,65940.08755
27061,65771.42027
27062,65597.96334
27063,65419.76819
27064,65236.8876
27065,65049.37577
27066,64857.28827
27067,64660.68201
27068,64459.61526
27069,64254.14759
27070,64044.33988
27071,63830.25432
27072,63611.95433
27073,63389.5046
27074,63162.97105
27075,62932.42081
27076,62697.9222
27077,62459.54469
27078,62217.35893
27079,61971.43669
27080,61721.85082
27081,61468.6753
27082,61211.98515
27083,60951.85642
27084,60688.36619
27085,60421.59255
27086,60151.61455
27087,59878.51219
27088,59602.36639
27089,59323.25898
27090,59041.27266
27091,58756.491
27092,58468.99838
27093,58178.88
27094,57886.22181
27095,57591.11055
27096,57293.63365
27097,56993.87928
27098,56691.93624
27099,56387.89402
27100,56081.84271
27101,55773.873
27102,55464.07614
27103,55152.54393
27104,54839.3687
27105,54524.64324
27106,54208.4608
27107,53890.91509
27108,53572.10019
27109,53252.11059
27110,52931.04109
27111,52608.98684
27112,52286.04327
27113,51962.30607
27114,51637.87119
27115,51312.83474
27116,50987.29305
27117,50661.34259
27118,50335.07993
27119,50008.60176
27120,49682.00482
27121,49355.38589
27122,49028.84175
27123,48702.46917
27124,48376.36485
27125,48050.62543
27126,47725.34743
27127,47400.62724
27128,47076.56107
27129,46753.24497
27130,46430.77473
27131,46109.2459
27132,45788.75377
27133,45469.3933
27134,45151.25913
27135,44834.44552
27136,44519.04635
27137,44205.1551
27138,43892.86475
27139,43582.26786
27140,43273.45647
27141,42966.52207
27142,42661.55563
27143,42358.6475
27144,42057.88745
27145,41759.3646
27146,41463.1674
27147,41169.38363
27148,40878.10035
27149,40589.40386
27150,40303.37971
27151,40020.11265
27152,39739.68664
27153,39462.18475
27154,39187.68922
27155,38916.2814
27156,38648.0417
27157,38383.04961
27158,38121.38365
27159,37863.12136
27160,37608.33927
27161,37357.11287
27162,37109.51662
27163,36865.62387
27164,36625.5069
27165,36389.23686
27166,36156.88376
27167,35928.51646
27168,35704.20262
27169,35484.00871
27170,35267.99998
27171,35056.24044
27172,34848.79284
27173,34645.71865
27174,34447.07804
27175,34252.92988
27176,34063.33169
27177,33878.33966
27178,33698.00861
27179,33522.39196
27180,33351.54177
27181,33185.50865
27182,33024.34181
27183,32868.08901
27184,32716.79653
27185,32570.50922
27186,32429.27043
27187,32293.122
27188,32162.10428
27189,32036.25609
27190,31915.61473
27191,31800.21594
27192,31690.09392
27193,31585.2813
27194,31485.80913
27195,31391.7069
27196,31303.00249
27197,31219.72218
27198,31141.89065
27199,31069.53096
27200,31002.66456
27201,30941.31126
27202,30885.48924
27203,30835.21504
27204,30790.50356
27205,30751.36805
27206,30717.8201
27207,30689.86966
27208,30667.525
27209,30650.79275
27210,30639.67787
27211,30634.18365
27212,30634.31172
27213,30640.06204
27214,30651.43291
27215,30668.42095
27216,30691.02114
27217,30719.22677
27218,30753.02949
27219,30792.41928
27220,30837.38448
27221,30887.91175
27222,30943.98612
27223,31005.59098
27224,31072.70807
27225,31145.3175
27226,31223.39777
27227,31306.92573
27228,31395.87662
27229,31490.2241
27230,31589.94021
27231,31694.99539
27232,31805.35852
27233,31920.99689
27234,32041.87624
27235,32167.96075
27236,32299.21306
27237,32435.59427
27238,32577.06397
27239,32723.58024
27240,32875.09967
27241,33031.57736
27242,33192.96693
27243,33359.22057
27244,33530.28902
27245,33706.12157
27246,33886.66613
27247,34071.86919
27248,34261.67589
27249,34456.02997
27250,34654.87384
27251,34858.14858
27252,35065.79396
27253,35277.74845
27254,35493.94924
27255,35714.33226
27256,35938.83221
27257,36167.38257
27258,36399.91561
27259,36636.36243
27260,36876.65296
27261,37120.716
27262,37368.47924
27263,37619.86924
27264,37874.81152
27265,38133.23054
27266,38395.04971
27267,38660.19146
27268,38928.57722
27269,39200.12747
27270,39474.76172
27271,39752.39861
27272,40032.95587
27273,40316.35035
27274,40602.49809
27275,40891.31429
27276,41182.71337
27277,41476.60898
27278,41772.91403
27279,42071.54073
27280,42372.40058
27281,42675.40443
27282,42980.4625
27283,43287.48438
27284,43596.37911
27285,43907.05515
27286,44219.42044
27287,44533.38242
27288,44848.84805
27289,45165.72386
27290,45483.91595
27291,45803.33004
27292,46123.87146
27293,46445.44525
27294,46767.9561
27295,47091.30846
27296,47415.40651
27297,47740.1542
27298,48065.45532
27299,48391.21347
27300,48717.33211
27301,49043.71461
27302,49370.26426
27303,49696.88429
27304,50023.47792
27305,50349.94838
27306,50676.19891
27307,51002.13285
27308,51327.65362
27309,51652.66476
27310,51977.06995
27311,52300.77308
27312,52623.67821
27313,52945.68967
27314,53266.71204
27315,53586.65019
27316,53905.40932
27317,54222.89497
27318,54539.01307
27319,54853.66993
27320,55166.77233
27321,55478.22748
27322,55787.9431
27323,56095.8274
27324,56401.78915
27325,56705.7377
27326,57007.58297
27327,57307.23552
27328,57604.60656
27329,57899.60797
27330,58192.15233
27331,58482.15296
27332,58769.52392
27333,59054.18007
27334,59336.03705
27335,59615.01133
27336,59891.02026
27337,60163.98205
27338,60433.8158
27339,60700.44157
27340,60963.78035
27341,61223.75411
27342,61480.2858
27343,61733.29941
27344,61982.71998
27345,62228.47358
27346,62470.48741
27347,62708.68973
27348,62943.00998
27349,63173.37872
27350,63399.72767
27351,63621.98978
27352,63840.09918
27353,64053.99124
27354,64263.60257
27355,64468.87107
27356,64669.73591
27357,64866.13757
27358,65058.01785
27359,65245.3199
27360,65427.98821
27361,65605.96865
27362,65779.20848
27363,65947.65638
27364,66111.26242
27365,66269.97812
27366,66423.75646
27367,66572.55186
27368,66716.32023
27369,66855.01898
27370,66988.60701
27371,67117.04472
27372,67240.29406
27373,67358.31851
27374,67471.08309
27375,67578.55439
27376,67680.70057
27377,67777.49135
27378,67868.89806
27379,67954.89361
27380,68035.45251
27381,68110.5509
27382,68180.16652
27383,68244.27875
27384,68302.86858
27385,68355.91865
27386,68403.41325
27387,68445.3383
27388,68481.68138
27389,68512.43171
27390,68537.58019
27391,68557.11937
27392,68571.04345
27393,68579.34831
27394,68582.03148
27395,68579.09218
27396,68570.53127
27397,68556.35129
27398,68536.55644
27399,68511.15259
27400,68480.14726
27401,68443.54965
27402,68401.3706
27403,68353.6226
27404,68300.3198
27405,68241.47801
27406,68177.11465
27407,68107.2488
27408,68031.90115
27409,67951.09405
27410,67864.85143
27411,67773.19885
27412,67676.16346
27413,67573.77403
27414,67466.06088
27415,67353.05594
27416,67234.7927
27417,67111.3062
27418,66982.63302
27419,66848.81131
27420,66709.8807
27421,66565.88238
27422,66416.85901
27423,66262.85475
27424,66103.91523
27425,65940.08755
27426,65771.42027
27427,65597.96334
27428,65419.76819
27429,65236.8876
27430,65049.37577
27431,64857.28827
27432,64660.68201
27433,64459.61526
27434,64254.14759
27435,64044.33988
27436,63830.25432
27437,63611.95433
27438,63389.5046
27439,63162.97105
27440,62932.42081
27441,62697.9222
27442,62459.54469
27443,62217.35893
27444,61971.43669
27445,61721.85082
27446,61468.6753
27447,61211.98515
27448,60951.85642
27449,60688.36619
27450,60421.59255
27451,60151.61455
27452,59878.51219
27453,59602.36639
27454,59323.25898
27455,59041.27266
27456,58756.491
27457,58468.99838
27458,58178.88
27459,57886.22181
27460,57591.11055
27461,57293.63365
27462,56993.87928
27463,56691.93624
27464,56387.89402
27465,56081.84271
27466,55773.873
27467,55464.07614
27468,55152.54393
27469,54839.3687
27470,54524.64324
27471,54208.4608
27472,53890.91509
27473,53572.10019
27474,53252.11059
27475,52931.04109
27476,52608.98684
27477,52286.04327
27478,51962.30607
27479,51637.87119
27480,51312.83474
27481,50987.29305
27482,50661.34259
27483,50335.07993
27484,50008.60176
27485,49682.00482
27486,49355.38589
27487,49028.84175
27488,48702.46917
27489,48376.36485
27490,48050.62543
27491,47725.34743
27492,47400.62724
27493,47076.56107
27494,46753.24497
27495,46430.77473
27496,46109.2459
27497,45788.75377
27498,45469.3933
27499,45151.25913
27500,44834.44552
27501,44519.04635
27502,44205.1551
27503,43892.86475
27504,43582.26786
27505,43273.45647
27506,42966.52207
27507,42661.55563
27508,42358.6475
27509,42057.88745
27510,41759.3646
27511,41463.1674
27512,41169.38363
27513,40878.10035
27514,40589.40386
27515,40303.37971
27516,40020.11265
27517,39739.68664
27518,39462.18475
27519,39187.68922
27520,38916.2814
27521,38648.0417
27522,38383.04961
27523,38121.38365
27524,37863.12136
27525,37608.33927
27526,37357.11287
27527,37109.51662
27528,36865.62387
27529,36625.5069
27530,36389.23686
27531,36156.88376
27532,35928.51646
27533,35704.20262
27534,35484.00871
27535,35267.99998
27536,35056.24044
27537,34848.79284
27538,34645.71865
27539,34447.07804
27540,34252.92988
27541,34063.33169
27542,33878.33966
27543,33698.00861
27544,33522.39196
27545,33351.54177
27546,33185.50865
27547,33024.34181
27548,32868.08901
27549,32716.79653
27550,32570.50922
27551,32429.27043
27552,32293.122
27553,32162.10428
27554,32036.25609
27555,31915.61473
27556,31800.21594
27557,31690.09392
27558,31585.2813
27559,31485.80913
27560,31391.7069
27561,31303.00249
27562,31219.72218
27563,31141.89065
27564,31069.53096
27565,31002.66456
27566,30941.31126
27567,30885.48924
27568,30835.21504
27569,30790.50356
27570,30751.36805
27571,30717.8201
27572,30689.86966
27573,30667.525
27574,30650.79275
27575,30639.67787
27576,30634.18365
27577,30634.31172
27578,30640.06204
27579,30651.43291
27580,30668.42095
27581,30691.02114
27582,30719.22677
27583,30753.02949
27584,30792.41928
27585,30837.38448
27586,30887.91175
27587,30943.98612
27588,31005.59098
27589,31072.70807
27590,31145.3175
27591,31223.39777
27592,31306.92573
27593,31395.87662
27594,31490.2241
27595,31589.94021
27596,31694.99539
27597,31805.35852
27598,31920.99689
27599,32041.87624
27600,32167.96075
27601,32299.21306
27602,32435.59427
27603,32577.06397
27604,32723.58024
27605,32875.09967
27606,33031.57736
27607,33192.96693
27608,33359.22057
27609,33530.28902
27610,33706.12157
27611,33886.66613
27612,34071.86919
27613,34261.67589
27614,34456.02997
27615,34654.87384
27616,34858.14858
27617,35065.79396
27618,35277.74845
27619,35493.94924
27620,35714.33226
27621,35938.83221
27622,36167.38257
27623,36399.91561
27624,36636.36243
27625,36876.65296
27626,37120.716
27627,37368.47924
27628,37619.86924
27629,37874.81152
27630,38133.23054
27631,38395.04971
27632,38660.19146
27633,38928.57722
27634,39200.12747
27635,39474.76172
27636,39752.39861
27637,40032.95587
27638,40316.35035
27639,40602.49809
27640,40891.31429
27641,41182.71337
27642,41476.60898
27643,41772.91403
27644,42071.54073
27645,42372.40058
27646,42675.40443
27647,42980.4625
27648,43287.48438
27649,43596.37911
27650,43907.05515
27651,44219.42044
27652,44533.38242
27653,44848.84805
27654,45165.72386
27655,45483.91595
27656,45803.33004
27657,46123.87146
27658,46445.44525
27659,46767.9561
27660,47091.30846
27661,47415.40651
27662,47740.1542
27663,48065.45532
27664,48391.21347
27665,48717.33211
27666,49043.71461
27667,49370.26426
27668,49696.88429
27669,50023.47792
27670,50349.94838
27671,50676.19891
27672,51002.13285
27673,51327.65362
27674,51652.66476
27675,51977.06995
27676,52300.77308
27677,52623.67821
27678,52945.68967
27679,53266.71204
27680,53586.65019
27681,53905.40932
27682,54222.89497
27683,54539.01307
27684,54853.66993
27685,55166.77233
27686,55478.22748
27687,55787.9431
27688,56095.8274
27689,56401.78915
27690,56705.7377
27691,57007.58297
27692,57307.23552
27693,57604.60656
27694,57899.60797
27695,58192.15233
27696,58482.15296
27697,58769.52392
27698,59054.18007
27699,59336.03705
27700,59615.01133
27701,59891.02026
27702,60163.98205
27703,60433.8158
27704,60700.44157
27705,60963.78035
27706,61223.75411
27707,61480.2858
27708,61733.29941
27709,61982.71998
27710,62228.47358
27711,62470.48741
27712,62708.68973
27713,62943.00998
27714,63173.37872
27715,63399.72767
27716,63621.98978
27717,63840.09918
27718,64053.99124
27719,64263.60257
27720,64468.87107
27721,64669.73591
27722,64866.13757
27723,65058.01785
27724,65245.3199
27725,65427.98821
27726,65605.96865
27727,65779.20848
27728,65947.65638
27729,66111.26242
27730,66269.97812
27731,66423.75646
27732,66572.55186
27733,66716.32023
27734,66855.01898
27735,66988.60701
27736,67117.04472
27737,67240.29406
27738,67358.31851
27739,67471.08309
27740,67578.55439
27741,67680.70057
27742,67777.49135
27743,67868.89806
27744,67954.89361
27745,68035.45251
27746,68110.5509
27747,68180.16652
27748,68244.27875
27749,68302.86858
27750,68355.91865
27751,68403.41325
27752,68445.3383
27753,68481.68138
27754,68512.43171
27755,68537.58019
27756,68557.11937
27757,68571.04345
27758,68579.34831
27759,68582.03148
27760,68579.09218
27761,68570.53127
27762,68556.35129
27763,68536.55644
27764,68511.15259
27765,68480.14726
27766,68443.54965
27767,68401.3706
27768,68353.6226
27769,68300.3198
27770,68241.47801
27771,68177.11465
27772,68107.2488
27773,68031.90115
27774,67951.09405
27775,67864.85143
27776,67773.19885
27777,67676.16346
27778,67573.77403
27779,67466.06088
27780,67353.05594
27781,67234.7927
27782,67111.3062
27783,66982.63302
27784,66848.81131
27785,66709.8807
27786,66565.88238
27787,66416.85901
27788,66262.85475
27789,66103.91523
27790,65940.08755
27791,65771.42027
27792,65597.96334
27793,65419.76819
27794,65236.8876
27795,65049.37577
27796,64857.28827
27797,64660.68201
27798,64459.61526
27799,64254.14759
27800,64044.33988
27801,63830.25432
27802,63611.95433
27803,63389.5046
27804,63162.97105
27805,62932.42081
27806,62697.9222
27807,62459.54469
27808,62217.35893
27809,61971.43669
27810,61721.85082
27811,61468.6753
27812,61211.98515
27813,60951.85642
27814,60688.36619
27815,60421.59255
27816,60151.61455
27817,59878.51219
27818,59602.36639
27819,59323.25898
27820,59041.27266
27821,58756.491
27822,58468.99838
27823,58178.88
27824,57886.22181
27825,57591.11055
27826,57293.63365
27827,56993.87928
27828,56691.93624
27829,56387.89402
27830,56081.84271
27831,55773.873
27832,55464.07614
27833,55152.54393
27834,54839.3687
27835,54524.64324
27836,54208.4608
27837,53890.91509
27838,53572.10019
27839,53252.11059
27840,52931.04109
27841,52608.98684
27842,52286.04327
27843,51962.30607
27844,51637.87119
27845,51312.83474
27846,50987.29305
27847,50661.34259
27848,50335.07993
27849,50008.60176
27850,49682.00482
27851,49355.38589
27852,49028.84175
27853,48702.46917
27854,48376.36485
27855,48050.62543
27856,47725.34743
27857,47400.62724
27858,47076.56107
27859,46753.24497
27860,46430.77473
27861,46109.2459
27862,45788.75377
27863,45469.3933
27864,45151.25913
27865,44834.44552
27866,44519.04635
27867,44205.1551
27868,43892.86475
27869,43582.26786
27870,43273.45647
27871,42966.52207
27872,42661.55563
27873,42358.6475
27874,42057.88745
27875,41759.3646
27876,41463.1674
27877,41169.38363
27878,40878.10035
27879,40589.40386
27880,40303.37971
27881,40020.11265
27882,39739.68664
27883,39462.18475
27884,39187.68922
27885,38916.2814
27886,38648.0417
27887,38383.04961
27888,38121.38365
27889,37863.12136
27890,37608.33927
27891,37357.11287
27892,37109.51662
27893,36865.62387
27894,36625.5069
27895,36389.23686
27896,36156.88376
27897,35928.51646
27898,35704.20262
27899,35484.00871
27900,35267.99998
27901,35056.24044
27902,34848.79284
27903,34645.71865
27904,34447.07804
27905,34252.92988
27906,34063.33169
27907,33878.33966
27908,33698.00861
27909,33522.39196
27910,33351.54177
27911,33185.50865
27912,33024.34181
27913,32868.08901
27914,32716.79653
27915,32570.50922
27916,32429.27043
27917,32293.122
27918,32162.10428
27919,32036.25609
27920,31915.61473
27921,31800.21594
27922,31690.09392
27923,31585.2813
27924,31485.80913
27925,31391.7069
27926,31303.00249
27927,31219.72218
27928,31141.89065
27929,31069.53096
27930,31002.66456
27931,30941.31126
27932,30885.48924
27933,30835.21504
27934,30790.50356
27935,30751.36805
27936,30717.8201
27937,30689.86966
27938,30667.525
27939,30650.79275
27940,30639.67787
27941,30634.18365
27942,30634.31172
27943,30640.06204
27944,30651.43291
27945,30668.42095
27946,30691.02114
27947,30719.22677
27948,30753.02949
27949,30792.41928
27950,30837.38448
27951,30887.91175
27952,30943.98612
27953,31005.59098
27954,31072.70807
27955,31145.3175
27956,31223.39777
27957,31306.92573
27958,31395.87662
27959,31490.2241
27960,31589.94021
27961,31694.99539
27962,31805.35852
27963,31920.99689
27964,32041.87624
27965,32167.96075
27966,32299.21306
27967,32435.59427
27968,32577.06397
27969,32723.58024
27970,32875.09967
27971,33031.57736
27972,33192.96693
27973,33359.22057
27974,33530.28902
27975,33706.12157
27976,33886.66613
27977,34071.86919
27978,34261.67589
27979,34456.02997
27980,34654.87384
27981,34858.14858
27982,35065.79396
27983,35277.74845
27984,35493.94924
27985,35714.33226
27986,35938.83221
27987,36167.38257
27988,36399.91561
27989,36636.36243
27990,36876.65296
27991,37120.716
27992,37368.47924
27993,37619.86924
27994,37874.81152
27995,38133.23054
27996,38395.04971
27997,38660.19146
27998,38928.57722
27999,39200.12747
28000,39474.76172
28001,39752.39861
28002,40032.95587
28003,40316.35035
28004,40602.49809
28005,40891.31429
28006,41182.71337
28007,41476.60898
28008,41772.91403
28009,42071.54073
28010,42372.40058
28011,42675.40443
28012,42980.4625
28013,43287.48438
28014,43596.37911
28015,43907.05515
28016,44219.42044
28017,44533.38242
28018,44848.84805
28019,45165.72386
28020,45483.91595
28021,45803.33004
28022,46123.87146
28023,46445.44525
28024,46767.9561
28025,47091.30846
28026,47415.40651
28027,47740.1542
28028,48065.45532
28029,48391.21347
28030,48717.33211
28031,49043.71461
28032,49370.26426
28033,49696.88429
28034,50023.47792
28035,50349.94838
28036,50676.19891
28037,51002.13285
28038,51327.65362
28039,51652.66476
28040,51977.06995
28041,52300.77308
28042,52623.67821
28043,52945.68967
28044,53266.71204
28045,53586.65019
28046,53905.40932
28047,54222.89497
28048,54539.01307
28049,54853.66993
28050,55166.77233
28051,55478.22748
28052,55787.9431
28053,56095.8274
28054,56401.78915
28055,56705.7377
28056,57007.58297
28057,57307.23552
28058,57604.60656
28059,57899.60797
28060,58192.15233
28061,58482.15296
28062,58769.52392
28063,59054.18007
28064,59336.03705
28065,59615.01133
28066,59891.02026
28067,60163.98205
28068,60433.8158
28069,60700.44157
28070,60963.78035
28071,61223.75411
28072,61480.2858
28073,61733.29941
28074,61982.71998
28075,62228.47358
28076,62470.48741
28077,62708.68973
28078,62943.00998
28079,63173.37872
28080,63399.72767
28081,63621.98978
28082,63840.09918
28083,64053.99124
28084,64263.60257
28085,64468.87107
28086,64669.73591
28087,64866.13757
28088,65058.01785
28089,65245.3199
28090,65427.98821
28091,65605.96865
28092,65779.20848
28093,65947.65638
28094,66111.26242
28095,66269.97812
28096,66423.75646
28097,66572.55186
28098,66716.32023
28099,66855.01898
28100,66988.60701
28101,67117.04472
28102,67240.29406
28103,67358.31851
28104,67471.08309
28105,67578.55439
28106,67680.70057
28107,67777.49135
28108,67868.89806
28109,67954.89361
28110,68035.45251
28111,68110.5509
28112,68180.16652
28113,68244.27875
28114,68302.86858
28115,68355.91865
28116,68403.41325
28117,68445.3383
28118,68481.68138
28119,68512.43171
28120,68537.58019
28121,68557.11937
28122,68571.04345
28123,68579.34831
28124,68582.03148
28125,68579.09218
28126,68570.53127
28127,68556.35129
28128,68536.55644
28129,68511.15259
28130,68480.14726
28131,68443.54965
28132,68401.3706
28133,68353.6226
28134,68300.3198
28135,68241.47801
28136,68177.11465
28137,68107.2488
28138,68031.90115
28139,67951.09405
28140,67864.85143
28141,67773.19885
28142,67676.16346
28143,67573.77403
28144,67466.06088
28145,67353.05594
28146,67234.7927
28147,67111.3062
28148,66982.63302
28149,66848.81131
28150,66709.8807
28151,66565.88238
28152,66416.85901
28153,66262.85475
28154,66103.91523
28155,65940.08755
28156,65771.42027
28157,65597.96334
28158,65419.76819
28159,65236.8876
28160,65049.37577
28161,64857.28827
28162,64660.68201
28163,64459.61526
28164,64254.14759
28165,64044.33988
28166,63830.25432
28167,63611.95433
28168,63389.5046
28169,63162.97105
28170,62932.42081
28171,62697.9222
28172,62459.54469
28173,62217.35893
28174,61971.43669
28175,61721.85082
28176,61468.6753
28177,61211.98515
28178,60951.85642
28179,60688.36619
28180,60421.59255
28181,60151.61455
28182,59878.51219
28183,59602.36639
28184,59323.25898
28185,59041.27266
28186,58756.491
28187,58468.99838
28188,58178.88
28189,57886.22181
28190,57591.11055
28191,57293.63365
28192,56993.87928
28193,56691.93624
28194,56387.89402
28195,56081.84271
28196,55773.873
28197,55464.07614
28198,55152.54393
28199,54839.3687
28200,54524.64324
28201,54208.4608
28202,53890.91509
28203,53572.10019
28204,53252.11059
28205,52931.04109
28206,52608.98684
28207,52286.04327
28208,51962.30607
28209,51637.87119
28210,51312.83474
28211,50987.29305
28212,50661.34259
28213,50335.07993
28214,50008.60176
28215,49682.00482
28216,49355.38589
28217,49028.84175
28218,48702.46917
28219,48376.36485
28220,48050.62543
28221,47725.34743
28222,47400.62724
28223,47076.56107
28224,46753.24497
28225,46430.77473
28226,46109.2459
28227,45788.75377
28228,45469.3933
28229,45151.25913
28230,44834.44552
28231,44519.04635
28232,44205.1551
28233,43892.86475
28234,43582.26786
28235,43273.45647
28236,42966.52207
28237,42661.55563
28238,42358.6475
28239,42057.88745
28240,41759.3646
28241,41463.1674
28242,41169.38363
28243,40878.10035
28244,40589.40386
28245,40303.37971
28246,40020.11265
28247,39739.68664
28248,39462.18475
28249,39187.68922
28250,38916.2814
28251,38648.0417
28252,38383.04961
28253,38121.38365
28254,37863.12136
28255,37608.33927
28256,37357.11287
28257,37109.51662
28258,36865.62387
28259,36625.5069
28260,36389.23686
28261,36156.88376
28262,35928.51646
28263,35704.20262
28264,35484.00871
28265,35267.99998
28266,35056.24044
28267,34848.79284
28268,34645.71865
28269,34447.07804
28270,34252.92988
28271,34063.33169
28272,33878.33966
28273,33698.00861
28274,33522.39196
28275,33351.54177
28276,33185.50865
28277,33024.34181
28278,32868.08901
28279,32716.79653
28280,32570.50922
28281,32429.27043
28282,32293.122
28283,32162.10428
28284,32036.25609
28285,31915.61473
28286,31800.21594
28287,31690.09392
28288,31585.2813
28289,31485.80913
28290,31391.7069
28291,31303.00249
28292,31219.72218
28293,31141.89065
28294,31069.53096
28295,31002.66456
28296,30941.31126
28297,30885.48924
28298,30835.21504
28299,30790.50356
28300,30751.36805
28301,30717.8201
28302,30689.86966
28303,30667.525
28304,30650.79275
28305,30639.67787
28306,30634.18365
28307,30634.31172
28308,30640.06204
28309,30651.43291
28310,30668.42095
28311,30691.02114
28312,30719.22677
28313,30753.02949
28314,30792.41928
28315,30837.38448
28316,30887.91175
28317,30943.98612
28318,31005.59098
28319,31072.70807
28320,31145.3175
28321,31223.39777
28322,31306.92573
28323,31395.87662
28324,31490.2241
28325,31589.94021
28326,31694.99539
28327,31805.35852
28328,31920.99689
28329,32041.87624
28330,32167.96075
28331,32299.21306
28332,32435.59427
28333,32577.06397
28334,32723.58024
28335,32875.09967
28336,33031.57736
28337,33192.96693
28338,33359.22057
28339,33530.28902
28340,33706.12157
28341,33886.66613
28342,34071.86919
28343,34261.67589
28344,34456.02997
28345,34654.87384
28346,34858.14858
28347,35065.79396
28348,35277.74845
28349,35493.94924
28350,35714.33226
28351,35938.83221
28352,36167.38257
28353,36399.91561
28354,36636.36243
28355,36876.65296
28356,37120.716
28357,37368.47924
28358,37619.86924
28359,37874.81152
28360,38133.23054
28361,38395.04971
28362,38660.19146
28363,38928.57722
28364,39200.12747
28365,39474.76172
28366,39752.39861
28367,40032.95587
28368,40316.35035
28369,40602.49809
28370,40891.31429
28371,41182.71337
28372,41476.60898
28373,41772.91403
28374,42071.54073
28375,42372.40058
28376,42675.40443
28377,42980.4625
28378,43287.48438
28379,43596.37911
28380,43907.05515
28381,44219.42044
28382,44533.38242
28383,44848.84805
28384,45165.72386
28385,45483.91595
28386,45803.33004
28387,46123.87146
28388,46445.44525
28389,46767.9561
28390,47091.30846
28391,47415.40651
28392,47740.1542
28393,48065.45532
28394,48391.21347
28395,48717.33211
28396,49043.71461
28397,49370.26426
28398,49696.88429
28399,50023.47792
28400,50349.94838
28401,50676.19891
28402,51002.13285
28403,51327.65362
28404,51652.66476
28405,51977.06995
28406,52300.77308
28407,52623.67821
28408,52945.68967
28409,53266.71204
28410,53586.65019
28411,53905.40932
28412,54222.89497
28413,54539.01307
28414,54853.66993
28415,55166.77233
28416,55478.22748
28417,55787.9431
28418,56095.8274
28419,56401.78915
28420,56705.7377
28421,57007.58297
28422,57307.23552
28423,57604.60656
28424,57899.60797
28425,58192.15233
28426,58482.15296
28427,58769.52392
28428,59054.18007
28429,59336.03705
28430,59615.01133
28431,59891.02026
28432,60163.98205
28433,60433.8158
28434,60700.44157
28435,60963.78035
28436,61223.75411
28437,61480.2858
28438,61733.29941
28439,61982.71998
28440,62228.47358
28441,62470.48741
28442,62708.68973
28443,62943.00998
28444,63173.37872
28445,63399.72767
28446,63621.98978
28447,63840.09918
28448,64053.99124
28449,64263.60257
28450,64468.87107
28451,64669.73591
28452,64866.13757
28453,65058.01785
28454,65245.3199
28455,65427.98821
28456,65605.96865
28457,65779.20848
28458,65947.65638
28459,66111.26242
28460,66269.97812
28461,66423.75646
28462,66572.55186
28463,66716.32023
28464,66855.01898
28465,66988.60701
28466,67117.04472
28467,67240.29406
28468,67358.31851
28469,67471.08309
28470,67578.55439
28471,67680.70057
28472,67777.49135
28473,67868.89806
28474,67954.89361
28475,68035.45251
28476,68110.5509
28477,68180.16652
28478,68244.27875
28479,68302.86858
28480,68355.91865
28481,68403.41325
28482,68445.3383
28483,68481.68138
28484,68512.43171
28485,68537.58019
28486,68557.11937
28487,68571.04345
28488,68579.34831
28489,68582.03148
28490,68579.09218
28491,68570.53127
28492,68556.35129
28493,68536.55644
28494,68511.15259
28495,68480.14726
28496,68443.54965
28497,68401.3706
28498,68353.6226
28499,68300.3198
28500,68241.47801
28501,68177.11465
28502,68107.2488
28503,68031.90115
28504,67951.09405
28505,67864.85143
28506,67773.19885
28507,67676.16346
28508,67573.77403
28509,67466.06088
28510,67353.05594
28511,67234.7927
28512,67111.3062
28513,66982.63302
28514,66848.81131
28515,66709.8807
28516,66565.88238
28517,66416.85901
28518,66262.85475
28519,66103.91523
28520,65940.08755
28521,65771.42027
28522,65597.96334
28523,65419.76819
28524,65236.8876
28525,65049.37577
28526,64857.28827
28527,64660.68201
28528,64459.61526
28529,64254.14759
28530,64044.33988
28531,63830.25432
28532,63611.95433
28533,63389.5046
28534,63162.97105
28535,62932.42081
28536,62697.9222
28537,62459.54469
28538,62217.35893
28539,61971.43669
28540,61721.85082
28541,61468.6753
28542,61211.98515
28543,60951.85642
28544,60688.36619
28545,60421.59255
28546,60151.61455
28547,59878.51219
28548,59602.36639
28549,59323.25898
28550,59041.27266
28551,58756.491
28552,58468.99838
28553,58178.88
28554,57886.22181
28555,57591.11055
28556,57293.63365
28557,56993.87928
28558,56691.93624
28559,56387.89402
28560,56081.84271
28561,55773.873
28562,55464.07614
28563,55152.54393
28564,54839.3687
28565,54524.64324
28566,54208.4608
28567,53890.91509
28568,53572.10019
28569,53252.11059
28570,52931.04109
28571,52608.98684
28572,52286.04327
28573,51962.30607
28574,51637.87119
28575,51312.83474
28576,50987.29305
28577,50661.34259
28578,50335.07993
28579,50008.60176
28580,49682.00482
28581,49355.38589
28582,49028.84175
28583,48702.46917
28584,48376.36485
28585,48050.62543
28586,47725.34743
28587,47400.62724
28588,47076.56107
28589,46753.24497
28590,46430.77473
28591,46109.2459
28592,45788.75377
28593,45469.3933
28594,45151.25913
28595,44834.44552
28596,44519.04635
28597,44205.1551
28598,43892.86475
28599,43582.26786
28600,43273.45647
28601,42966.52207
28602,42661.55563
28603,42358.6475
28604,42057.88745
28605,41759.3646
28606,41463.1674
28607,41169.38363
28608,40878.10035
28609,40589.40386
28610,40303.37971
28611,40020.11265
28612,39739.68664
28613,39462.18475
28614,39187.68922
28615,38916.2814
28616,38648.0417
28617,38383.04961
28618,38121.38365
28619,37863.12136
28620,37608.33927
28621,37357.11287
28622,37109.51662
28623,36865.62387
28624,36625.5069
28625,36389.23686
28626,36156.88376
28627,35928.51646
28628,35704.20262
28629,35484.00871
28630,35267.99998
28631,35056.24044
28632,34848.79284
28633,34645.71865
28634,34447.07804
28635,34252.92988
28636,34063.33169
28637,33878.33966
28638,33698.00861
28639,33522.39196
28640,33351.54177
28641,33185.50865
28642,33024.34181
28643,32868.08901
28644,32716.79653
28645,32570.50922
28646,32429.27043
28647,32293.122
28648,32162.10428
28649,32036.25609
28650,31915.61473
28651,31800.21594
28652,31690.09392
28653,31585.2813
28654,31485.80913
28655,31391.7069
28656,31303.00249
28657,31219.72218
28658,31141.89065
28659,31069.53096
28660,31002.66456
28661,30941.31126
28662,30885.48924
28663,30835.21504
28664,30790.50356
28665,30751.36805
28666,30717.8201
28667,30689.86966
28668,30667.525
28669,30650.79275
28670,30639.67787
28671,30634.18365
28672,30634.31172
28673,30640.06204
28674,30651.43291
28675,30668.42095
28676,30691.02114
28677,30719.22677
28678,30753.02949
28679,30792.41928
28680,30837.38448
28681,30887.91175
28682,30943.98612
28683,31005.59098
28684,31072.70807
28685,31145.3175
28686,31223.39777
28687,31306.92573
28688,31395.87662
28689,31490.2241
28690,31589.94021
28691,31694.99539
28692,31805.35852
28693,31920.99689
28694,32041.87624
28695,32167.96075
28696,32299.21306
28697,32435.59427
28698,32577.06397
28699,32723.58024
28700,32875.09967
28701,33031.57736
28702,33192.96693
28703,33359.22057
28704,33530.28902
28705,33706.12157
28706,33886.66613
28707,34071.86919
28708,34261.67589
28709,34456.02997
28710,34654.87384
28711,34858.14858
28712,35065.79396
28713,35277.74845
28714,35493.94924
28715,35714.33226
28716,35938.83221
28717,36167.38257
28718,36399.91561
28719,36636.36243
28720,36876.65296
28721,37120.716
28722,37368.47924
28723,37619.86924
28724,37874.81152
28725,38133.23054
28726,38395.04971
28727,38660.19146
28728,38928.57722
28729,39200.12747
28730,39474.76172
28731,39752.39861
28732,40032.95587
28733,40316.35035
28734,40602.49809
28735,40891.31429
28736,41182.71337
28737,41476.60898
28738,41772.91403
28739,42071.54073
28740,42372.40058
28741,42675.40443
28742,42980.4625
28743,43287.48438
28744,43596.37911
28745,43907.05515
28746,44219.42044
28747,44533.38242
28748,44848.84805
28749,45165.72386
28750,45483.91595
28751,45803.33004
28752,46123.87146
28753,46445.44525
28754,46767.9561
28755,47091.30846
28756,47415.40651
28757,47740.1542
28758,48065.45532
28759,48391.21347
28760,48717.33211
28761,49043.71461
28762,49370.26426
28763,49696.88429
28764,50023.47792
28765,50349.94838
28766,50676.19891
28767,51002.13285
28768,51327.65362
28769,51652.66476
28770,51977.06995
28771,52300.77308
28772,52623.67821
28773,52945.68967
28774,53266.71204
28775,53586.65019
28776,53905.40932
28777,54222.89497
28778,54539.01307
28779,54853.66993
28780,55166.77233
28781,55478.22748
28782,55787.9431
28783,56095.8274
28784,56401.78915
28785,56705.7377
28786,57007.58297
28787,57307.23552
28788,57604.60656
28789,57899.60797
28790,58192.15233
28791,58482.15296
28792,58769.52392
28793,59054.18007
28794,59336.03705
28795,59615.01133
28796,59891.02026
28797,60163.98205
28798,60433.8158
28799,60700.44157
28800,60963.78035
28801,61223.75411
28802,61480.2858
28803,61733.29941
28804,61982.71998
28805,62228.47358
28806,62470.48741
28807,62708.68973
28808,62943.00998
28809,63173.37872
28810,63399.72767
28811,63621.98978
28812,63840.09918
28813,64053.99124
28814,64263.60257
28815,64468.87107
28816,64669.73591
28817,64866.13757
28818,65058.01785
28819,65245.3199
28820,65427.98821
28821,65605.96865
28822,65779.20848
28823,65947.65638
28824,66111.26242
28825,66269.97812
28826,66423.75646
28827,66572.55186
28828,66716.32023
28829,66855.01898
28830,66988.60701
28831,67117.04472
28832,67240.29406
28833,67358.31851
28834,67471.08309
28835,67578.55439
28836,67680.70057
28837,67777.49135
28838,67868.89806
28839,67954.89361
28840,68035.45251
28841,68110.5509
28842,68180.16652
28843,68244.27875
28844,68302.86858
28845,68355.91865
28846,68403.41325
28847,68445.3383
28848,68481.68138
28849,68512.43171
28850,68537.58019
28851,68557.11937
28852,68571.04345
28853,68579.34831
28854,68582.03148
28855,68579.09218
28856,68570.53127
28857,68556.35129
28858,68536.55644
28859,68511.15259
28860,68480.14726
28861,68443.54965
28862,68401.3706
28863,68353.6226
28864,68300.3198
28865,68241.47801
28866,68177.11465
28867,68107.2488
28868,68031.90115
28869,67951.09405
28870,67864.85143
28871,67773.19885
28872,67676.16346
28873,67573.77403
28874,67466.06088
28875,67353.05594
28876,67234.7927
28877,67111.3062
28878,66982.63302
28879,66848.81131
28880,66709.8807
28881,66565.88238
28882,66416.85901
28883,66262.85475
28884,66103.91523
28885,65940.08755
28886,65771.42027
28887,65597.96334
28888,65419.76819
28889,65236.8876
28890,65049.37577
28891,64857.28827
28892,64660.68201
28893,64459.61526
28894,64254.14759
28895,64044.33988
28896,63830.25432
28897,63611.95433
28898,63389.5046
28899,63162.97105
28900,62932.42081
28901,62697.9222
28902,62459.54469
28903,62217.35893
28904,61971.43669
28905,61721.85082
28906,61468.6753
28907,61211.98515
28908,60951.85642
28909,60688.36619
28910,60421.59255
28911,60151.61455
28912,59878.51219
28913,59602.36639
28914,59323.25898
28915,59041.27266
28916,58756.491
28917,58468.99838
28918,58178.88
28919,57886.22181
28920,57591.11055
28921,57293.63365
28922,56993.87928
28923,56691.93624
28924,56387.89402
28925,56081.84271
28926,55773.873
28927,55464.07614
28928,55152.54393
28929,54839.3687
28930,54524.64324
28931,54208.4608
28932,53890.91509
28933,53572.10019
28934,53252.11059
28935,52931.04109
28936,52608.98684
28937,52286.04327
28938,51962.30607
28939,51637.87119
28940,51312.83474
28941,50987.29305
28942,50661.34259
28943,50335.07993
28944,50008.60176
28945,49682.00482
28946,49355.38589
28947,49028.84175
28948,48702.46917
28949,48376.36485
28950,48050.62543
28951,47725.34743
28952,47400.62724
28953,47076.56107
28954,46753.24497
28955,46430.77473
28956,46109.2459
28957,45788.75377
28958,45469.3933
28959,45151.25913
28960,44834.44552
28961,44519.04635
28962,44205.1551
28963,43892.86475
28964,43582.26786
28965,43273.45647
28966,42966.52207
28967,42661.55563
28968,42358.6475
28969,42057.88745
28970,41759.3646
28971,41463.1674
28972,41169.38363
28973,40878.10035
28974,40589.40386
28975,40303.37971
28976,40020.11265
28977,39739.68664
28978,39462.18475
28979,39187.68922
28980,38916.2814
28981,38648.0417
28982,38383.04961
28983,38121.38365
28984,37863.12136
28985,37608.33927
28986,37357.11287
28987,37109.51662
28988,36865.62387
28989,36625.5069
28990,36389.23686
28991,36156.88376
28992,35928.51646
28993,35704.20262
28994,35484.00871
28995,35267.99998
28996,35056.24044
28997,34848.79284
28998,34645.71865
28999,34447.07804
29000,34252.92988
29001,34063.33169
29002,33878.33966
29003,33698.00861
29004,33522.39196
29005,33351.54177
29006,33185.50865
29007,33024.34181
29008,32868.08901
29009,32716.79653
29010,32570.50922
29011,32429.27043
29012,32293.122
29013,32162.10428
29014,32036.25609
29015,31915.61473
29016,31800.21594
29017,31690.09392
29018,31585.2813
29019,31485.80913
29020,31391.7069
29021,31303.00249
29022,31219.72218
29023,31141.89065
29024,31069.53096
29025,31002.66456
29026,30941.31126
29027,30885.48924
29028,30835.21504
29029,30790.50356
29030,30751.36805
29031,30717.8201
29032,30689.86966
29033,30667.525
29034,30650.79275
29035,30639.67787
29036,30634.18365
29037,30634.31172
29038,30640.06204
29039,30651.43291
29040,30668.42095
29041,30691.02114
29042,30719.22677
29043,30753.02949
29044,30792.41928
29045,30837.38448
29046,30887.91175
29047,30943.98612
29048,31005.59098
29049,31072.70807
29050,31145.3175
29051,31223.39777
29052,31306.92573
29053,31395.87662
29054,31490.2241
29055,31589.94021
29056,31694.99539
29057,31805.35852
29058,31920.99689
29059,32041.87624
29060,32167.96075
29061,32299.21306
29062,32435.59427
29063,32577.06397
29064,32723.58024
29065,32875.09967
29066,33031.57736
29067,33192.96693
29068,33359.22057
29069,33530.28902
29070,33706.12157
29071,33886.66613
29072,34071.86919
29073,34261.67589
29074,34456.02997
29075,34654.87384
29076,34858.14858
29077,35065.79396
29078,35277.74845
29079,35493.94924
29080,35714.33226
29081,35938.83221
29082,36167.38257
29083,36399.91561
29084,36636.36243
29085,36876.65296
29086,37120.716
29087,37368.47924
29088,37619.86924
29089,37874.81152
29090,38133.23054
29091,38395.04971
29092,38660.19146
29093,38928.57722
29094,39200.12747
29095,39474.76172
29096,39752.39861
29097,40032.95587
29098,40316.35035
29099,40602.49809
29100,40891.31429
29101,41182.71337
29102,41476.60898
29103,41772.91403
29104,42071.54073
29105,42372.40058
29106,42675.40443
29107,42980.4625
29108,43287.48438
29109,43596.37911
29110,43907.05515
29111,44219.42044
29112,44533.38242
29113,44848.84805
29114,45165.72386
29115,45483.91595
29116,45803.33004
29117,46123.87146
29118,46445.44525
29119,46767.9561
29120,47091.30846
29121,47415.40651
29122,47740.1542
29123,48065.45532
29124,48391.21347
29125,48717.33211
29126,49043.71461
29127,49370.26426
29128,49696.88429
29129,50023.47792
29130,50349.94838
29131,50676.19891
29132,51002.13285
29133,51327.65362
29134,51652.66476
29135,51977.06995
29136,52300.77308
29137,52623.67821
29138,52945.68967
29139,53266.71204
29140,53586.65019
29141,53905.40932
29142,54222.89497
29143,54539.01307
29144,54853.66993
29145,55166.77233
29146,55478.22748
29147,55787.9431
29148,56095.8274
29149,56401.78915
29150,56705.7377
29151,57007.58297
29152,57307.23552
29153,57604.60656
29154,57899.60797
29155,58192.15233
29156,58482.15296
29157,58769.52392
29158,59054.18007
29159,59336.03705
29160,59615.01133
29161,59891.02026
29162,60163.98205
29163,60433.8158
29164,60700.44157
29165,60963.78035
29166,61223.75411
29167,61480.2858
29168,61733.29941
29169,61982.71998
29170,62228.47358
29171,62470.48741
29172,62708.68973
29173,62943.00998
29174,63173.37872
29175,63399.72767
29176,63621.98978
29177,63840.09918
29178,64053.99124
29179,64263.60257
29180,64468.87107
29181,64669.73591
29182,64866.13757
29183,65058.01785
29184,65245.3199
29185,65427.98821
29186,65605.96865
29187,65779.20848
29188,65947.65638
29189,66111.26242
29190,66269.97812
29191,66423.75646
29192,66572.55186
29193,66716.32023
29194,66855.01898
29195,66988.60701
29196,67117.04472
29197,67240.29406
29198,67358.31851
29199,67471.08309
29200,67578.55439
29201,67680.70057
29202,67777.49135
29203,67868.89806
29204,67954.89361
29205,68035.45251
29206,68110.5509
29207,68180.16652
29208,68244.27875
29209,68302.86858
29210,68355.91865
29211,68403.41325
29212,68445.3383
29213,68481.68138
29214,68512.43171
29215,68537.58019
29216,68557.11937
29217,68571.04345
29218,68579.34831
29219,68582.03148
29220,68579.09218
29221,68570.53127
29222,68556.35129
29223,68536.55644
29224,68511.15259
29225,68480.14726
29226,68443.54965
29227,68401.3706
29228,68353.6226
29229,68300.3198
29230,68241.47801
29231,68177.11465
29232,68107.2488
29233,68031.90115
29234,67951.09405
29235,67864.85143
29236,67773.19885
29237,67676.16346
29238,67573.77403
29239,67466.06088
29240,67353.05594
29241,67234.7927
29242,67111.3062
29243,66982.63302
29244,66848.81131
29245,66709.8807
29246,66565.88238
29247,66416.85901
29248,66262.85475
29249,66103.91523
29250,65940.08755
29251,65771.42027
29252,65597.96334
29253,65419.76819
29254,65236.8876
29255,65049.37577
29256,64857.28827
29257,64660.68201
29258,64459.61526
29259,64254.14759
29260,64044.33988
29261,63830.25432
29262,63611.95433
29263,63389.5046
29264,63162.97105
29265,62932.42081
29266,62697.9222
29267,62459.54469
29268,62217.35893
29269,61971.43669
29270,61721.85082
29271,61468.6753
29272,61211.98515
29273,60951.85642
29274,60688.36619
29275,60421.59255
29276,60151.61455
29277,59878.51219
29278,59602.36639
29279,59323.25898
29280,59041.27266
29281,58756.491
29282,58468.99838
29283,58178.88
29284,57886.22181
29285,57591.11055
29286,57293.63365
29287,56993.87928
29288,56691.93624
29289,56387.89402
29290,56081.84271
29291,55773.873
29292,55464.07614
29293,55152.54393
29294,54839.3687
29295,54524.64324
29296,54208.4608
29297,53890.91509
29298,53572.10019
29299,53252.11059
29300,52931.04109
29301,52608.98684
29302,52286.04327
29303,51962.30607
29304,51637.87119
29305,51312.83474
29306,50987.29305
29307,50661.34259
29308,50335.07993
29309,50008.60176
29310,49682.00482
29311,49355.38589
29312,49028.84175
29313,48702.46917
29314,48376.36485
29315,48050.62543
29316,47725.34743
29317,47400.62724
29318,47076.56107
29319,46753.24497
29320,46430.77473
29321,46109.2459
29322,45788.75377
29323,45469.3933
29324,45151.25913
29325,44834.44552
29326,44519.04635
29327,44205.1551
29328,43892.86475
29329,43582.26786
29330,43273.45647
29331,42966.52207
29332,42661.55563
29333,42358.6475
29334,42057.88745
29335,41759.3646
29336,41463.1674
29337,41169.38363
29338,40878.10035
29339,40589.40386
29340,40303.37971
29341,40020.11265
29342,39739.68664
29343,39462.18475
29344,39187.68922
29345,38916.2814
29346,38648.0417
29347,38383.04961
29348,38121.38365
29349,37863.12136
29350,37608.33927
29351,37357.11287
29352,37109.51662
29353,36865.62387
29354,36625.5069
29355,36389.23686
29356,36156.88376
29357,35928.51646
29358,35704.20262
29359,35484.00871
29360,35267.99998
29361,35056.24044
29362,34848.79284
29363,34645.71865
29364,34447.07804
29365,34252.92988
29366,34063.33169
29367,33878.33966
29368,33698.00861
29369,33522.39196
29370,33351.54177
29371,33185.50865
29372,33024.34181
29373,32868.08901
29374,32716.79653
29375,32570.50922
29376,32429.27043
29377,32293.122
29378,32162.10428
29379,32036.25609
29380,31915.61473
29381,31800.21594
29382,31690.09392
29383,31585.2813
29384,31485.80913
29385,31391.7069
29386,31303.00249
29387,31219.72218
29388,31141.89065
29389,31069.53096
29390,31002.66456
29391,30941.31126
29392,30885.48924
29393,30835.21504
29394,30790.50356
29395,30751.36805
29396,30717.8201
29397,30689.86966
29398,30667.525
29399,30650.79275
29400,30639.67787
29401,30634.18365
29402,30634.31172
29403,30640.06204
29404,30651.43291
29405,30668.42095
29406,30691.02114
29407,30719.22677
29408,30753.02949
29409,30792.41928
29410,30837.38448
29411,30887.91175
29412,30943.98612
29413,31005.59098
29414,31072.70807
29415,31145.3175
29416,31223.39777
29417,31306.92573
29418,31395.87662
29419,31490.2241
29420,31589.94021
29421,31694.99539
29422,31805.35852
29423,31920.99689
29424,32041.87624
29425,32167.96075
29426,32299.21306
29427,32435.59427
29428,32577.06397
29429,32723.58024
29430,32875.09967
29431,33031.57736
29432,33192.96693
29433,33359.22057
29434,33530.28902
29435,33706.12157
29436,33886.66613
29437,34071.86919
29438,34261.67589
29439,34456.02997
29440,34654.87384
29441,34858.14858
29442,35065.79396
29443,35277.74845
29444,35493.94924
29445,35714.33226
29446,35938.83221
29447,36167.38257
29448,36399.91561
29449,36636.36243
29450,36876.65296
29451,37120.716
29452,37368.47924
29453,37619.86924
29454,37874.81152
29455,38133.23054
29456,38395.04971
29457,38660.19146
29458,38928.57722
29459,39200.12747
29460,39474.76172
29461,39752.39861
29462,40032.95587
29463,40316.35035
29464,40602.49809
29465,40891.31429
29466,41182.71337
29467,41476.60898
29468,41772.91403
29469,42071.54073
29470,42372.40058
29471,42675.40443
29472,42980.4625
29473,43287.48438
29474,43596.37911
29475,43907.05515
29476,44219.42044
29477,44533.38242
29478,44848.84805
29479,45165.72386
29480,45483.91595
29481,45803.33004
29482,46123.87146
29483,46445.44525
29484,46767.9561
29485,47091.30846
29486,47415.40651
29487,47740.1542
29488,48065.45532
29489,48391.21347
29490,48717.33211
29491,49043.71461
29492,49370.26426
29493,49696.88429
29494,50023.47792
29495,50349.94838
29496,50676.19891
29497,51002.13285
29498,51327.65362
29499,51652.66476
29500,51977.06995
29501,52300.77308
29502,52623.67821
29503,52945.68967
29504,53266.71204
29505,53586.65019
29506,53905.40932
29507,54222.89497
29508,54539.01307
29509,54853.66993
29510,55166.77233
29511,55478.22748
29512,55787.9431
29513,56095.8274
29514,56401.78915
29515,56705.7377
29516,57007.58297
29517,57307.23552
29518,57604.60656
29519,57899.60797
29520,58192.15233
29521,58482.15296
29522,58769.52392
29523,59054.18007
29524,59336.03705
29525,59615.01133
29526,59891.02026
29527,60163.98205
29528,60433.8158
29529,60700.44157
29530,60963.78035
29531,61223.75411
29532,61480.2858
29533,61733.29941
29534,61982.71998
29535,62228.47358
29536,62470.48741
29537,62708.68973
29538,62943.00998
29539,63173.37872
29540,63399.72767
29541,63621.98978
29542,63840.09918
29543,64053.99124
29544,64263.60257
29545,64468.87107
29546,64669.73591
29547,64866.13757
29548,65058.01785
29549,65245.3199
29550,65427.98821
29551,65605.96865
29552,65779.20848
29553,65947.65638
29554,66111.26242
29555,66269.97812
29556,66423.75646
29557,66572.55186
29558,66716.32023
29559,66855.01898
29560,66988.60701
29561,67117.04472
29562,67240.29406
29563,67358.31851
29564,67471.08309
29565,67578.55439
29566,67680.70057
29567,67777.49135
29568,67868.89806
29569,67954.89361
29570,68035.45251
29571,68110.5509
29572,68180.16652
29573,68244.27875
29574,68302.86858
29575,68355.91865
29576,68403.41325
29577,68445.3383
29578,68481.68138
29579,68512.43171
29580,68537.58019
29581,68557.11937
29582,68571.04345
29583,68579.34831
29584,68582.03148
29585,68579.09218
29586,68570.53127
29587,68556.35129
29588,68536.55644
29589,68511.15259
29590,68480.14726
29591,68443.54965
29592,68401.3706
29593,68353.6226
29594,68300.3198
29595,68241.47801
29596,68177.11465
29597,68107.2488
29598,68031.90115
29599,67951.09405
29600,67864.85143
29601,67773.19885
29602,67676.16346
29603,67573.77403
29604,67466.06088
29605,67353.05594
29606,67234.7927
29607,67111.3062
29608,66982.63302
29609,66848.81131
29610,66709.8807
29611,66565.88238
29612,66416.85901
29613,66262.85475
29614,66103.91523
29615,65940.08755
29616,65771.42027
29617,65597.96334
29618,65419.76819
29619,65236.8876
29620,65049.37577
29621,64857.28827
29622,64660.68201
29623,64459.61526
29624,64254.14759
29625,64044.33988
29626,63830.25432
29627,63611.95433
29628,63389.5046
29629,63162.97105
29630,62932.42081
29631,62697.9222
29632,62459.54469
29633,62217.35893
29634,61971.43669
29635,61721.85082
29636,61468.6753
29637,61211.98515
29638,60951.85642
29639,60688.36619
29640,60421.59255
29641,60151.61455
29642,59878.51219
29643,59602.36639
29644,59323.25898
29645,59041.27266
29646,58756.491
29647,58468.99838
29648,58178.88
29649,57886.22181
29650,57591.11055
29651,57293.63365
29652,56993.87928
29653,56691.93624
29654,56387.89402
29655,56081.84271
29656,55773.873
29657,55464.07614
29658,55152.54393
29659,54839.3687
29660,54524.64324
29661,54208.4608
29662,53890.91509
29663,53572.10019
29664,53252.11059
29665,52931.04109
29666,52608.98684
29667,52286.04327
29668,51962.30607
29669,51637.87119
29670,51312.83474
29671,50987.29305
29672,50661.34259
29673,50335.07993
29674,50008.60176
29675,49682.00482
29676,49355.38589
29677,49028.84175
29678,48702.46917
29679,48376.36485
29680,48050.62543
29681,47725.34743
29682,47400.62724
29683,47076.56107
29684,46753.24497
29685,46430.77473
29686,46109.2459
29687,45788.75377
29688,45469.3933
29689,45151.25913
29690,44834.44552
29691,44519.04635
29692,44205.1551
29693,43892.86475
29694,43582.26786
29695,43273.45647
29696,42966.52207
29697,42661.55563
29698,42358.6475
29699,42057.88745
29700,41759.3646
29701,41463.1674
29702,41169.38363
29703,40878.10035
29704,40589.40386
29705,40303.37971
29706,40020.11265
29707,39739.68664
29708,39462.18475
29709,39187.68922
29710,38916.2814
29711,38648.0417
29712,38383.04961
29713,38121.38365
29714,37863.12136
29715,37608.33927
29716,37357.11287
29717,37109.51662
29718,36865.62387
29719,36625.5069
29720,36389.23686
29721,36156.88376
29722,35928.51646
29723,35704.20262
29724,35484.00871
29725,35267.99998
29726,35056.24044
29727,34848.79284
29728,34645.71865
29729,34447.07804
29730,34252.92988
29731,34063.33169
29732,33878.33966
29733,33698.00861
29734,33522.39196
29735,33351.54177
29736,33185.50865
29737,33024.34181
29738,32868.08901
29739,32716.79653
29740,32570.50922
29741,32429.27043
29742,32293.122
29743,32162.10428
29744,32036.25609
29745,31915.61473
29746,31800.21594
29747,31690.09392
29748,31585.2813
29749,31485.80913
29750,31391.7069
29751,31303.00249
29752,31219.72218
29753,31141.89065
29754,31069.53096
29755,31002.66456
29756,30941.31126
29757,30885.48924
29758,30835.21504
29759,30790.50356
29760,30751.36805
29761,30717.8201
29762,30689.86966
29763,30667.525
29764,30650.79275
29765,30639.67787
29766,30634.18365
29767,30634.31172
29768,30640.06204
29769,30651.43291
29770,30668.42095
29771,30691.02114
29772,30719.22677
29773,30753.02949
29774,30792.41928
29775,30837.38448
29776,30887.91175
29777,30943.98612
29778,31005.59098
29779,31072.70807
29780,31145.3175
29781,31223.39777
29782,31306.92573
29783,31395.87662
29784,31490.2241
29785,31589.94021
29786,31694.99539
29787,31805.35852
29788,31920.99689
29789,32041.87624
29790,32167.96075
29791,32299.21306
29792,32435.59427
29793,32577.06397
29794,32723.58024
29795,32875.09967
29796,33031.57736
29797,33192.96693
29798,33359.22057
29799,33530.28902
29800,33706.12157
29801,33886.66613
29802,34071.86919
29803,34261.67589
29804,34456.02997
29805,34654.87384
29806,34858.14858
29807,35065.79396
29808,35277.74845
29809,35493.94924
29810,35714.33226
29811,35938.83221
29812,36167.38257
29813,36399.91561
29814,36636.36243
29815,36876.65296
29816,37120.716
29817,37368.47924
29818,37619.86924
29819,37874.81152
29820,38133.23054
29821,38395.04971
29822,38660.19146
29823,38928.57722
29824,39200.12747
29825,39474.76172
29826,39752.39861
29827,40032.95587
29828,40316.35035
29829,40602.49809
29830,40891.31429
29831,41182.71337
29832,41476.60898
29833,41772.91403
29834,42071.54073
29835,42372.40058
29836,42675.40443
29837,42980.4625
29838,43287.48438
29839,43596.37911
29840,43907.05515
29841,44219.42044
29842,44533.38242
29843,44848.84805
29844,45165.72386
29845,45483.91595
29846,45803.33004
29847,46123.87146
29848,46445.44525
29849,46767.9561
29850,47091.30846
29851,47415.40651
29852,47740.1542
29853,48065.45532
29854,48391.21347
29855,48717.33211
29856,49043.71461
29857,49370.26426
29858,49696.88429
29859,50023.47792
29860,50349.94838
29861,50676.19891
29862,51002.13285
29863,51327.65362
29864,51652.66476
29865,51977.06995
29866,52300.77308
29867,52623.67821
29868,52945.68967
29869,53266.71204
29870,53586.65019
29871,53905.40932
29872,54222.89497
29873,54539.01307
29874,54853.66993
29875,55166.77233
29876,55478.22748
29877,55787.9431
29878,56095.8274
29879,56401.78915
29880,56705.7377
29881,57007.58297
29882,57307.23552
29883,57604.60656
29884,57899.60797
29885,58192.15233
29886,58482.15296
29887,58769.52392
29888,59054.18007
29889,59336.03705
29890,59615.01133
29891,59891.02026
29892,60163.98205
29893,60433.8158
29894,60700.44157
29895,60963.78035
29896,61223.75411
29897,61480.2858
29898,61733.29941
29899,61982.71998
29900,62228.47358
29901,62470.48741
29902,62708.68973
29903,62943.00998
29904,63173.37872
29905,63399.72767
29906,63621.98978
29907,63840.09918
29908,64053.99124
29909,64263.60257
29910,64468.87107
29911,64669.73591
29912,64866.13757
29913,65058.01785
29914,65245.3199
29915,65427.98821
29916,65605.96865
29917,65779.20848
29918,65947.65638
29919,66111.26242
29920,66269.97812
29921,66423.75646
29922,66572.55186
29923,66716.32023
29924,66855.01898
29925,66988.60701
29926,67117.04472
29927,67240.29406
29928,67358.31851
29929,67471.08309
29930,67578.55439
29931,67680.70057
29932,67777.49135
29933,67868.89806
29934,67954.89361
29935,68035.45251
29936,68110.5509
29937,68180.16652
29938,68244.27875
29939,68302.86858
29940,68355.91865
29941,68403.41325
29942,68445.3383
29943,68481.68138
29944,68512.43171
29945,68537.58019
29946,68557.11937
29947,68571.04345
29948,68579.34831
29949,68582.03148
29950,68579.09218
29951,68570.53127
29952,68556.35129
29953,68536.55644
29954,68511.15259
29955,68480.14726
29956,68443.54965
29957,68401.3706
29958,68353.6226
29959,68300.3198
29960,68241.47801
29961,68177.11465
29962,68107.2488
29963,68031.90115
29964,67951.09405
29965,67864.85143
29966,67773.19885
29967,67676.16346
29968,67573.77403
29969,67466.06088
29970,67353.05594
29971,67234.7927
29972,67111.3062
29973,66982.63302
29974,66848.81131
29975,66709.8807
29976,66565.88238
29977,66416.85901
29978,66262.85475
29979,66103.91523
29980,65940.08755
29981,65771.42027
29982,65597.96334
29983,65419.76819
29984,65236.8876
29985,65049.37577
29986,64857.28827
29987,64660.68201
29988,64459.61526
29989,64254.14759
29990,64044.33988
29991,63830.25432
29992,63611.95433
29993,63389.5046
29994,63162.97105
29995,62932.42081
29996,62697.9222
29997,62459.54469
29998,62217.35893
29999,61971.43669
30000,61721.85082
30001,61468.6753
30002,61211.98515
30003,60951.85642
30004,60688.36619
30005,60421.59255
30006,60151.61455
30007,59878.51219
30008,59602.36639
30009,59323.25898
30010,59041.27266
30011,58756.491
30012,58468.99838
30013,58178.88
30014,57886.22181
30015,57591.11055
30016,57293.63365
30017,56993.87928
30018,56691.93624
30019,56387.89402
30020,56081.84271
30021,55773.873
30022,55464.07614
30023,55152.54393
30024,54839.3687
30025,54524.64324
30026,54208.4608
30027,53890.91509
30028,53572.10019
30029,53252.11059
30030,52931.04109
30031,52608.98684
30032,52286.04327
30033,51962.30607
30034,51637.87119
30035,51312.83474
30036,50987.29305
30037,50661.34259
30038,50335.07993
30039,50008.60176
30040,49682.00482
30041,49355.38589
30042,49028.84175
30043,48702.46917
30044,48376.36485
30045,48050.62543
30046,47725.34743
30047,47400.62724
30048,47076.56107
30049,46753.24497
30050,46430.77473
30051,46109.2459
30052,45788.75377
30053,45469.3933
30054,45151.25913
30055,44834.44552
30056,44519.04635
30057,44205.1551
30058,43892.86475
30059,43582.26786
30060,43273.45647
30061,42966.52207
30062,42661.55563
30063,42358.6475
30064,42057.88745
30065,41759.3646
30066,41463.1674
30067,41169.38363
30068,40878.10035
30069,40589.40386
30070,40303.37971
30071,40020.11265
30072,39739.68664
30073,39462.18475
30074,39187.68922
30075,38916.2814
30076,38648.0417
30077,38383.04961
30078,38121.38365
30079,37863.12136
30080,37608.33927
30081,37357.11287
30082,37109.51662
30083,36865.62387
30084,36625.5069
30085,36389.23686
30086,36156.88376
30087,35928.51646
30088,35704.20262
30089,35484.00871
30090,35267.99998
30091,35056.24044
30092,34848.79284
30093,34645.71865
30094,34447.07804
30095,34252.92988
30096,34063.33169
30097,33878.33966
30098,33698.00861
30099,33522.39196
30100,33351.54177
30101,33185.50865
30102,33024.34181
30103,32868.08901
30104,32716.79653
30105,32570.50922
30106,32429.27043
30107,32293.122
30108,32162.10428
30109,32036.25609
30110,31915.61473
30111,31800.21594
30112,31690.09392
30113,31585.2813
30114,31485.80913
30115,31391.7069
30116,31303.00249
30117,31219.72218
30118,31141.89065
30119,31069.53096
30120,31002.66456
30121,30941.31126
30122,30885.48924
30123,30835.21504
30124,30790.50356
30125,30751.36805
30126,30717.8201
30127,30689.86966
30128,30667.525
30129,30650.79275
30130,30639.67787
30131,30634.18365
30132,30634.31172
30133,30640.06204
30134,30651.43291
30135,30668.42095
30136,30691.02114
30137,30719.22677
30138,30753.02949
30139,30792.41928
30140,30837.38448
30141,30887.91175
30142,30943.98612
30143,31005.59098
30144,31072.70807
30145,31145.3175
30146,31223.39777
30147,31306.92573
30148,31395.87662
30149,31490.2241
30150,31589.94021
30151,31694.99539
30152,31805.35852
30153,31920.99689
30154,32041.87624
30155,32167.96075
30156,32299.21306
30157,32435.59427
30158,32577.06397
30159,32723.58024
30160,32875.09967
30161,33031.57736
30162,33192.96693
30163,33359.22057
30164,33530.28902
30165,33706.12157
30166,33886.66613
30167,34071.86919
30168,34261.67589
30169,34456.02997
30170,34654.87384
30171,34858.14858
30172,35065.79396
30173,35277.74845
30174,35493.94924
30175,35714.33226
30176,35938.83221
30177,36167.38257
30178,36399.91561
30179,36636.36243
30180,36876.65296
30181,37120.716
30182,37368.47924
30183,37619.86924
30184,37874.81152
30185,38133.23054
30186,38395.04971
30187,38660.19146
30188,38928.57722
30189,39200.12747
30190,39474.76172
30191,39752.39861
30192,40032.95587
30193,40316.35035
30194,40602.49809
30195,40891.31429
30196,41182.71337
30197,41476.60898
30198,41772.91403
30199,42071.54073
30200,42372.40058
30201,42675.40443
30202,42980.4625
30203,43287.48438
30204,43596.37911
30205,43907.05515
30206,44219.42044
30207,44533.38242
30208,44848.84805
30209,45165.72386
30210,45483.91595
30211,45803.33004
30212,46123.87146
30213,46445.44525
30214,46767.9561
30215,47091.30846
30216,47415.40651
30217,47740.1542
30218,48065.45532
30219,48391.21347
30220,48717.33211
30221,49043.71461
30222,49370.26426
30223,49696.88429
30224,50023.47792
30225,50349.94838
30226,50676.19891
30227,51002.13285
30228,51327.65362
30229,51652.66476
30230,51977.06995
30231,52300.77308
30232,52623.67821
30233,52945.68967
30234,53266.71204
30235,53586.65019
30236,53905.40932
30237,54222.89497
30238,54539.01307
30239,54853.66993
30240,55166.77233
30241,55478.22748
30242,55787.9431
30243,56095.8274
30244,56401.78915
30245,56705.7377
30246,57007.58297
30247,57307.23552
30248,57604.60656
30249,57899.60797
30250,58192.15233
30251,58482.15296
30252,58769.52392
30253,59054.18007
30254,59336.03705
30255,59615.01133
30256,59891.02026
30257,60163.98205
30258,60433.8158
30259,60700.44157
30260,60963.78035
30261,61223.75411
30262,61480.2858
30263,61733.29941
30264,61982.71998
30265,62228.47358
30266,62470.48741
30267,62708.68973
30268,62943.00998
30269,63173.37872
30270,63399.72767
30271,63621.98978
30272,63840.09918
30273,64053.99124
30274,64263.60257
30275,64468.87107
30276,64669.73591
30277,64866.13757
30278,65058.01785
30279,65245.3199
30280,65427.98821
30281,65605.96865
30282,65779.20848
30283,65947.65638
30284,66111.26242
30285,66269.97812
30286,66423.75646
30287,66572.55186
30288,66716.32023
30289,66855.01898
30290,66988.60701
30291,67117.04472
30292,67240.29406
30293,67358.31851
30294,67471.08309
30295,67578.55439
30296,67680.70057
30297,67777.49135
30298,67868.89806
30299,67954.89361
30300,68035.45251
30301,68110.5509
30302,68180.16652
30303,68244.27875
30304,68302.86858
30305,68355.91865
30306,68403.41325
30307,68445.3383
30308,68481.68138
30309,68512.43171
30310,68537.58019
30311,68557.11937
30312,68571.04345
30313,68579.34831
30314,68582.03148
30315,68579.09218
30316,68570.53127
30317,68556.35129
30318,68536.55644
30319,68511.15259
30320,68480.14726
30321,68443.54965
30322,68401.3706
30323,68353.6226
30324,68300.3198
30325,68241.47801
30326,68177.11465
30327,68107.2488
30328,68031.90115
30329,67951.09405
30330,67864.85143
30331,67773.19885
30332,67676.16346
30333,67573.77403
30334,67466.06088
30335,67353.05594
30336,67234.7927
30337,67111.3062
30338,66982.63302
30339,66848.81131
30340,66709.8807
30341,66565.88238
30342,66416.85901
30343,66262.85475
30344,66103.91523
30345,65940.08755
30346,65771.42027
30347,65597.96334
30348,65419.76819
30349,65236.8876
30350,65049.37577
30351,64857.28827
30352,64660.68201
30353,64459.61526
30354,64254.14759
30355,64044.33988
30356,63830.25432
30357,63611.95433
30358,63389.5046
30359,63162.97105
30360,62932.42081
30361,62697.9222
30362,62459.54469
30363,62217.35893
30364,61971.43669
30365,61721.85082
30366,61468.6753
30367,61211.98515
30368,60951.85642
30369,60688.36619
30370,60421.59255
30371,60151.61455
30372,59878.51219
30373,59602.36639
30374,59323.25898
30375,59041.27266
30376,58756.491
30377,58468.99838
30378,58178.88
30379,57886.22181
30380,57591.11055
30381,57293.63365
30382,56993.87928
30383,56691.93624
30384,56387.89402
30385,56081.84271
30386,55773.873
30387,55464.07614
30388,55152.54393
30389,54839.3687
30390,54524.64324
30391,54208.4608
30392,53890.91509
30393,53572.10019
30394,53252.11059
30395,52931.04109
30396,52608.98684
30397,52286.04327
30398,51962.30607
30399,51637.87119
30400,51312.83474
30401,50987.29305
30402,50661.34259
30403,50335.07993
30404,50008.60176
30405,49682.00482
30406,49355.38589
30407,49028.84175
30408,48702.46917
30409,48376.36485
30410,48050.62543
30411,47725.34743
30412,47400.62724
30413,47076.56107
30414,46753.24497
30415,46430.77473
30416,46109.2459
30417,45788.75377
30418,45469.3933
30419,45151.25913
30420,44834.44552
30421,44519.04635
30422,44205.1551
30423,43892.86475
30424,43582.26786
30425,43273.45647
30426,42966.52207
30427,42661.55563
30428,42358.6475
30429,42057.88745
30430,41759.3646
30431,41463.1674
30432,41169.38363
30433,40878.10035
30434,40589.40386
30435,40303.37971
30436,40020.11265
30437,39739.68664
30438,39462.18475
30439,39187.68922
30440,38916.2814
30441,38648.0417
30442,38383.04961
30443,38121.38365
30444,37863.12136
30445,37608.33927
30446,37357.11287
30447,37109.51662
30448,36865.62387
30449,36625.5069
30450,36389.23686
30451,36156.88376
30452,35928.51646
30453,35704.20262
30454,35484.00871
30455,35267.99998
30456,35056.24044
30457,34848.79284
30458,34645.71865
30459,34447.07804
30460,34252.92988
30461,34063.33169
30462,33878.33966
30463,33698.00861
30464,33522.39196
30465,33351.54177
30466,33185.50865
30467,33024.34181
30468,32868.08901
30469,32716.79653
30470,32570.50922
30471,32429.27043
30472,32293.122
30473,32162.10428
30474,32036.25609
30475,31915.61473
30476,31800.21594
30477,31690.09392
30478,31585.2813
30479,31485.80913
30480,31391.7069
30481,31303.00249
30482,31219.72218
30483,31141.89065
30484,31069.53096
30485,31002.66456
30486,30941.31126
30487,30885.48924
30488,30835.21504
30489,30790.50356
30490,30751.36805
30491,30717.8201
30492,30689.86966
30493,30667.525
30494,30650.79275
30495,30639.67787
30496,30634.18365
30497,30634.31172
30498,30640.06204
30499,30651.43291
30500,30668.42095
30501,30691.02114
30502,30719.22677
30503,30753.02949
30504,30792.41928
30505,30837.38448
30506,30887.91175
30507,30943.98612
30508,31005.59098
30509,31072.70807
30510,31145.3175
30511,31223.39777
30512,31306.92573
30513,31395.87662
30514,31490.2241
30515,31589.94021
30516,31694.99539
30517,31805.35852
30518,31920.99689
30519,32041.87624
30520,32167.96075
30521,32299.21306
30522,32435.59427
30523,32577.06397
30524,32723.58024
30525,32875.09967
30526,33031.57736
30527,33192.96693
30528,33359.22057
30529,33530.28902
30530,33706.12157
30531,33886.66613
30532,34071.86919
30533,34261.67589
30534,34456.02997
30535,34654.87384
30536,34858.14858
30537,35065.79396
30538,35277.74845
30539,35493.94924
30540,35714.33226
30541,35938.83221
30542,36167.38257
30543,36399.91561
30544,36636.36243
30545,36876.65296
30546,37120.716
30547,37368.47924
30548,37619.86924
30549,37874.81152
30550,38133.23054
30551,38395.04971
30552,38660.19146
30553,38928.57722
30554,39200.12747
30555,39474.76172
30556,39752.39861
30557,40032.95587
30558,40316.35035
30559,40602.49809
30560,40891.31429
30561,41182.71337
30562,41476.60898
30563,41772.91403
30564,42071.54073
30565,42372.40058
30566,42675.40443
30567,42980.4625
30568,43287.48438
30569,43596.37911
30570,43907.05515
30571,44219.42044
30572,44533.38242
30573,44848.84805
30574,45165.72386
30575,45483.91595
30576,45803.33004
30577,46123.87146
30578,46445.44525
30579,46767.9561
30580,47091.30846
30581,47415.40651
30582,47740.1542
30583,48065.45532
30584,48391.21347
30585,48717.33211
30586,49043.71461
30587,49370.26426
30588,49696.88429
30589,50023.47792
30590,50349.94838
30591,50676.19891
30592,51002.13285
30593,51327.65362
30594,51652.66476
30595,51977.06995
30596,52300.77308
30597,52623.67821
30598,52945.68967
30599,53266.71204
30600,53586.65019
30601,53905.40932
30602,54222.89497
30603,54539.01307
30604,54853.66993
30605,55166.77233
30606,55478.22748
30607,55787.9431
30608,56095.8274
30609,56401.78915
30610,56705.7377
30611,57007.58297
30612,57307.23552
30613,57604.60656
30614,57899.60797
30615,58192.15233
30616,58482.15296
30617,58769.52392
30618,59054.18007
30619,59336.03705
30620,59615.01133
30621,59891.02026
30622,60163.98205
30623,60433.8158
30624,60700.44157
30625,60963.78035
30626,61223.75411
30627,61480.2858
30628,61733.29941
30629,61982.71998
30630,62228.47358
30631,62470.48741
30632,62708.68973
30633,62943.00998
30634,63173.37872
30635,63399.72767
30636,63621.98978
30637,63840.09918
30638,64053.99124
30639,64263.60257
30640,64468.87107
30641,64669.73591
30642,64866.13757
30643,65058.01785
30644,65245.3199
30645,65427.98821
30646,65605.96865
30647,65779.20848
30648,65947.65638
30649,66111.26242
30650,66269.97812
30651,66423.75646
30652,66572.55186
30653,66716.32023
30654,66855.01898
30655,66988.60701
30656,67117.04472
30657,67240.29406
30658,67358.31851
30659,67471.08309
30660,67578.55439
30661,67680.70057
30662,67777.49135
30663,67868.89806
30664,67954.89361
30665,68035.45251
30666,68110.5509
30667,68180.16652
30668,68244.27875
30669,68302.86858
30670,68355.91865
30671,68403.41325
30672,68445.3383
30673,68481.68138
30674,68512.43171
30675,68537.58019
30676,68557.11937
30677,68571.04345
30678,68579.34831
30679,68582.03148
30680,68579.09218
30681,68570.53127
30682,68556.35129
30683,68536.55644
30684,68511.15259
30685,68480.14726
30686,68443.54965
30687,68401.3706
30688,68353.6226
30689,68300.3198
30690,68241.47801
30691,68177.11465
30692,68107.2488
30693,68031.90115
30694,67951.09405
30695,67864.85143
30696,67773.19885
30697,67676.16346
30698,67573.77403
30699,67466.06088
30700,67353.05594
30701,67234.7927
30702,67111.3062
30703,66982.63302
30704,66848.81131
30705,66709.8807
30706,66565.88238
30707,66416.85901
30708,66262.85475
30709,66103.91523
30710,65940.08755
30711,65771.42027
30712,65597.96334
30713,65419.76819
30714,65236.8876
30715,65049.37577
30716,64857.28827
30717,64660.68201
30718,64459.61526
30719,64254.14759
30720,64044.33988
30721,63830.25432
30722,63611.95433
30723,63389.5046
30724,63162.97105
30725,62932.42081
30726,62697.9222
30727,62459.54469
30728,62217.35893
30729,61971.43669
30730,61721.85082
30731,61468.6753
30732,61211.98515
30733,60951.85642
30734,60688.36619
30735,60421.59255
30736,60151.61455
30737,59878.51219
30738,59602.36639
30739,59323.25898
30740,59041.27266
30741,58756.491
30742,58468.99838
30743,58178.88
30744,57886.22181
30745,57591.11055
30746,57293.63365
30747,56993.87928
30748,56691.93624
30749,56387.89402
30750,56081.84271
30751,55773.873
30752,55464.07614
30753,55152.54393
30754,54839.3687
30755,54524.64324
30756,54208.4608
30757,53890.91509
30758,53572.10019
30759,53252.11059
30760,52931.04109
30761,52608.98684
30762,52286.04327
30763,51962.30607
30764,51637.87119
30765,51312.83474
30766,50987.29305
30767,50661.34259
30768,50335.07993
30769,50008.60176
30770,49682.00482
30771,49355.38589
30772,49028.84175
30773,48702.46917
30774,48376.36485
30775,48050.62543
30776,47725.34743
30777,47400.62724
30778,47076.56107
30779,46753.24497
30780,46430.77473
30781,46109.2459
30782,45788.75377
30783,45469.3933
30784,45151.25913
30785,44834.44552
30786,44519.04635
30787,44205.1551
30788,43892.86475
30789,43582.26786
30790,43273.45647
30791,42966.52207
30792,42661.55563
30793,42358.6475
30794,42057.88745
30795,41759.3646
30796,41463.1674
30797,41169.38363
30798,40878.10035
30799,40589.40386
30800,40303.37971
30801,40020.11265
30802,39739.68664
30803,39462.18475
30804,39187.68922
30805,38916.2814
30806,38648.0417
30807,38383.04961
30808,38121.38365
30809,37863.12136
30810,37608.33927
30811,37357.11287
30812,37109.51662
30813,36865.62387
30814,36625.5069
30815,36389.23686
30816,36156.88376
30817,35928.51646
30818,35704.20262
30819,35484.00871
30820,35267.99998
30821,35056.24044
30822,34848.79284
30823,34645.71865
30824,34447.07804
30825,34252.92988
30826,34063.33169
30827,33878.33966
30828,33698.00861
30829,33522.39196
30830,33351.54177
30831,33185.50865
30832,33024.34181
30833,32868.08901
30834,32716.79653
30835,32570.50922
30836,32429.27043
30837,32293.122
30838,32162.10428
30839,32036.25609
30840,31915.61473
30841,31800.21594
30842,31690.09392
30843,31585.2813
30844,31485.80913
30845,31391.7069
30846,31303.00249
30847,31219.72218
30848,31141.89065
30849,31069.53096
30850,31002.66456
30851,30941.31126
30852,30885.48924
30853,30835.21504
30854,30790.50356
30855,30751.36805
30856,30717.8201
30857,30689.86966
30858,30667.525
30859,30650.79275
30860,30639.67787
30861,30634.18365
30862,30634.31172
30863,30640.06204
30864,30651.43291
30865,30668.42095
30866,30691.02114
30867,30719.22677
30868,30753.02949
30869,30792.41928
30870,30837.38448
30871,30887.91175
30872,30943.98612
30873,31005.59098
30874,31072.70807
30875,31145.3175
30876,31223.39777
30877,31306.92573
30878,31395.87662
30879,31490.2241
30880,31589.94021
30881,31694.99539
30882,31805.35852
30883,31920.99689
30884,32041.87624
30885,32167.96075
30886,32299.21306
30887,32435.59427
30888,32577.06397
30889,32723.58024
30890,32875.09967
30891,33031.57736
30892,33192.96693
30893,33359.22057
30894,33530.28902
30895,33706.12157
30896,33886.66613
30897,34071.86919
30898,34261.67589
30899,34456.02997
30900,34654.87384
30901,34858.14858
30902,35065.79396
30903,35277.74845
30904,35493.94924
30905,35714.33226
30906,35938.83221
30907,36167.38257
30908,36399.91561
30909,36636.36243
30910,36876.65296
30911,37120.716
30912,37368.47924
30913,37619.86924
30914,37874.81152
30915,38133.23054
30916,38395.04971
30917,38660.19146
30918,38928.57722
30919,39200.12747
30920,39474.76172
30921,39752.39861
30922,40032.95587
30923,40316.35035
30924,40602.49809
30925,40891.31429
30926,41182.71337
30927,41476.60898
30928,41772.91403
30929,42071.54073
30930,42372.40058
30931,42675.40443
30932,42980.4625
30933,43287.48438
30934,43596.37911
30935,43907.05515
30936,44219.42044
30937,44533.38242
30938,44848.84805
30939,45165.72386
30940,45483.91595
30941,45803.33004
30942,46123.87146
30943,46445.44525
30944,46767.9561
30945,47091.30846
30946,47415.40651
30947,47740.1542
30948,48065.45532
30949,48391.21347
30950,48717.33211
30951,49043.71461
30952,49370.26426
30953,49696.88429
30954,50023.47792
30955,50349.94838
30956,50676.19891
30957,51002.13285
30958,51327.65362
30959,51652.66476
30960,51977.06995
30961,52300.77308
30962,52623.67821
30963,52945.68967
30964,53266.71204
30965,53586.65019
30966,53905.40932
30967,54222.89497
30968,54539.01307
30969,54853.66993
30970,55166.77233
30971,55478.22748
30972,55787.9431
30973,56095.8274
30974,56401.78915
30975,56705.7377
30976,57007.58297
30977,57307.23552
30978,57604.60656
30979,57899.60797
30980,58192.15233
30981,58482.15296
30982,58769.52392
30983,59054.18007
30984,59336.03705
30985,59615.01133
30986,59891.02026
30987,60163.98205
30988,60433.8158
30989,60700.44157
30990,60963.78035
30991,61223.75411
30992,61480.2858
30993,61733.29941
30994,61982.71998
30995,62228.47358
30996,62470.48741
30997,62708.68973
30998,62943.00998
30999,63173.37872
31000,63399.72767
31001,63621.98978
31002,63840.09918
31003,64053.99124
31004,64263.60257
31005,64468.87107
31006,64669.73591
31007,64866.13757
31008,65058.01785
31009,65245.3199
31010,65427.98821
31011,65605.96865
31012,65779.20848
31013,65947.65638
31014,66111.26242
31015,66269.97812
31016,66423.75646
31017,66572.55186
31018,66716.32023
31019,66855.01898
31020,66988.60701
31021,67117.04472
31022,67240.29406
31023,67358.31851
31024,67471.08309
31025,67578.55439
31026,67680.70057
31027,67777.49135
31028,67868.89806
31029,67954.89361
31030,68035.45251
31031,68110.5509
31032,68180.16652
31033,68244.27875
31034,68302.86858
31035,68355.91865
31036,68403.41325
31037,68445.3383
31038,68481.68138
31039,68512.43171
31040,68537.58019
31041,68557.11937
31042,68571.04345
31043,68579.34831
31044,68582.03148
31045,68579.09218
31046,68570.53127
31047,68556.35129
31048,68536.55644
31049,68511.15259
31050,68480.14726
31051,68443.54965
31052,68401.3706
31053,68353.6226
31054,68300.3198
31055,68241.47801
31056,68177.11465
31057,68107.2488
31058,68031.90115
31059,67951.09405
31060,67864.85143
31061,67773.19885
31062,67676.16346
31063,67573.77403
31064,67466.06088
31065,67353.05594
31066,67234.7927
31067,67111.3062
31068,66982.63302
31069,66848.81131
31070,66709.8807
31071,66565.88238
31072,66416.85901
31073,66262.85475
31074,66103.91523
31075,65940.08755
31076,65771.42027
31077,65597.96334
31078,65419.76819
31079,65236.8876
31080,65049.37577
31081,64857.28827
31082,64660.68201
31083,64459.61526
31084,64254.14759
31085,64044.33988
31086,63830.25432
31087,63611.95433
31088,63389.5046
31089,63162.97105
31090,62932.42081
31091,62697.9222
31092,62459.54469
31093,62217.35893
31094,61971.43669
31095,61721.85082
31096,61468.6753
31097,61211.98515
31098,60951.85642
31099,60688.36619
31100,60421.59255
31101,60151.61455
31102,59878.51219
31103,59602.36639
31104,59323.25898
31105,59041.27266
31106,58756.491
31107,58468.99838
31108,58178.88
31109,57886.22181
31110,57591.11055
31111,57293.63365
31112,56993.87928
31113,56691.93624
31114,56387.89402
31115,56081.84271
31116,55773.873
31117,55464.07614
31118,55152.54393
31119,54839.3687
31120,54524.64324
31121,54208.4608
31122,53890.91509
31123,53572.10019
31124,53252.11059
31125,52931.04109
31126,52608.98684
31127,52286.04327
31128,51962.30607
31129,51637.87119
31130,51312.83474
31131,50987.29305
31132,50661.34259
31133,50335.07993
31134,50008.60176
31135,49682.00482
31136,49355.38589
31137,49028.84175
31138,48702.46917
31139,48376.36485
31140,48050.62543
31141,47725.34743
31142,47400.62724
31143,47076.56107
31144,46753.24497
31145,46430.77473
31146,46109.2459
31147,45788.75377
31148,45469.3933
31149,45151.25913
31150,44834.44552
31151,44519.04635
31152,44205.1551
31153,43892.86475
31154,43582.26786
31155,43273.45647
31156,42966.52207
31157,42661.55563
31158,42358.6475
31159,42057.88745
31160,41759.3646
31161,41463.1674
31162,41169.38363
31163,40878.10035
31164,40589.40386
31165,40303.37971
31166,40020.11265
31167,39739.68664
31168,39462.18475
31169,39187.68922
31170,38916.2814
31171,38648.0417
31172,38383.04961
31173,38121.38365
31174,37863.12136
31175,37608.33927
31176,37357.11287
31177,37109.51662
31178,36865.62387
31179,36625.5069
31180,36389.23686
31181,36156.88376
31182,35928.51646
31183,35704.20262
31184,35484.00871
31185,35267.99998
31186,35056.24044
31187,34848.79284
31188,34645.71865
31189,34447.07804
31190,34252.92988
31191,34063.33169
31192,33878.33966
31193,33698.00861
31194,33522.39196
31195,33351.54177
31196,33185.50865
31197,33024.34181
31198,32868.08901
31199,32716.79653
31200,32570.50922
31201,32429.27043
31202,32293.122
31203,32162.10428
31204,32036.25609
31205,31915.61473
31206,31800.21594
31207,31690.09392
31208,31585.2813
31209,31485.80913
31210,31391.7069
31211,31303.00249
31212,31219.72218
31213,31141.89065
31214,31069.53096
31215,31002.66456
31216,30941.31126
31217,30885.48924
31218,30835.21504
31219,30790.50356
31220,30751.36805
31221,30717.8201
31222,30689.86966
31223,30667.525
31224,30650.79275
31225,30639.67787
31226,30634.18365
31227,30634.31172
31228,30640.06204
31229,30651.43291
31230,30668.42095
31231,30691.02114
31232,30719.22677
31233,30753.02949
31234,30792.41928
31235,30837.38448
31236,30887.91175
31237,30943.98612
31238,31005.59098
31239,31072.70807
31240,31145.3175
31241,31223.39777
31242,31306.92573
31243,31395.87662
31244,31490.2241
31245,31589.94021
31246,31694.99539
31247,31805.35852
31248,31920.99689
31249,32041.87624
31250,32167.96075
31251,32299.21306
31252,32435.59427
31253,32577.06397
31254,32723.58024
31255,32875.09967
31256,33031.57736
31257,33192.96693
31258,33359.22057
31259,33530.28902
31260,33706.12157
31261,33886.66613
31262,34071.86919
31263,34261.67589
31264,34456.02997
31265,34654.87384
31266,34858.14858
31267,35065.79396
31268,35277.74845
31269,35493.94924
31270,35714.33226
31271,35938.83221
31272,36167.38257
31273,36399.91561
31274,36636.36243
31275,36876.65296
31276,37120.716
31277,37368.47924
31278,37619.86924
31279,37874.81152
31280,38133.23054
31281,38395.04971
31282,38660.19146
31283,38928.57722
31284,39200.12747
31285,39474.76172
31286,39752.39861
31287,40032.95587
31288,40316.35035
31289,40602.49809
31290,40891.31429
31291,41182.71337
31292,41476.60898
31293,41772.91403
31294,42071.54073
31295,42372.40058
31296,42675.40443
31297,42980.4625
31298,43287.48438
31299,43596.37911
31300,43907.05515
31301,44219.42044
31302,44533.38242
31303,44848.84805
31304,45165.72386
31305,45483.91595
31306,45803.33004
31307,46123.87146
31308,46445.44525
31309,46767.9561
31310,47091.30846
31311,47415.40651
31312,47740.1542
31313,48065.45532
31314,48391.21347
31315,48717.33211
31316,49043.71461
31317,49370.26426
31318,49696.88429
31319,50023.47792
31320,50349.94838
31321,50676.19891
31322,51002.13285
31323,51327.65362
31324,51652.66476
31325,51977.06995
31326,52300.77308
31327,52623.67821
31328,52945.68967
31329,53266.71204
31330,53586.65019
31331,53905.40932
31332,54222.89497
31333,54539.01307
31334,54853.66993
31335,55166.77233
31336,55478.22748
31337,55787.9431
31338,56095.8274
31339,56401.78915
31340,56705.7377
31341,57007.58297
31342,57307.23552
31343,57604.60656
31344,57899.60797
31345,58192.15233
31346,58482.15296
31347,58769.52392
31348,59054.18007
31349,59336.03705
31350,59615.01133
31351,59891.02026
31352,60163.98205
31353,60433.8158
31354,60700.44157
31355,60963.78035
31356,61223.75411
31357,61480.2858
31358,61733.29941
31359,61982.71998
31360,62228.47358
31361,62470.48741
31362,62708.68973
31363,62943.00998
31364,63173.37872
31365,63399.72767
31366,63621.98978
31367,63840.09918
31368,64053.99124
31369,64263.60257
31370,64468.87107
31371,64669.73591
31372,64866.13757
31373,65058.01785
31374,65245.3199
31375,65427.98821
31376,65605.96865
31377,65779.20848
31378,65947.65638
31379,66111.26242
31380,66269.97812
31381,66423.75646
31382,66572.55186
31383,66716.32023
31384,66855.01898
31385,66988.60701
31386,67117.04472
31387,67240.29406
31388,67358.31851
31389,67471.08309
31390,67578.55439
31391,67680.70057
31392,67777.49135
31393,67868.89806
31394,67954.89361
31395,68035.45251
31396,68110.5509
31397,68180.16652
31398,68244.27875
31399,68302.86858
31400,68355.91865
31401,68403.41325
31402,68445.3383
31403,68481.68138
31404,68512.43171
31405,68537.58019
31406,68557.11937
31407,68571.04345
31408,68579.34831
31409,68582.03148
31410,68579.09218
31411,68570.53127
31412,68556.35129
31413,68536.55644
31414,68511.15259
31415,68480.14726
31416,68443.54965
31417,68401.3706
31418,68353.6226
31419,68300.3198
31420,68241.47801
31421,68177.11465
31422,68107.2488
31423,68031.90115
31424,67951.09405
31425,67864.85143
31426,67773.19885
31427,67676.16346
31428,67573.77403
31429,67466.06088
31430,67353.05594
31431,67234.7927
31432,67111.3062
31433,66982.63302
31434,66848.81131
31435,66709.8807
31436,66565.88238
31437,66416.85901
31438,66262.85475
31439,66103.91523
31440,65940.08755
31441,65771.42027
31442,65597.96334
31443,65419.76819
31444,65236.8876
31445,65049.37577
31446,64857.28827
31447,64660.68201
31448,64459.61526
31449,64254.14759
31450,64044.33988
31451,63830.25432
31452,63611.95433
31453,63389.5046
31454,63162.97105
31455,62932.42081
31456,62697.9222
31457,62459.54469
31458,62217.35893
31459,61971.43669
31460,61721.85082
31461,61468.6753
31462,61211.98515
31463,60951.85642
31464,60688.36619
31465,60421.59255
31466,60151.61455
31467,59878.51219
31468,59602.36639
31469,59323.25898
31470,59041.27266
31471,58756.491
31472,58468.99838
31473,58178.88
31474,57886.22181
31475,57591.11055
31476,57293.63365
31477,56993.87928
31478,56691.93624
31479,56387.89402
31480,56081.84271
31481,55773.873
31482,55464.07614
31483,55152.54393
31484,54839.3687
31485,54524.64324
31486,54208.4608
31487,53890.91509
31488,53572.10019
31489,53252.11059
31490,52931.04109
31491,52608.98684
31492,52286.04327
31493,51962.30607
31494,51637.87119
31495,51312.83474
31496,50987.29305
31497,50661.34259
31498,50335.07993
31499,50008.60176
31500,49682.00482
31501,49355.38589
31502,49028.84175
31503,48702.46917
31504,48376.36485
31505,48050.62543
31506,47725.34743
31507,47400.62724
31508,47076.56107
31509,46753.24497
31510,46430.77473
31511,46109.2459
31512,45788.75377
31513,45469.3933
31514,45151.25913
31515,44834.44552
31516,44519.04635
31517,44205.1551
31518,43892.86475
31519,43582.26786
31520,43273.45647
31521,42966.52207
31522,42661.55563
31523,42358.6475
31524,42057.88745
31525,41759.3646
31526,41463.1674
31527,41169.38363
31528,40878.10035
31529,40589.40386
31530,40303.37971
31531,40020.11265
31532,39739.68664
31533,39462.18475
31534,39187.68922
31535,38916.2814
31536,38648.0417
31537,38383.04961
31538,38121.38365
31539,37863.12136
31540,37608.33927
31541,37357.11287
31542,37109.51662
31543,36865.62387
31544,36625.5069
31545,36389.23686
31546,36156.88376
31547,35928.51646
31548,35704.20262
31549,35484.00871
31550,35267.99998
31551,35056.24044
31552,34848.79284
31553,34645.71865
31554,34447.07804
31555,34252.92988
31556,34063.33169
31557,33878.33966
31558,33698.00861
31559,33522.39196
31560,33351.54177
31561,33185.50865
31562,33024.34181
31563,32868.08901
31564,32716.79653
31565,32570.50922
31566,32429.27043
31567,32293.122
31568,32162.10428
31569,32036.25609
31570,31915.61473
31571,31800.21594
31572,31690.09392
31573,31585.2813
31574,31485.80913
31575,31391.7069
31576,31303.00249
31577,31219.72218
31578,31141.89065
31579,31069.53096
31580,31002.66456
31581,30941.31126
31582,30885.48924
31583,30835.21504
31584,30790.50356
31585,30751.36805
31586,30717.8201
31587,30689.86966
31588,30667.525
31589,30650.79275
31590,30639.67787
31591,30634.18365
31592,30634.31172
31593,30640.06204
31594,30651.43291
31595,30668.42095
31596,30691.02114
31597,30719.22677
31598,30753.02949
31599,30792.41928
31600,30837.38448
31601,30887.91175
31602,30943.98612
31603,31005.59098
31604,31072.70807
31605,31145.3175
31606,31223.39777
31607,31306.92573
31608,31395.87662
31609,31490.2241
31610,31589.94021
31611,31694.99539
31612,31805.35852
31613,31920.99689
31614,32041.87624
31615,32167.96075
31616,32299.21306
31617,32435.59427
31618,32577.06397
31619,32723.58024
31620,32875.09967
31621,33031.57736
31622,33192.96693
31623,33359.22057
31624,33530.28902
31625,33706.12157
31626,33886.66613
31627,34071.86919
31628,34261.67589
31629,34456.02997
31630,34654.87384
31631,34858.14858
31632,35065.79396
31633,35277.74845
31634,35493.94924
31635,35714.33226
31636,35938.83221
31637,36167.38257
31638,36399.91561
31639,36636.36243
31640,36876.65296
31641,37120.716
31642,37368.47924
31643,37619.86924
31644,37874.81152
31645,38133.23054
31646,38395.04971
31647,38660.19146
31648,38928.57722
31649,39200.12747
31650,39474.76172
31651,39752.39861
31652,40032.95587
31653,40316.35035
31654,40602.49809
31655,40891.31429
31656,41182.71337
31657,41476.60898
31658,41772.91403
31659,42071.54073
31660,42372.40058
31661,42675.40443
31662,42980.4625
31663,43287.48438
31664,43596.37911
31665,43907.05515
31666,44219.42044
31667,44533.38242
31668,44848.84805
31669,45165.72386
31670,45483.91595
31671,45803.33004
31672,46123.87146
31673,46445.44525
31674,46767.9561
31675,47091.30846
31676,47415.40651
31677,47740.1542
31678,48065.45532
31679,48391.21347
31680,48717.33211
31681,49043.71461
31682,49370.26426
31683,49696.88429
31684,50023.47792
31685,50349.94838
31686,50676.19891
31687,51002.13285
31688,51327.65362
31689,51652.66476
31690,51977.06995
31691,52300.77308
31692,52623.67821
31693,52945.68967
31694,53266.71204
31695,53586.65019
31696,53905.40932
31697,54222.89497
31698,54539.01307
31699,54853.66993
31700,55166.77233
31701,55478.22748
31702,55787.9431
31703,56095.8274
31704,56401.78915
31705,56705.7377
31706,57007.58297
31707,57307.23552
31708,57604.60656
31709,57899.60797
31710,58192.15233
31711,58482.15296
31712,58769.52392
31713,59054.18007
31714,59336.03705
31715,59615.01133
31716,59891.02026
31717,60163.98205
31718,60433.8158
31719,60700.44157
31720,60963.78035
31721,61223.75411
31722,61480.2858
31723,61733.29941
31724,61982.71998
31725,62228.47358
31726,62470.48741
31727,62708.68973
31728,62943.00998
31729,63173.37872
31730,63399.72767
31731,63621.98978
31732,63840.09918
31733,64053.99124
31734,64263.60257
31735,64468.87107
31736,64669.73591
31737,64866.13757
31738,65058.01785
31739,65245.3199
31740,65427.98821
31741,65605.96865
31742,65779.20848
31743,65947.65638
31744,66111.26242
31745,66269.97812
31746,66423.75646
31747,66572.55186
31748,66716.32023
31749,66855.01898
31750,66988.60701
31751,67117.04472
31752,67240.29406
31753,67358.31851
31754,67471.08309
31755,67578.55439
31756,67680.70057
31757,67777.49135
31758,67868.89806
31759,67954.89361
31760,68035.45251
31761,68110.5509
31762,68180.16652
31763,68244.27875
31764,68302.86858
31765,68355.91865
31766,68403.41325
31767,68445.3383
31768,68481.68138
31769,68512.43171
31770,68537.58019
31771,68557.11937
31772,68571.04345
31773,68579.34831
31774,68582.03148
31775,68579.09218
31776,68570.53127
31777,68556.35129
31778,68536.55644
31779,68511.15259
31780,68480.14726
31781,68443.54965
31782,68401.3706
31783,68353.6226
31784,68300.3198
31785,68241.47801
31786,68177.11465
31787,68107.2488
31788,68031.90115
31789,67951.09405
31790,67864.85143
31791,67773.19885
31792,67676.16346
31793,67573.77403
31794,67466.06088
31795,67353.05594
31796,67234.7927
31797,67111.3062
31798,66982.63302
31799,66848.81131
31800,66709.8807
31801,66565.88238
31802,66416.85901
31803,66262.85475
31804,66103.91523
31805,65940.08755
31806,65771.42027
31807,65597.96334
31808,65419.76819
31809,65236.8876
31810,65049.37577
31811,64857.28827
31812,64660.68201
31813,64459.61526
31814,64254.14759
31815,64044.33988
31816,63830.25432
31817,63611.95433
31818,63389.5046
31819,63162.97105
31820,62932.42081
31821,62697.9222
31822,62459.54469
31823,62217.35893
31824,61971.43669
31825,61721.85082
31826,61468.6753
31827,61211.98515
31828,60951.85642
31829,60688.36619
31830,60421.59255
31831,60151.61455
31832,59878.51219
31833,59602.36639
31834,59323.25898
31835,59041.27266
31836,58756.491
31837,58468.99838
31838,58178.88
31839,57886.22181
31840,57591.11055
31841,57293.63365
31842,56993.87928
31843,56691.93624
31844,56387.89402
31845,56081.84271
31846,55773.873
31847,55464.07614
31848,55152.54393
31849,54839.3687
31850,54524.64324
31851,54208.4608
31852,53890.91509
31853,53572.10019
31854,53252.11059
31855,52931.04109
31856,52608.98684
31857,52286.04327
31858,51962.30607
31859,51637.87119
31860,51312.83474
31861,50987.29305
31862,50661.34259
31863,50335.07993
31864,50008.60176
31865,49682.00482
31866,49355.38589
31867,49028.84175
31868,48702.46917
31869,48376.36485
31870,48050.62543
31871,47725.34743
31872,47400.62724
31873,47076.56107
31874,46753.24497
31875,46430.77473
31876,46109.2459
31877,45788.75377
31878,45469.3933
31879,45151.25913
31880,44834.44552
31881,44519.04635
31882,44205.1551
31883,43892.86475
31884,43582.26786
31885,43273.45647
31886,42966.52207
31887,42661.55563
31888,42358.6475
31889,42057.88745
31890,41759.3646
31891,41463.1674
31892,41169.38363
31893,40878.10035
31894,40589.40386
31895,40303.37971
31896,40020.11265
31897,39739.68664
31898,39462.18475
31899,39187.68922
31900,38916.2814
31901,38648.0417
31902,38383.04961
31903,38121.38365
31904,37863.12136
31905,37608.33927
31906,37357.11287
31907,37109.51662
31908,36865.62387
31909,36625.5069
31910,36389.23686
31911,36156.88376
31912,35928.51646
31913,35704.20262
31914,35484.00871
31915,35267.99998
31916,35056.24044
31917,34848.79284
31918,34645.71865
31919,34447.07804
31920,34252.92988
31921,34063.33169
31922,33878.33966
31923,33698.00861
31924,33522.39196
31925,33351.54177
31926,33185.50865
31927,33024.34181
31928,32868.08901
31929,32716.79653
31930,32570.50922
31931,32429.27043
31932,32293.122
31933,32162.10428
31934,32036.25609
31935,31915.61473
31936,31800.21594
31937,31690.09392
31938,31585.2813
31939,31485.80913
31940,31391.7069
31941,31303.00249
31942,31219.72218
31943,31141.89065
31944,31069.53096
31945,31002.66456
31946,30941.31126
31947,30885.48924
31948,30835.21504
31949,30790.50356
31950,30751.36805
31951,30717.8201
31952,30689.86966
31953,30667.525
31954,30650.79275
31955,30639.67787
31956,30634.18365
31957,30634.31172
31958,30640.06204
31959,30651.43291
31960,30668.42095
31961,30691.02114
31962,30719.22677
31963,30753.02949
31964,30792.41928
31965,30837.38448
31966,30887.91175
31967,30943.98612
31968,31005.59098
31969,31072.70807
31970,31145.3175
31971,31223.39777
31972,31306.92573
31973,31395.87662
31974,31490.2241
31975,31589.94021
31976,31694.99539
31977,31805.35852
31978,31920.99689
31979,32041.87624
31980,32167.96075
31981,32299.21306
31982,32435.59427
31983,32577.06397
31984,32723.58024
31985,32875.09967
31986,33031.57736
31987,33192.96693
31988,33359.22057
31989,33530.28902
31990,33706.12157
31991,33886.66613
31992,34071.86919
31993,34261.67589
31994,34456.02997
31995,34654.87384
31996,34858.14858
31997,35065.79396
31998,35277.74845
31999,35493.94924
32000,35714.33226
32001,35938.83221
32002,36167.38257
32003,36399.91561
32004,36636.36243
32005,36876.65296
32006,37120.716
32007,37368.47924
32008,37619.86924
32009,37874.81152
32010,38133.23054
32011,38395.04971
32012,38660.19146
32013,38928.57722
32014,39200.12747
32015,39474.76172
32016,39752.39861
32017,40032.95587
32018,40316.35035
32019,40602.49809
32020,40891.31429
32021,41182.71337
32022,41476.60898
32023,41772.91403
32024,42071.54073
32025,42372.40058
32026,42675.40443
32027,42980.4625
32028,43287.48438
32029,43596.37911
32030,43907.05515
32031,44219.42044
32032,44533.38242
32033,44848.84805
32034,45165.72386
32035,45483.91595
32036,45803.33004
32037,46123.87146
32038,46445.44525
32039,46767.9561
32040,47091.30846
32041,47415.40651
32042,47740.1542
32043,48065.45532
32044,48391.21347
32045,48717.33211
32046,49043.71461
32047,49370.26426
32048,49696.88429
32049,50023.47792
32050,50349.94838
32051,50676.19891
32052,51002.13285
32053,51327.65362
32054,51652.66476
32055,51977.06995
32056,52300.77308
32057,52623.67821
32058,52945.68967
32059,53266.71204
32060,53586.65019
32061,53905.40932
32062,54222.89497
32063,54539.01307
32064,54853.66993
32065,55166.77233
32066,55478.22748
32067,55787.9431
32068,56095.8274
32069,56401.78915
32070,56705.7377
32071,57007.58297
32072,57307.23552
32073,57604.60656
32074,57899.60797
32075,58192.15233
32076,58482.15296
32077,58769.52392
32078,59054.18007
32079,59336.03705
32080,59615.01133
32081,59891.02026
32082,60163.98205
32083,60433.8158
32084,60700.44157
32085,60963.78035
32086,61223.75411
32087,61480.2858
32088,61733.29941
32089,61982.71998
32090,62228.47358
32091,62470.48741
32092,62708.68973
32093,62943.00998
32094,63173.37872
32095,63399.72767
32096,63621.98978
32097,63840.09918
32098,64053.99124
32099,64263.60257
32100,64468.87107
32101,64669.73591
32102,64866.13757
32103,65058.01785
32104,65245.3199
32105,65427.98821
32106,65605.96865
32107,65779.20848
32108,65947.65638
32109,66111.26242
32110,66269.97812
32111,66423.75646
32112,66572.55186
32113,66716.32023
32114,66855.01898
32115,66988.60701
32116,67117.04472
32117,67240.29406
32118,67358.31851
32119,67471.08309
32120,67578.55439
32121,67680.70057
32122,67777.49135
32123,67868.89806
32124,67954.89361
32125,68035.45251
32126,68110.5509
32127,68180.16652
32128,68244.27875
32129,68302.86858
32130,68355.91865
32131,68403.41325
32132,68445.3383
32133,68481.68138
32134,68512.43171
32135,68537.58019
32136,68557.11937
32137,68571.04345
32138,68579.34831
32139,68582.03148
32140,68579.09218
32141,68570.53127
32142,68556.35129
32143,68536.55644
32144,68511.15259
32145,68480.14726
32146,68443.54965
32147,68401.3706
32148,68353.6226
32149,68300.3198
32150,68241.47801
32151,68177.11465
32152,68107.2488
32153,68031.90115
32154,67951.09405
32155,67864.85143
32156,67773.19885
32157,67676.16346
32158,67573.77403
32159,67466.06088
32160,67353.05594
32161,67234.7927
32162,67111.3062
32163,66982.63302
32164,66848.81131
32165,66709.8807
32166,66565.88238
32167,66416.85901
32168,66262.85475
32169,66103.91523
32170,65940.08755
32171,65771.42027
32172,65597.96334
32173,65419.76819
32174,65236.8876
32175,65049.37577
32176,64857.28827
32177,64660.68201
32178,64459.61526
32179,64254.14759
32180,64044.33988
32181,63830.25432
32182,63611.95433
32183,63389.5046
32184,63162.97105
32185,62932.42081
32186,62697.9222
32187,62459.54469
32188,62217.35893
32189,61971.43669
32190,61721.85082
32191,61468.6753
32192,61211.98515
32193,60951.85642
32194,60688.36619
32195,60421.59255
32196,60151.61455
32197,59878.51219
32198,59602.36639
32199,59323.25898
32200,59041.27266
32201,58756.491
32202,58468.99838
32203,58178.88
32204,57886.22181
32205,57591.11055
32206,57293.63365
32207,56993.87928
32208,56691.93624
32209,56387.89402
32210,56081.84271
32211,55773.873
32212,55464.07614
32213,55152.54393
32214,54839.3687
32215,54524.64324
32216,54208.4608
32217,53890.91509
32218,53572.10019
32219,53252.11059
32220,52931.04109
32221,52608.98684
32222,52286.04327
32223,51962.30607
32224,51637.87119
32225,51312.83474
32226,50987.29305
32227,50661.34259
32228,50335.07993
32229,50008.60176
32230,49682.00482
32231,49355.38589
32232,49028.84175
32233,48702.46917
32234,48376.36485
32235,48050.62543
32236,47725.34743
32237,47400.62724
32238,47076.56107
32239,46753.24497
32240,46430.77473
32241,46109.2459
32242,45788.75377
32243,45469.3933
32244,45151.25913
32245,44834.44552
32246,44519.04635
32247,44205.1551
32248,43892.86475
32249,43582.26786
32250,43273.45647
32251,42966.52207
32252,42661.55563
32253,42358.6475
32254,42057.88745
32255,41759.3646
32256,41463.1674
32257,41169.38363
32258,40878.10035
32259,40589.40386
32260,40303.37971
32261,40020.11265
32262,39739.68664
32263,39462.18475
32264,39187.68922
32265,38916.2814
32266,38648.0417
32267,38383.04961
32268,38121.38365
32269,37863.12136
32270,37608.33927
32271,37357.11287
32272,37109.51662
32273,36865.62387
32274,36625.5069
32275,36389.23686
32276,36156.88376
32277,35928.51646
32278,35704.20262
32279,35484.00871
32280,35267.99998
32281,35056.24044
32282,34848.79284
32283,34645.71865
32284,34447.07804
32285,34252.92988
32286,34063.33169
32287,33878.33966
32288,33698.00861
32289,33522.39196
32290,33351.54177
32291,33185.50865
32292,33024.34181
32293,32868.08901
32294,32716.79653
32295,32570.50922
32296,32429.27043
32297,32293.122
32298,32162.10428
32299,32036.25609
32300,31915.61473
32301,31800.21594
32302,31690.09392
32303,31585.2813
32304,31485.80913
32305,31391.7069
32306,31303.00249
32307,31219.72218
32308,31141.89065
32309,31069.53096
32310,31002.66456
32311,30941.31126
32312,30885.48924
32313,30835.21504
32314,30790.50356
32315,30751.36805
32316,30717.8201
32317,30689.86966
32318,30667.525
32319,30650.79275
32320,30639.67787
32321,30634.18365
32322,30634.31172
32323,30640.06204
32324,30651.43291
32325,30668.42095
32326,30691.02114
32327,30719.22677
32328,30753.02949
32329,30792.41928
32330,30837.38448
32331,30887.91175
32332,30943.98612
32333,31005.59098
32334,31072.70807
32335,31145.3175
32336,31223.39777
32337,31306.92573
32338,31395.87662
32339,31490.2241
32340,31589.94021
32341,31694.99539
32342,31805.35852
32343,31920.99689
32344,32041.87624
32345,32167.96075
32346,32299.21306
32347,32435.59427
32348,32577.06397
32349,32723.58024
32350,32875.09967
32351,33031.57736
32352,33192.96693
32353,33359.22057
32354,33530.28902
32355,33706.12157
32356,33886.66613
32357,34071.86919
32358,34261.67589
32359,34456.02997
32360,34654.87384
32361,34858.14858
32362,35065.79396
32363,35277.74845
32364,35493.94924
32365,35714.33226
32366,35938.83221
32367,36167.38257
32368,36399.91561
32369,36636.36243
32370,36876.65296
32371,37120.716
32372,37368.47924
32373,37619.86924
32374,37874.81152
32375,38133.23054
32376,38395.04971
32377,38660.19146
32378,38928.57722
32379,39200.12747
32380,39474.76172
32381,39752.39861
32382,40032.95587
32383,40316.35035
32384,40602.49809
32385,40891.31429
32386,41182.71337
32387,41476.60898
32388,41772.91403
32389,42071.54073
32390,42372.40058
32391,42675.40443
32392,42980.4625
32393,43287.48438
32394,43596.37911
32395,43907.05515
32396,44219.42044
32397,44533.38242
32398,44848.84805
32399,45165.72386
32400,45483.91595
32401,45803.33004
32402,46123.87146
32403,46445.44525
32404,46767.9561
32405,47091.30846
32406,47415.40651
32407,47740.1542
32408,48065.45532
32409,48391.21347
32410,48717.33211
32411,49043.71461
32412,49370.26426
32413,49696.88429
32414,50023.47792
32415,50349.94838
32416,50676.19891
32417,51002.13285
32418,51327.65362
32419,51652.66476
32420,51977.06995
32421,52300.77308
32422,52623.67821
32423,52945.68967
32424,53266.71204
32425,53586.65019
32426,53905.40932
32427,54222.89497
32428,54539.01307
32429,54853.66993
32430,55166.77233
32431,55478.22748
32432,55787.9431
32433,56095.8274
32434,56401.78915
32435,56705.7377
32436,57007.58297
32437,57307.23552
32438,57604.60656
32439,57899.60797
32440,58192.15233
32441,58482.15296
32442,58769.52392
32443,59054.18007
32444,59336.03705
32445,59615.01133
32446,59891.02026
32447,60163.98205
32448,60433.8158
32449,60700.44157
32450,60963.78035
32451,61223.75411
32452,61480.2858
32453,61733.29941
32454,61982.71998
32455,62228.47358
32456,62470.48741
32457,62708.68973
32458,62943.00998
32459,63173.37872
32460,63399.72767
32461,63621.98978
32462,63840.09918
32463,64053.99124
32464,64263.60257
32465,64468.87107
32466,64669.73591
32467,64866.13757
32468,65058.01785
32469,65245.3199
32470,65427.98821
32471,65605.96865
32472,65779.20848
32473,65947.65638
32474,66111.26242
32475,66269.97812
32476,66423.75646
32477,66572.55186
32478,66716.32023
32479,66855.01898
32480,66988.60701
32481,67117.04472
32482,67240.29406
32483,67358.31851
32484,67471.08309
32485,67578.55439
32486,67680.70057
32487,67777.49135
32488,67868.89806
32489,67954.89361
32490,68035.45251
32491,68110.5509
32492,68180.16652
32493,68244.27875
32494,68302.86858
32495,68355.91865
32496,68403.41325
32497,68445.3383
32498,68481.68138
32499,68512.43171
32500,68537.58019
32501,68557.11937
32502,68571.04345
32503,68579.34831
32504,68582.03148
32505,68579.09218
32506,68570.53127
32507,68556.35129
32508,68536.55644
32509,68511.15259
32510,68480.14726
32511,68443.54965
32512,68401.3706
32513,68353.6226
32514,68300.3198
32515,68241.47801
32516,68177.11465
32517,68107.2488
32518,68031.90115
32519,67951.09405
32520,67864.85143
32521,67773.19885
32522,67676.16346
32523,67573.77403
32524,67466.06088
32525,67353.05594
32526,67234.7927
32527,67111.3062
32528,66982.63302
32529,66848.81131
32530,66709.8807
32531,66565.88238
32532,66416.85901
32533,66262.85475
32534,66103.91523
32535,65940.08755
32536,65771.42027
32537,65597.96334
32538,65419.76819
32539,65236.8876
32540,65049.37577
32541,64857.28827
32542,64660.68201
32543,64459.61526
32544,64254.14759
32545,64044.33988
32546,63830.25432
32547,63611.95433
32548,63389.5046
32549,63162.97105
32550,62932.42081
32551,62697.9222
32552,62459.54469
32553,62217.35893
32554,61971.43669
32555,61721.85082
32556,61468.6753
32557,61211.98515
32558,60951.85642
32559,60688.36619
32560,60421.59255
32561,60151.61455
32562,59878.51219
32563,59602.36639
32564,59323.25898
32565,59041.27266
32566,58756.491
32567,58468.99838
32568,58178.88
32569,57886.22181
32570,57591.11055
32571,57293.63365
32572,56993.87928
32573,56691.93624
32574,56387.89402
32575,56081.84271
32576,55773.873
32577,55464.07614
32578,55152.54393
32579,54839.3687
32580,54524.64324
32581,54208.4608
32582,53890.91509
32583,53572.10019
32584,53252.11059
32585,52931.04109
32586,52608.98684
32587,52286.04327
32588,51962.30607
32589,51637.87119
32590,51312.83474
32591,50987.29305
32592,50661.34259
32593,50335.07993
32594,50008.60176
32595,49682.00482
32596,49355.38589
32597,49028.84175
32598,48702.46917
32599,48376.36485
32600,48050.62543
32601,47725.34743
32602,47400.62724
32603,47076.56107
32604,46753.24497
32605,46430.77473
32606,46109.2459
32607,45788.75377
32608,45469.3933
32609,45151.25913
32610,44834.44552
32611,44519.04635
32612,44205.1551
32613,43892.86475
32614,43582.26786
32615,43273.45647
32616,42966.52207
32617,42661.55563
32618,42358.6475
32619,42057.88745
32620,41759.3646
32621,41463.1674
32622,41169.38363
32623,40878.10035
32624,40589.40386
32625,40303.37971
32626,40020.11265
32627,39739.68664
32628,39462.18475
32629,39187.68922
32630,38916.2814
32631,38648.0417
32632,38383.04961
32633,38121.38365
32634,37863.12136
32635,37608.33927
32636,37357.11287
32637,37109.51662
32638,36865.62387
32639,36625.5069
32640,36389.23686
32641,36156.88376
32642,35928.51646
32643,35704.20262
32644,35484.00871
32645,35267.99998
32646,35056.24044
32647,34848.79284
32648,34645.71865
32649,34447.07804
32650,34252.92988
32651,34063.33169
32652,33878.33966
32653,33698.00861
32654,33522.39196
32655,33351.54177
32656,33185.50865
32657,33024.34181
32658,32868.08901
32659,32716.79653
32660,32570.50922
32661,32429.27043
32662,32293.122
32663,32162.10428
32664,32036.25609
32665,31915.61473
32666,31800.21594
32667,31690.09392
32668,31585.2813
32669,31485.80913
32670,31391.7069
32671,31303.00249
32672,31219.72218
32673,31141.89065
32674,31069.53096
32675,31002.66456
32676,30941.31126
32677,30885.48924
32678,30835.21504
32679,30790.50356
32680,30751.36805
32681,30717.8201
32682,30689.86966
32683,30667.525
32684,30650.79275
32685,30639.67787
32686,30634.18365
32687,30634.31172
32688,30640.06204
32689,30651.43291
32690,30668.42095
32691,30691.02114
32692,30719.22677
32693,30753.02949
32694,30792.41928
32695,30837.38448
32696,30887.91175
32697,30943.98612
32698,31005.59098
32699,31072.70807
32700,31145.3175
32701,31223.39777
32702,31306.92573
32703,31395.87662
32704,31490.2241
32705,31589.94021
32706,31694.99539
32707,31805.35852
32708,31920.99689
32709,32041.87624
32710,32167.96075
32711,32299.21306
32712,32435.59427
32713,32577.06397
32714,32723.58024
32715,32875.09967
32716,33031.57736
32717,33192.96693
32718,33359.22057
32719,33530.28902
32720,33706.12157
32721,33886.66613
32722,34071.86919
32723,34261.67589
32724,34456.02997
32725,34654.87384
32726,34858.14858
32727,35065.79396
32728,35277.74845
32729,35493.94924
32730,35714.33226
32731,35938.83221
32732,36167.38257
32733,36399.91561
32734,36636.36243
32735,36876.65296
32736,37120.716
32737,37368.47924
32738,37619.86924
32739,37874.81152
32740,38133.23054
32741,38395.04971
32742,38660.19146
32743,38928.57722
32744,39200.12747
32745,39474.76172
32746,39752.39861
32747,40032.95587
32748,40316.35035
32749,40602.49809
32750,40891.31429
32751,41182.71337
32752,41476.60898
32753,41772.91403
32754,42071.54073
32755,42372.40058
32756,42675.40443
32757,42980.4625
32758,43287.48438
32759,43596.37911
32760,43907.05515
32761,44219.42044
32762,44533.38242
32763,44848.84805
32764,45165.72386
32765,45483.91595
32766,45803.33004
32767,46123.87146
32768,46445.44525
32769,46767.9561
32770,47091.30846
32771,47415.40651
32772,47740.1542
32773,48065.45532
32774,48391.21347
32775,48717.33211
32776,49043.71461
32777,49370.26426
32778,49696.88429
32779,50023.47792
32780,50349.94838
32781,50676.19891
32782,51002.13285
32783,51327.65362
32784,51652.66476
32785,51977.06995
32786,52300.77308
32787,52623.67821
32788,52945.68967
32789,53266.71204
32790,53586.65019
32791,53905.40932
32792,54222.89497
32793,54539.01307
32794,54853.66993
32795,55166.77233
32796,55478.22748
32797,55787.9431
32798,56095.8274
32799,56401.78915
32800,56705.7377
32801,57007.58297
32802,57307.23552
32803,57604.60656
32804,57899.60797
32805,58192.15233
32806,58482.15296
32807,58769.52392
32808,59054.18007
32809,59336.03705
32810,59615.01133
32811,59891.02026
32812,60163.98205
32813,60433.8158
32814,60700.44157
32815,60963.78035
32816,61223.75411
32817,61480.2858
32818,61733.29941
32819,61982.71998
32820,62228.47358
32821,62470.48741
32822,62708.68973
32823,62943.00998
32824,63173.37872
32825,63399.72767
32826,63621.98978
32827,63840.09918
32828,64053.99124
32829,64263.60257
32830,64468.87107
32831,64669.73591
32832,64866.13757
32833,65058.01785
32834,65245.3199
32835,65427.98821
32836,65605.96865
32837,65779.20848
32838,65947.65638
32839,66111.26242
32840,66269.97812
32841,66423.75646
32842,66572.55186
32843,66716.32023
32844,66855.01898
32845,66988.60701
32846,67117.04472
32847,67240.29406
32848,67358.31851
32849,67471.08309
32850,67578.55439
32851,67680.70057
32852,67777.49135
32853,67868.89806
32854,67954.89361
32855,68035.45251
32856,68110.5509
32857,68180.16652
32858,68244.27875
32859,68302.86858
32860,68355.91865
32861,68403.41325
32862,68445.3383
32863,68481.68138
32864,68512.43171
32865,68537.58019
32866,68557.11937
32867,68571.04345
32868,68579.34831
32869,68582.03148
32870,68579.09218
32871,68570.53127
32872,68556.35129
32873,68536.55644
32874,68511.15259
32875,68480.14726
32876,68443.54965
32877,68401.3706
32878,68353.6226
32879,68300.3198
32880,68241.47801
32881,68177.11465
32882,68107.2488
32883,68031.90115
32884,67951.09405
32885,67864.85143
32886,67773.19885
32887,67676.16346
32888,67573.77403
32889,67466.06088
32890,67353.05594
32891,67234.7927
32892,67111.3062
32893,66982.63302
32894,66848.81131
32895,66709.8807
32896,66565.88238
32897,66416.85901
32898,66262.85475
32899,66103.91523
32900,65940.08755
32901,65771.42027
32902,65597.96334
32903,65419.76819
32904,65236.8876
32905,65049.37577
32906,64857.28827
32907,64660.68201
32908,64459.61526
32909,64254.14759
32910,64044.33988
32911,63830.25432
32912,63611.95433
32913,63389.5046
32914,63162.97105
32915,62932.42081
32916,62697.9222
32917,62459.54469
32918,62217.35893
32919,61971.43669
32920,61721.85082
32921,61468.6753
32922,61211.98515
32923,60951.85642
32924,60688.36619
32925,60421.59255
32926,60151.61455
32927,59878.51219
32928,59602.36639
32929,59323.25898
32930,59041.27266
32931,58756.491
32932,58468.99838
32933,58178.88
32934,57886.22181
32935,57591.11055
32936,57293.63365
32937,56993.87928
32938,56691.93624
32939,56387.89402
32940,56081.84271
32941,55773.873
32942,55464.07614
32943,55152.54393
32944,54839.3687
32945,54524.64324
32946,54208.4608
32947,53890.91509
32948,53572.10019
32949,53252.11059
32950,52931.04109
32951,52608.98684
32952,52286.04327
32953,51962.30607
32954,51637.87119
32955,51312.83474
32956,50987.29305
32957,50661.34259
32958,50335.07993
32959,50008.60176
32960,49682.00482
32961,49355.38589
32962,49028.84175
32963,48702.46917
32964,48376.36485
32965,48050.62543
32966,47725.34743
32967,47400.62724
32968,47076.56107
32969,46753.24497
32970,46430.77473
32971,46109.2459
32972,45788.75377
32973,45469.3933
32974,45151.25913
32975,44834.44552
32976,44519.04635
32977,44205.1551
32978,43892.86475
32979,43582.26786
32980,43273.45647
32981,42966.52207
32982,42661.55563
32983,42358.6475
32984,42057.88745
32985,41759.3646
32986,41463.1674
32987,41169.38363
32988,40878.10035
32989,40589.40386
32990,40303.37971
32991,40020.11265
32992,39739.68664
32993,39462.18475
32994,39187.68922
32995,38916.2814
32996,38648.0417
32997,38383.04961
32998,38121.38365
32999,37863.12136
33000,37608.33927
33001,37357.11287
33002,37109.51662
33003,36865.62387
33004,36625.5069
33005,36389.23686
33006,36156.88376
33007,35928.51646
33008,35704.20262
33009,35484.00871
33010,35267.99998
33011,35056.24044
33012,34848.79284
33013,34645.71865
33014,34447.07804
33015,34252.92988
33016,34063.33169
33017,33878.33966
33018,33698.00861
33019,33522.39196
33020,33351.54177
33021,33185.50865
33022,33024.34181
33023,32868.08901
33024,32716.79653
33025,32570.50922
33026,32429.27043
33027,32293.122
33028,32162.10428
33029,32036.25609
33030,31915.61473
33031,31800.21594
33032,31690.09392
33033,31585.2813
33034,31485.80913
33035,31391.7069
33036,31303.00249
33037,31219.72218
33038,31141.89065
33039,31069.53096
33040,31002.66456
33041,30941.31126
33042,30885.48924
33043,30835.21504
33044,30790.50356
33045,30751.36805
33046,30717.8201
33047,30689.86966
33048,30667.525
33049,30650.79275
33050,30639.67787
33051,30634.18365
33052,30634.31172
33053,30640.06204
33054,30651.43291
33055,30668.42095
33056,30691.02114
33057,30719.22677
33058,30753.02949
33059,30792.41928
33060,30837.38448
33061,30887.91175
33062,30943.98612
33063,31005.59098
33064,31072.70807
33065,31145.3175
33066,31223.39777
33067,31306.92573
33068,31395.87662
33069,31490.2241
33070,31589.94021
33071,31694.99539
33072,31805.35852
33073,31920.99689
33074,32041.87624
33075,32167.96075
33076,32299.21306
33077,32435.59427
33078,32577.06397
33079,32723.58024
33080,32875.09967
33081,33031.57736
33082,33192.96693
33083,33359.22057
33084,33530.28902
33085,33706.12157
33086,33886.66613
33087,34071.86919
33088,34261.67589
33089,34456.02997
33090,34654.87384
33091,34858.14858
33092,35065.79396
33093,35277.74845
33094,35493.94924
33095,35714.33226
33096,35938.83221
33097,36167.38257
33098,36399.91561
33099,36636.36243
33100,36876.65296
33101,37120.716
33102,37368.47924
33103,37619.86924
33104,37874.81152
33105,38133.23054
33106,38395.04971
33107,38660.19146
33108,38928.57722
33109,39200.12747
33110,39474.76172
33111,39752.39861
33112,40032.95587
33113,40316.35035
33114,40602.49809
33115,40891.31429
33116,41182.71337
33117,41476.60898
33118,41772.91403
33119,42071.54073
33120,42372.40058
33121,42675.40443
33122,42980.4625
33123,43287.48438
33124,43596.37911
33125,43907.05515
33126,44219.42044
33127,44533.38242
33128,44848.84805
33129,45165.72386
33130,45483.91595
33131,45803.33004
33132,46123.87146
33133,46445.44525
33134,46767.9561
33135,47091.30846
33136,47415.40651
33137,47740.1542
33138,48065.45532
33139,48391.21347
33140,48717.33211
33141,49043.71461
33142,49370.26426
33143,49696.88429
33144,50023.47792
33145,50349.94838
33146,50676.19891
33147,51002.13285
33148,51327.65362
33149,51652.66476
33150,51977.06995
33151,52300.77308
33152,52623.67821
33153,52945.68967
33154,53266.71204
33155,53586.65019
33156,53905.40932
33157,54222.89497
33158,54539.01307
33159,54853.66993
33160,55166.77233
33161,55478.22748
33162,55787.9431
33163,56095.8274
33164,56401.78915
33165,56705.7377
33166,57007.58297
33167,57307.23552
33168,57604.60656
33169,57899.60797
33170,58192.15233
33171,58482.15296
33172,58769.52392
33173,59054.18007
33174,59336.03705
33175,59615.01133
33176,59891.02026
33177,60163.98205
33178,60433.8158
33179,60700.44157
33180,60963.78035
33181,61223.75411
33182,61480.2858
33183,61733.29941
33184,61982.71998
33185,62228.47358
33186,62470.48741
33187,62708.68973
33188,62943.00998
33189,63173.37872
33190,63399.72767
33191,63621.98978
33192,63840.09918
33193,64053.99124
33194,64263.60257
33195,64468.87107
33196,64669.73591
33197,64866.13757
33198,65058.01785
33199,65245.3199
33200,65427.98821
33201,65605.96865
33202,65779.20848
33203,65947.65638
33204,66111.26242
33205,66269.97812
33206,66423.75646
33207,66572.55186
33208,66716.32023
33209,66855.01898
33210,66988.60701
33211,67117.04472
33212,67240.29406
33213,67358.31851
33214,67471.08309
33215,67578.55439
33216,67680.70057
33217,67777.49135
33218,67868.89806
33219,67954.89361
33220,68035.45251
33221,68110.5509
33222,68180.16652
33223,68244.27875
33224,68302.86858
33225,68355.91865
33226,68403.41325
33227,68445.3383
33228,68481.68138
33229,68512.43171
33230,68537.58019
33231,68557.11937
33232,68571.04345
33233,68579.34831
33234,68582.03148
33235,68579.09218
33236,68570.53127
33237,68556.35129
33238,68536.55644
33239,68511.15259
33240,68480.14726
33241,68443.54965
33242,68401.3706
33243,68353.6226
33244,68300.3198
33245,68241.47801
33246,68177.11465
33247,68107.2488
33248,68031.90115
33249,67951.09405
33250,67864.85143
33251,67773.19885
33252,67676.16346
33253,67573.77403
33254,67466.06088
33255,67353.05594
33256,67234.7927
33257,67111.3062
33258,66982.63302
33259,66848.81131
33260,66709.8807
33261,66565.88238
33262,66416.85901
33263,66262.85475
33264,66103.91523
33265,65940.08755
33266,65771.42027
33267,65597.96334
33268,65419.76819
33269,65236.8876
33270,65049.37577
33271,64857.28827
33272,64660.68201
33273,64459.61526
33274,64254.14759
33275,64044.33988
33276,63830.25432
33277,63611.95433
33278,63389.5046
33279,63162.97105
33280,62932.42081
33281,62697.9222
33282,62459.54469
33283,62217.35893
33284,61971.43669
33285,61721.85082
33286,61468.6753
33287,61211.98515
33288,60951.85642
33289,60688.36619
33290,60421.59255
33291,60151.61455
33292,59878.51219
33293,59602.36639
33294,59323.25898
33295,59041.27266
33296,58756.491
33297,58468.99838
33298,58178.88
33299,57886.22181
33300,57591.11055
33301,57293.63365
33302,56993.87928
33303,56691.93624
33304,56387.89402
33305,56081.84271
33306,55773.873
33307,55464.07614
33308,55152.54393
33309,54839.3687
33310,54524.64324
33311,54208.4608
33312,53890.91509
33313,53572.10019
33314,53252.11059
33315,52931.04109
33316,52608.98684
33317,52286.04327
33318,51962.30607
33319,51637.87119
33320,51312.83474
33321,50987.29305
33322,50661.34259
33323,50335.07993
33324,50008.60176
33325,49682.00482
33326,49355.38589
33327,49028.84175
33328,48702.46917
33329,48376.36485
33330,48050.62543
33331,47725.34743
33332,47400.62724
33333,47076.56107
33334,46753.24497
33335,46430.77473
33336,46109.2459
33337,45788.75377
33338,45469.3933
33339,45151.25913
33340,44834.44552
33341,44519.04635
33342,44205.1551
33343,43892.86475
33344,43582.26786
33345,43273.45647
33346,42966.52207
33347,42661.55563
33348,42358.6475
33349,42057.88745
33350,41759.3646
33351,41463.1674
33352,41169.38363
33353,40878.10035
33354,40589.40386
33355,40303.37971
33356,40020.11265
33357,39739.68664
33358,39462.18475
33359,39187.68922
33360,38916.2814
33361,38648.0417
33362,38383.04961
33363,38121.38365
33364,37863.12136
33365,37608.33927
33366,37357.11287
33367,37109.51662
33368,36865.62387
33369,36625.5069
33370,36389.23686
33371,36156.88376
33372,35928.51646
33373,35704.20262
33374,35484.00871
33375,35267.99998
33376,35056.24044
33377,34848.79284
33378,34645.71865
33379,34447.07804
33380,34252.92988
33381,34063.33169
33382,33878.33966
33383,33698.00861
33384,33522.39196
33385,33351.54177
33386,33185.50865
33387,33024.34181
33388,32868.08901
33389,32716.79653
33390,32570.50922
33391,32429.27043
33392,32293.122
33393,32162.10428
33394,32036.25609
33395,31915.61473
33396,31800.21594
33397,31690.09392
33398,31585.2813
33399,31485.80913
33400,31391.7069
33401,31303.00249
33402,31219.72218
33403,31141.89065
33404,31069.53096
33405,31002.66456
33406,30941.31126
33407,30885.48924
33408,30835.21504
33409,30790.50356
33410,30751.36805
33411,30717.8201
33412,30689.86966
33413,30667.525
33414,30650.79275
33415,30639.67787
33416,30634.18365
33417,30634.31172
33418,30640.06204
33419,30651.43291
33420,30668.42095
33421,30691.02114
33422,30719.22677
33423,30753.02949
33424,30792.41928
33425,30837.38448
33426,30887.91175
33427,30943.98612
33428,31005.59098
33429,31072.70807
33430,31145.3175
33431,31223.39777
33432,31306.92573
33433,31395.87662
33434,31490.2241
33435,31589.94021
33436,31694.99539
33437,31805.35852
33438,31920.99689
33439,32041.87624
33440,32167.96075
33441,32299.21306
33442,32435.59427
33443,32577.06397
33444,32723.58024
33445,32875.09967
33446,33031.57736
33447,33192.96693
33448,33359.22057
33449,33530.28902
33450,33706.12157
33451,33886.66613
33452,34071.86919
33453,34261.67589
33454,34456.02997
33455,34654.87384
33456,34858.14858
33457,35065.79396
33458,35277.74845
33459,35493.94924
33460,35714.33226
33461,35938.83221
33462,36167.38257
33463,36399.91561
33464,36636.36243
33465,36876.65296
33466,37120.716
33467,37368.47924
33468,37619.86924
33469,37874.81152
33470,38133.23054
33471,38395.04971
33472,38660.19146
33473,38928.57722
33474,39200.12747
33475,39474.76172
33476,39752.39861
33477,40032.95587
33478,40316.35035
33479,40602.49809
33480,40891.31429
33481,41182.71337
33482,41476.60898
33483,41772.91403
33484,42071.54073
33485,42372.40058
33486,42675.40443
33487,42980.4625
33488,43287.48438
33489,43596.37911
33490,43907.05515
33491,44219.42044
33492,44533.38242
33493,44848.84805
33494,45165.72386
33495,45483.91595
33496,45803.33004
33497,46123.87146
33498,46445.44525
33499,46767.9561
33500,47091.30846
33501,47415.40651
33502,47740.1542
33503,48065.45532
33504,48391.21347
33505,48717.33211
33506,49043.71461
33507,49370.26426
33508,49696.88429
33509,50023.47792
33510,50349.94838
33511,50676.19891
33512,51002.13285
33513,51327.65362
33514,51652.66476
33515,51977.06995
33516,52300.77308
33517,52623.67821
33518,52945.68967
33519,53266.71204
33520,53586.65019
33521,53905.40932
33522,54222.89497
33523,54539.01307
33524,54853.66993
33525,55166.77233
33526,55478.22748
33527,55787.9431
33528,56095.8274
33529,56401.78915
33530,56705.7377
33531,57007.58297
33532,57307.23552
33533,57604.60656
33534,57899.60797
33535,58192.15233
33536,58482.15296
33537,58769.52392
33538,59054.18007
33539,59336.03705
33540,59615.01133
33541,59891.02026
33542,60163.98205
33543,60433.8158
33544,60700.44157
33545,60963.78035
33546,61223.75411
33547,61480.2858
33548,61733.29941
33549,61982.71998
33550,62228.47358
33551,62470.48741
33552,62708.68973
33553,62943.00998
33554,63173.37872
33555,63399.72767
33556,63621.98978
33557,63840.09918
33558,64053.99124
33559,64263.60257
33560,64468.87107
33561,64669.73591
33562,64866.13757
33563,65058.01785
33564,65245.3199
33565,65427.98821
33566,65605.96865
33567,65779.20848
33568,65947.65638
33569,66111.26242
33570,66269.97812
33571,66423.75646
33572,66572.55186
33573,66716.32023
33574,66855.01898
33575,66988.60701
33576,67117.04472
33577,67240.29406
33578,67358.31851
33579,67471.08309
33580,67578.55439
33581,67680.70057
33582,67777.49135
33583,67868.89806
33584,67954.89361
33585,68035.45251
33586,68110.5509
33587,68180.16652
33588,68244.27875
33589,68302.86858
33590,68355.91865
33591,68403.41325
33592,68445.3383
33593,68481.68138
33594,68512.43171
33595,68537.58019
33596,68557.11937
33597,68571.04345
33598,68579.34831
33599,68582.03148
33600,68579.09218
33601,68570.53127
33602,68556.35129
33603,68536.55644
33604,68511.15259
33605,68480.14726
33606,68443.54965
33607,68401.3706
33608,68353.6226
33609,68300.3198
33610,68241.47801
33611,68177.11465
33612,68107.2488
33613,68031.90115
33614,67951.09405
33615,67864.85143
33616,67773.19885
33617,67676.16346
33618,67573.77403
33619,67466.06088
33620,67353.05594
33621,67234.7927
33622,67111.3062
33623,66982.63302
33624,66848.81131
33625,66709.8807
33626,66565.88238
33627,66416.85901
33628,66262.85475
33629,66103.91523
33630,65940.08755
33631,65771.42027
33632,65597.96334
33633,65419.76819
33634,65236.8876
33635,65049.37577
33636,64857.28827
33637,64660.68201
33638,64459.61526
33639,64254.14759
33640,64044.33988
33641,63830.25432
33642,63611.95433
33643,63389.5046
33644,63162.97105
33645,62932.42081
33646,62697.9222
33647,62459.54469
33648,62217.35893
33649,61971.43669
33650,61721.85082
33651,61468.6753
33652,61211.98515
33653,60951.85642
33654,60688.36619
33655,60421.59255
33656,60151.61455
33657,59878.51219
33658,59602.36639
33659,59323.25898
33660,59041.27266
33661,58756.491
33662,58468.99838
33663,58178.88
33664,57886.22181
33665,57591.11055
33666,57293.63365
33667,56993.87928
33668,56691.93624
33669,56387.89402
33670,56081.84271
33671,55773.873
33672,55464.07614
33673,55152.54393
33674,54839.3687
33675,54524.64324
33676,54208.4608
33677,53890.91509
33678,53572.10019
33679,53252.11059
33680,52931.04109
33681,52608.98684
33682,52286.04327
33683,51962.30607
33684,51637.87119
33685,51312.83474
33686,50987.29305
33687,50661.34259
33688,50335.07993
33689,50008.60176
33690,49682.00482
33691,49355.38589
33692,49028.84175
33693,48702.46917
33694,48376.36485
33695,48050.62543
33696,47725.34743
33697,47400.62724
33698,47076.56107
33699,46753.24497
33700,46430.77473
33701,46109.2459
33702,45788.75377
33703,45469.3933
33704,45151.25913
33705,44834.44552
33706,44519.04635
33707,44205.1551
33708,43892.86475
33709,43582.26786
33710,43273.45647
33711,42966.52207
33712,42661.55563
33713,42358.6475
33714,42057.88745
33715,41759.3646
33716,41463.1674
33717,41169.38363
33718,40878.10035
33719,40589.40386
33720,40303.37971
33721,40020.11265
33722,39739.68664
33723,39462.18475
33724,39187.68922
33725,38916.2814
33726,38648.0417
33727,38383.04961
33728,38121.38365
33729,37863.12136
33730,37608.33927
33731,37357.11287
33732,37109.51662
33733,36865.62387
33734,36625.5069
33735,36389.23686
33736,36156.88376
33737,35928.51646
33738,35704.20262
33739,35484.00871
33740,35267.99998
33741,35056.24044
33742,34848.79284
33743,34645.71865
33744,34447.07804
33745,34252.92988
33746,34063.33169
33747,33878.33966
33748,33698.00861
33749,33522.39196
33750,33351.54177
33751,33185.50865
33752,33024.34181
33753,32868.08901
33754,32716.79653
33755,32570.50922
33756,32429.27043
33757,32293.122
33758,32162.10428
33759,32036.25609
33760,31915.61473
33761,31800.21594
33762,31690.09392
33763,31585.2813
33764,31485.80913
33765,31391.7069
33766,31303.00249
33767,31219.72218
33768,31141.89065
33769,31069.53096
33770,31002.66456
33771,30941.31126
33772,30885.48924
33773,30835.21504
33774,30790.50356
33775,30751.36805
33776,30717.8201
33777,30689.86966
33778,30667.525
33779,30650.79275
33780,30639.67787
33781,30634.18365
33782,30634.31172
33783,30640.06204
33784,30651.43291
33785,30668.42095
33786,30691.02114
33787,30719.22677
33788,30753.02949
33789,30792.41928
33790,30837.38448
33791,30887.91175
33792,30943.98612
33793,31005.59098
33794,31072.70807
33795,31145.3175
33796,31223.39777
33797,31306.92573
33798,31395.87662
33799,31490.2241
33800,31589.94021
33801,31694.99539
33802,31805.35852
33803,31920.99689
33804,32041.87624
33805,32167.96075
33806,32299.21306
33807,32435.59427
33808,32577.06397
33809,32723.58024
33810,32875.09967
33811,33031.57736
33812,33192.96693
33813,33359.22057
33814,33530.28902
33815,33706.12157
33816,33886.66613
33817,34071.86919
33818,34261.67589
33819,34456.02997
33820,34654.87384
33821,34858.14858
33822,35065.79396
33823,35277.74845
33824,35493.94924
33825,35714.33226
33826,35938.83221
33827,36167.38257
33828,36399.91561
33829,36636.36243
33830,36876.65296
33831,37120.716
33832,37368.47924
33833,37619.86924
33834,37874.81152
33835,38133.23054
33836,38395.04971
33837,38660.19146
33838,38928.57722
33839,39200.12747
33840,39474.76172
33841,39752.39861
33842,40032.95587
33843,40316.35035
33844,40602.49809
33845,40891.31429
33846,41182.71337
33847,41476.60898
33848,41772.91403
33849,42071.54073
33850,42372.40058
33851,42675.40443
33852,42980.4625
33853,43287.48438
33854,43596.37911
33855,43907.05515
33856,44219.42044
33857,44533.38242
33858,44848.84805
33859,45165.72386
33860,45483.91595
33861,45803.33004
33862,46123.87146
33863,46445.44525
33864,46767.9561
33865,47091.30846
33866,47415.40651
33867,47740.1542
33868,48065.45532
33869,48391.21347
33870,48717.33211
33871,49043.71461
33872,49370.26426
33873,49696.88429
33874,50023.47792
33875,50349.94838
33876,50676.19891
33877,51002.13285
33878,51327.65362
33879,51652.66476
33880,51977.06995
33881,52300.77308
33882,52623.67821
33883,52945.68967
33884,53266.71204
33885,53586.65019
33886,53905.40932
33887,54222.89497
33888,54539.01307
33889,54853.66993
33890,55166.77233
33891,55478.22748
33892,55787.9431
33893,56095.8274
33894,56401.78915
33895,56705.7377
33896,57007.58297
33897,57307.23552
33898,57604.60656
33899,57899.60797
33900,58192.15233
33901,58482.15296
33902,58769.52392
33903,59054.18007
33904,59336.03705
33905,59615.01133
33906,59891.02026
33907,60163.98205
33908,60433.8158
33909,60700.44157
33910,60963.78035
33911,61223.75411
33912,61480.2858
33913,61733.29941
33914,61982.71998
33915,62228.47358
33916,62470.48741
33917,62708.68973
33918,62943.00998
33919,63173.37872
33920,63399.72767
33921,63621.98978
33922,63840.09918
33923,64053.99124
33924,64263.60257
33925,64468.87107
33926,64669.73591
33927,64866.13757
33928,65058.01785
33929,65245.3199
33930,65427.98821
33931,65605.96865
33932,65779.20848
33933,65947.65638
33934,66111.26242
33935,66269.97812
33936,66423.75646
33937,66572.55186
33938,66716.32023
33939,66855.01898
33940,66988.60701
33941,67117.04472
33942,67240.29406
33943,67358.31851
33944,67471.08309
33945,67578.55439
33946,67680.70057
33947,67777.49135
33948,67868.89806
33949,67954.89361
33950,68035.45251
33951,68110.5509
33952,68180.16652
33953,68244.27875
33954,68302.86858
33955,68355.91865
33956,68403.41325
33957,68445.3383
33958,68481.68138
33959,68512.43171
33960,68537.58019
33961,68557.11937
33962,68571.04345
33963,68579.34831
33964,68582.03148
33965,68579.09218
33966,68570.53127
33967,68556.35129
33968,68536.55644
33969,68511.15259
33970,68480.14726
33971,68443.54965
33972,68401.3706
33973,68353.6226
33974,68300.3198
33975,68241.47801
33976,68177.11465
33977,68107.2488
33978,68031.90115
33979,67951.09405
33980,67864.85143
33981,67773.19885
33982,67676.16346
33983,67573.77403
33984,67466.06088
33985,67353.05594
33986,67234.7927
33987,67111.3062
33988,66982.63302
33989,66848.81131
33990,66709.8807
33991,66565.88238
33992,66416.85901
33993,66262.85475
33994,66103.91523
33995,65940.08755
33996,65771.42027
33997,65597.96334
33998,65419.76819
33999,65236.8876
34000,65049.37577
34001,64857.28827
34002,64660.68201
34003,64459.61526
34004,64254.14759
34005,64044.33988
34006,63830.25432
34007,63611.95433
34008,63389.5046
34009,63162.97105
34010,62932.42081
34011,62697.9222
34012,62459.54469
34013,62217.35893
34014,61971.43669
34015,61721.85082
34016,61468.6753
34017,61211.98515
34018,60951.85642
34019,60688.36619
34020,60421.59255
34021,60151.61455
34022,59878.51219
34023,59602.36639
34024,59323.25898
34025,59041.27266
34026,58756.491
34027,58468.99838
34028,58178.88
34029,57886.22181
34030,57591.11055
34031,57293.63365
34032,56993.87928
34033,56691.93624
34034,56387.89402
34035,56081.84271
34036,55773.873
34037,55464.07614
34038,55152.54393
34039,54839.3687
34040,54524.64324
34041,54208.4608
34042,53890.91509
34043,53572.10019
34044,53252.11059
34045,52931.04109
34046,52608.98684
34047,52286.04327
34048,51962.30607
34049,51637.87119
34050,51312.83474
34051,50987.29305
34052,50661.34259
34053,50335.07993
34054,50008.60176
34055,49682.00482
34056,49355.38589
34057,49028.84175
34058,48702.46917
34059,48376.36485
34060,48050.62543
34061,47725.34743
34062,47400.62724
34063,47076.56107
34064,46753.24497
34065,46430.77473
34066,46109.2459
34067,45788.75377
34068,45469.3933
34069,45151.25913
34070,44834.44552
34071,44519.04635
34072,44205.1551
34073,43892.86475
34074,43582.26786
34075,43273.45647
34076,42966.52207
34077,42661.55563
34078,42358.6475
34079,42057.88745
34080,41759.3646
34081,41463.1674
34082,41169.38363
34083,40878.10035
34084,40589.40386
34085,40303.37971
34086,40020.11265
34087,39739.68664
34088,39462.18475
34089,39187.68922
34090,38916.2814
34091,38648.0417
34092,38383.04961
34093,38121.38365
34094,37863.12136
34095,37608.33927
34096,37357.11287
34097,37109.51662
34098,36865.62387
34099,36625.5069
34100,36389.23686
34101,36156.88376
34102,35928.51646
34103,35704.20262
34104,35484.00871
34105,35267.99998
34106,35056.24044
34107,34848.79284
34108,34645.71865
34109,34447.07804
34110,34252.92988
34111,34063.33169
34112,33878.33966
34113,33698.00861
34114,33522.39196
34115,33351.54177
34116,33185.50865
34117,33024.34181
34118,32868.08901
34119,32716.79653
34120,32570.50922
34121,32429.27043
34122,32293.122
34123,32162.10428
34124,32036.25609
34125,31915.61473
34126,31800.21594
34127,31690.09392
34128,31585.2813
34129,31485.80913
34130,31391.7069
34131,31303.00249
34132,31219.72218
34133,31141.89065
34134,31069.53096
34135,31002.66456
34136,30941.31126
34137,30885.48924
34138,30835.21504
34139,30790.50356
34140,30751.36805
34141,30717.8201
34142,30689.86966
34143,30667.525
34144,30650.79275
34145,30639.67787
34146,30634.18365
34147,30634.31172
34148,30640.06204
34149,30651.43291
34150,30668.42095
34151,30691.02114
34152,30719.22677
34153,30753.02949
34154,30792.41928
34155,30837.38448
34156,30887.91175
34157,30943.98612
34158,31005.59098
34159,31072.70807
34160,31145.3175
34161,31223.39777
34162,31306.92573
34163,31395.87662
34164,31490.2241
34165,31589.94021
34166,31694.99539
34167,31805.35852
34168,31920.99689
34169,32041.87624
34170,32167.96075
34171,32299.21306
34172,32435.59427
34173,32577.06397
34174,32723.58024
34175,32875.09967
34176,33031.57736
34177,33192.96693
34178,33359.22057
34179,33530.28902
34180,33706.12157
34181,33886.66613
34182,34071.86919
34183,34261.67589
34184,34456.02997
34185,34654.87384
34186,34858.14858
34187,35065.79396
34188,35277.74845
34189,35493.94924
34190,35714.33226
34191,35938.83221
34192,36167.38257
34193,36399.91561
34194,36636.36243
34195,36876.65296
34196,37120.716
34197,37368.47924
34198,37619.86924
34199,37874.81152
34200,38133.23054
34201,38395.04971
34202,38660.19146
34203,38928.57722
34204,39200.12747
34205,39474.76172
34206,39752.39861
34207,40032.95587
34208,40316.35035
34209,40602.49809
34210,40891.31429
34211,41182.71337
34212,41476.60898
34213,41772.91403
34214,42071.54073
34215,42372.40058
34216,42675.40443
34217,42980.4625
34218,43287.48438
34219,43596.37911
34220,43907.05515
34221,44219.42044
34222,44533.38242
34223,44848.84805
34224,45165.72386
34225,45483.91595
34226,45803.33004
34227,46123.87146
34228,46445.44525
34229,46767.9561
34230,47091.30846
34231,47415.40651
34232,47740.1542
34233,48065.45532
34234,48391.21347
34235,48717.33211
34236,49043.71461
34237,49370.26426
34238,49696.88429
34239,50023.47792
34240,50349.94838
34241,50676.19891
34242,51002.13285
34243,51327.65362
34244,51652.66476
34245,51977.06995
34246,52300.77308
34247,52623.67821
34248,52945.68967
34249,53266.71204
34250,53586.65019
34251,53905.40932
34252,54222.89497
34253,54539.01307
34254,54853.66993
34255,55166.77233
34256,55478.22748
34257,55787.9431
34258,56095.8274
34259,56401.78915
34260,56705.7377
34261,57007.58297
34262,57307.23552
34263,57604.60656
34264,57899.60797
34265,58192.15233
34266,58482.15296
34267,58769.52392
34268,59054.18007
34269,59336.03705
34270,59615.01133
34271,59891.02026
34272,60163.98205
34273,60433.8158
34274,60700.44157
34275,60963.78035
34276,61223.75411
34277,61480.2858
34278,61733.29941
34279,61982.71998
34280,62228.47358
34281,62470.48741
34282,62708.68973
34283,62943.00998
34284,63173.37872
34285,63399.72767
34286,63621.98978
34287,63840.09918
34288,64053.99124
34289,64263.60257
34290,64468.87107
34291,64669.73591
34292,64866.13757
34293,65058.01785
34294,65245.3199
34295,65427.98821
34296,65605.96865
34297,65779.20848
34298,65947.65638
34299,66111.26242
34300,66269.97812
34301,66423.75646
34302,66572.55186
34303,66716.32023
34304,66855.01898
34305,66988.60701
34306,67117.04472
34307,67240.29406
34308,67358.31851
34309,67471.08309
34310,67578.55439
34311,67680.70057
34312,67777.49135
34313,67868.89806
34314,67954.89361
34315,68035.45251
34316,68110.5509
34317,68180.16652
34318,68244.27875
34319,68302.86858
34320,68355.91865
34321,68403.41325
34322,68445.3383
34323,68481.68138
34324,68512.43171
34325,68537.58019
34326,68557.11937
34327,68571.04345
34328,68579.34831
34329,68582.03148
34330,68579.09218
34331,68570.53127
34332,68556.35129
34333,68536.55644
34334,68511.15259
34335,68480.14726
34336,68443.54965
34337,68401.3706
34338,68353.6226
34339,68300.3198
34340,68241.47801
34341,68177.11465
34342,68107.2488
34343,68031.90115
34344,67951.09405
34345,67864.85143
34346,67773.19885
34347,67676.16346
34348,67573.77403
34349,67466.06088
34350,67353.05594
34351,67234.7927
34352,67111.3062
34353,66982.63302
34354,66848.81131
34355,66709.8807
34356,66565.88238
34357,66416.85901
34358,66262.85475
34359,66103.91523
34360,65940.08755
34361,65771.42027
34362,65597.96334
34363,65419.76819
34364,65236.8876
34365,65049.37577
34366,64857.28827
34367,64660.68201
34368,64459.61526
34369,64254.14759
34370,64044.33988
34371,63830.25432
34372,63611.95433
34373,63389.5046
34374,63162.97105
34375,62932.42081
34376,62697.9222
34377,62459.54469
34378,62217.35893
34379,61971.43669
34380,61721.85082
34381,61468.6753
34382,61211.98515
34383,60951.85642
34384,60688.36619
34385,60421.59255
34386,60151.61455
34387,59878.51219
34388,59602.36639
34389,59323.25898
34390,59041.27266
34391,58756.491
34392,58468.99838
34393,58178.88
34394,57886.22181
34395,57591.11055
34396,57293.63365
34397,56993.87928
34398,56691.93624
34399,56387.89402
34400,56081.84271
34401,55773.873
34402,55464.07614
34403,55152.54393
34404,54839.3687
34405,54524.64324
34406,54208.4608
34407,53890.91509
34408,53572.10019
34409,53252.11059
34410,52931.04109
34411,52608.98684
34412,52286.04327
34413,51962.30607
34414,51637.87119
34415,51312.83474
34416,50987.29305
34417,50661.34259
34418,50335.07993
34419,50008.60176
34420,49682.00482
34421,49355.38589
34422,49028.84175
34423,48702.46917
34424,48376.36485
34425,48050.62543
34426,47725.34743
34427,47400.62724
34428,47076.56107
34429,46753.24497
34430,46430.77473
34431,46109.2459
34432,45788.75377
34433,45469.3933
34434,45151.25913
34435,44834.44552
34436,44519.04635
34437,44205.1551
34438,43892.86475
34439,43582.26786
34440,43273.45647
34441,42966.52207
34442,42661.55563
34443,42358.6475
34444,42057.88745
34445,41759.3646
34446,41463.1674
34447,41169.38363
34448,40878.10035
34449,40589.40386
34450,40303.37971
34451,40020.11265
34452,39739.68664
34453,39462.18475
34454,39187.68922
34455,38916.2814
34456,38648.0417
34457,38383.04961
34458,38121.38365
34459,37863.12136
34460,37608.33927
34461,37357.11287
34462,37109.51662
34463,36865.62387
34464,36625.5069
34465,36389.23686
34466,36156.88376
34467,35928.51646
34468,35704.20262
34469,35484.00871
34470,35267.99998
34471,35056.24044
34472,34848.79284
34473,34645.71865
34474,34447.07804
34475,34252.92988
34476,34063.33169
34477,33878.33966
34478,33698.00861
34479,33522.39196
34480,33351.54177
34481,33185.50865
34482,33024.34181
34483,32868.08901
34484,32716.79653
34485,32570.50922
34486,32429.27043
34487,32293.122
34488,32162.10428
34489,32036.25609
34490,31915.61473
34491,31800.21594
34492,31690.09392
34493,31585.2813
34494,31485.80913
34495,31391.7069
34496,31303.00249
34497,31219.72218
34498,31141.89065
34499,31069.53096
34500,31002.66456
34501,30941.31126
34502,30885.48924
34503,30835.21504
34504,30790.50356
34505,30751.36805
34506,30717.8201
34507,30689.86966
34508,30667.525
34509,30650.79275
34510,30639.67787
34511,30634.18365
34512,30634.31172
34513,30640.06204
34514,30651.43291
34515,30668.42095
34516,30691.02114
34517,30719.22677
34518,30753.02949
34519,30792.41928
34520,30837.38448
34521,30887.91175
34522,30943.98612
34523,31005.59098
34524,31072.70807
34525,31145.3175
34526,31223.39777
34527,31306.92573
34528,31395.87662
34529,31490.2241
34530,31589.94021
34531,31694.99539
34532,31805.35852
34533,31920.99689
34534,32041.87624
34535,32167.96075
34536,32299.21306
34537,32435.59427
34538,32577.06397
34539,32723.58024
34540,32875.09967
34541,33031.57736
34542,33192.96693
34543,33359.22057
34544,33530.28902
34545,33706.12157
34546,33886.66613
34547,34071.86919
34548,34261.67589
34549,34456.02997
34550,34654.87384
34551,34858.14858
34552,35065.79396
34553,35277.74845
34554,35493.94924
34555,35714.33226
34556,35938.83221
34557,36167.38257
34558,36399.91561
34559,36636.36243
34560,36876.65296
34561,37120.716
34562,37368.47924
34563,37619.86924
34564,37874.81152
34565,38133.23054
34566,38395.04971
34567,38660.19146
34568,38928.57722
34569,39200.12747
34570,39474.76172
34571,39752.39861
34572,40032.95587
34573,40316.35035
34574,40602.49809
34575,40891.31429
34576,41182.71337
34577,41476.60898
34578,41772.91403
34579,42071.54073
34580,42372.40058
34581,42675.40443
34582,42980.4625
34583,43287.48438
34584,43596.37911
34585,43907.05515
34586,44219.42044
34587,44533.38242
34588,44848.84805
34589,45165.72386
34590,45483.91595
34591,45803.33004
34592,46123.87146
34593,46445.44525
34594,46767.9561
34595,47091.30846
34596,47415.40651
34597,47740.1542
34598,48065.45532
34599,48391.21347
34600,48717.33211
34601,49043.71461
34602,49370.26426
34603,49696.88429
34604,50023.47792
34605,50349.94838
34606,50676.19891
34607,51002.13285
34608,51327.65362
34609,51652.66476
34610,51977.06995
34611,52300.77308
34612,52623.67821
34613,52945.68967
34614,53266.71204
34615,53586.65019
34616,53905.40932
34617,54222.89497
34618,54539.01307
34619,54853.66993
34620,55166.77233
34621,55478.22748
34622,55787.9431
34623,56095.8274
34624,56401.78915
34625,56705.7377
34626,57007.58297
34627,57307.23552
34628,57604.60656
34629,57899.60797
34630,58192.15233
34631,58482.15296
34632,58769.52392
34633,59054.18007
34634,59336.03705
34635,59615.01133
34636,59891.02026
34637,60163.98205
34638,60433.8158
34639,60700.44157
34640,60963.78035
34641,61223.75411
34642,61480.2858
34643,61733.29941
34644,61982.71998
34645,62228.47358
34646,62470.48741
34647,62708.68973
34648,62943.00998
34649,63173.37872
34650,63399.72767
34651,63621.98978
34652,63840.09918
34653,64053.99124
34654,64263.60257
34655,64468.87107
34656,64669.73591
34657,64866.13757
34658,65058.01785
34659,65245.3199
34660,65427.98821
34661,65605.96865
34662,65779.20848
34663,65947.65638
34664,66111.26242
34665,66269.97812
34666,66423.75646
34667,66572.55186
34668,66716.32023
34669,66855.01898
34670,66988.60701
34671,67117.04472
34672,67240.29406
34673,67358.31851
34674,67471.08309
34675,67578.55439
34676,67680.70057
34677,67777.49135
34678,67868.89806
34679,67954.89361
34680,68035.45251
34681,68110.5509
34682,68180.16652
34683,68244.27875
34684,68302.86858
34685,68355.91865
34686,68403.41325
34687,68445.3383
34688,68481.68138
34689,68512.43171
34690,68537.58019
34691,68557.11937
34692,68571.04345
34693,68579.34831
34694,68582.03148
34695,68579.09218
34696,68570.53127
34697,68556.35129
34698,68536.55644
34699,68511.15259
34700,68480.14726
34701,68443.54965
34702,68401.3706
34703,68353.6226
34704,68300.3198
34705,68241.47801
34706,68177.11465
34707,68107.2488
34708,68031.90115
34709,67951.09405
34710,67864.85143
34711,67773.19885
34712,67676.16346
34713,67573.77403
34714,67466.06088
34715,67353.05594
34716,67234.7927
34717,67111.3062
34718,66982.63302
34719,66848.81131
34720,66709.8807
34721,66565.88238
34722,66416.85901
34723,66262.85475
34724,66103.91523
34725,65940.08755
34726,65771.42027
34727,65597.96334
34728,65419.76819
34729,65236.8876
34730,65049.37577
34731,64857.28827
34732,64660.68201
34733,64459.61526
34734,64254.14759
34735,64044.33988
34736,63830.25432
34737,63611.95433
34738,63389.5046
34739,63162.97105
34740,62932.42081
34741,62697.9222
34742,62459.54469
34743,62217.35893
34744,61971.43669
34745,61721.85082
34746,61468.6753
34747,61211.98515
34748,60951.85642
34749,60688.36619
34750,60421.59255
34751,60151.61455
34752,59878.51219
34753,59602.36639
34754,59323.25898
34755,59041.27266
34756,58756.491
34757,58468.99838
34758,58178.88
34759,57886.22181
34760,57591.11055
34761,57293.63365
34762,56993.87928
34763,56691.93624
34764,56387.89402
34765,56081.84271
34766,55773.873
34767,55464.07614
34768,55152.54393
34769,54839.3687
34770,54524.64324
34771,54208.4608
34772,53890.91509
34773,53572.10019
34774,53252.11059
34775,52931.04109
34776,52608.98684
34777,52286.04327
34778,51962.30607
34779,51637.87119
34780,51312.83474
34781,50987.29305
34782,50661.34259
34783,50335.07993
34784,50008.60176
34785,49682.00482
34786,49355.38589
34787,49028.84175
34788,48702.46917
34789,48376.36485
34790,48050.62543
34791,47725.34743
34792,47400.62724
34793,47076.56107
34794,46753.24497
34795,46430.77473
34796,46109.2459
34797,45788.75377
34798,45469.3933
34799,45151.25913
34800,44834.44552
34801,44519.04635
34802,44205.1551
34803,43892.86475
34804,43582.26786
34805,43273.45647
34806,42966.52207
34807,42661.55563
34808,42358.6475
34809,42057.88745
34810,41759.3646
34811,41463.1674
34812,41169.38363
34813,40878.10035
34814,40589.40386
34815,40303.37971
34816,40020.11265
34817,39739.68664
34818,39462.18475
34819,39187.68922
34820,38916.2814
34821,38648.0417
34822,38383.04961
34823,38121.38365
34824,37863.12136
34825,37608.33927
34826,37357.11287
34827,37109.51662
34828,36865.62387
34829,36625.5069
34830,36389.23686
34831,36156.88376
34832,35928.51646
34833,35704.20262
34834,35484.00871
34835,35267.99998
34836,35056.24044
34837,34848.79284
34838,34645.71865
34839,34447.07804
34840,34252.92988
34841,34063.33169
34842,33878.33966
34843,33698.00861
34844,33522.39196
34845,33351.54177
34846,33185.50865
34847,33024.34181
34848,32868.08901
34849,32716.79653
34850,32570.50922
34851,32429.27043
34852,32293.122
34853,32162.10428
34854,32036.25609
34855,31915.61473
34856,31800.21594
34857,31690.09392
34858,31585.2813
34859,31485.80913
34860,31391.7069
34861,31303.00249
34862,31219.72218
34863,31141.89065
34864,31069.53096
34865,31002.66456
34866,30941.31126
34867,30885.48924
34868,30835.21504
34869,30790.50356
34870,30751.36805
34871,30717.8201
34872,30689.86966
34873,30667.525
34874,30650.79275
34875,30639.67787
34876,30634.18365
34877,30634.31172
34878,30640.06204
34879,30651.43291
34880,30668.42095
34881,30691.02114
34882,30719.22677
34883,30753.02949
34884,30792.41928
34885,30837.38448
34886,30887.91175
34887,30943.98612
34888,31005.59098
34889,31072.70807
34890,31145.3175
34891,31223.39777
34892,31306.92573
34893,31395.87662
34894,31490.2241
34895,31589.94021
34896,31694.99539
34897,31805.35852
34898,31920.99689
34899,32041.87624
34900,32167.96075
34901,32299.21306
34902,32435.59427
34903,32577.06397
34904,32723.58024
34905,32875.09967
34906,33031.57736
34907,33192.96693
34908,33359.22057
34909,33530.28902
34910,33706.12157
34911,33886.66613
34912,34071.86919
34913,34261.67589
34914,34456.02997
34915,34654.87384
34916,34858.14858
34917,35065.79396
34918,35277.74845
34919,35493.94924
34920,35714.33226
34921,35938.83221
34922,36167.38257
34923,36399.91561
34924,36636.36243
34925,36876.65296
34926,37120.716
34927,37368.47924
34928,37619.86924
34929,37874.81152
34930,38133.23054
34931,38395.04971
34932,38660.19146
34933,38928.57722
34934,39200.12747
34935,39474.76172
34936,39752.39861
34937,40032.95587
34938,40316.35035
34939,40602.49809
34940,40891.31429
34941,41182.71337
34942,41476.60898
34943,41772.91403
34944,42071.54073
34945,42372.40058
34946,42675.40443
34947,42980.4625
34948,43287.48438
34949,43596.37911
34950,43907.05515
34951,44219.42044
34952,44533.38242
34953,44848.84805
34954,45165.72386
34955,45483.91595
34956,45803.33004
34957,46123.87146
34958,46445.44525
34959,46767.9561
34960,47091.30846
34961,47415.40651
34962,47740.1542
34963,48065.45532
34964,48391.21347
34965,48717.33211
34966,49043.71461
34967,49370.26426
34968,49696.88429
34969,50023.47792
34970,50349.94838
34971,50676.19891
34972,51002.13285
34973,51327.65362
34974,51652.66476
34975,51977.06995
34976,52300.77308
34977,52623.67821
34978,52945.68967
34979,53266.71204
34980,53586.65019
34981,53905.40932
34982,54222.89497
34983,54539.01307
34984,54853.66993
34985,55166.77233
34986,55478.22748
34987,55787.9431
34988,56095.8274
34989,56401.78915
34990,56705.7377
34991,57007.58297
34992,57307.23552
34993,57604.60656
34994,57899.60797
34995,58192.15233
34996,58482.15296
34997,58769.52392
34998,59054.18007
34999,59336.03705
35000,59615.01133
35001,59891.02026
35002,60163.98205
35003,60433.8158
35004,60700.44157
35005,60963.78035
35006,61223.75411
35007,61480.2858
35008,61733.29941
35009,61982.71998
35010,62228.47358
35011,62470.48741
35012,62708.68973
35013,62943.00998
35014,63173.37872
35015,63399.72767
35016,63621.98978
35017,63840.09918
35018,64053.99124
35019,64263.60257
35020,64468.87107
35021,64669.73591
35022,64866.13757
35023,65058.01785
35024,65245.3199
35025,65427.98821
35026,65605.96865
35027,65779.20848
35028,65947.65638
35029,66111.26242
35030,66269.97812
35031,66423.75646
35032,66572.55186
35033,66716.32023
35034,66855.01898
35035,66988.60701
35036,67117.04472
35037,67240.29406
35038,67358.31851
35039,67471.08309
35040,67578.55439
35041,67680.70057
35042,67777.49135
35043,67868.89806
35044,67954.89361
35045,68035.45251
35046,68110.5509
35047,68180.16652
35048,68244.27875
35049,68302.86858
35050,68355.91865
35051,68403.41325
35052,68445.3383
35053,68481.68138
35054,68512.43171
35055,68537.58019
35056,68557.11937
35057,68571.04345
35058,68579.34831
35059,68582.03148
35060,68579.09218
35061,68570.53127
35062,68556.35129
35063,68536.55644
35064,68511.15259
35065,68480.14726
35066,68443.54965
35067,68401.3706
35068,68353.6226
35069,68300.3198
35070,68241.47801
35071,68177.11465
35072,68107.2488
35073,68031.90115
35074,67951.09405
35075,67864.85143
35076,67773.19885
35077,67676.16346
35078,67573.77403
35079,67466.06088
35080,67353.05594
35081,67234.7927
35082,67111.3062
35083,66982.63302
35084,66848.81131
35085,66709.8807
35086,66565.88238
35087,66416.85901
35088,66262.85475
35089,66103.91523
35090,65940.08755
35091,65771.42027
35092,65597.96334
35093,65419.76819
35094,65236.8876
35095,65049.37577
35096,64857.28827
35097,64660.68201
35098,64459.61526
35099,64254.14759
35100,64044.33988
35101,63830.25432
35102,63611.95433
35103,63389.5046
35104,63162.97105
35105,62932.42081
35106,62697.9222
35107,62459.54469
35108,62217.35893
35109,61971.43669
35110,61721.85082
35111,61468.6753
35112,61211.98515
35113,60951.85642
35114,60688.36619
35115,60421.59255
35116,60151.61455
35117,59878.51219
35118,59602.36639
35119,59323.25898
35120,59041.27266
35121,58756.491
35122,58468.99838
35123,58178.88
35124,57886.22181
35125,57591.11055
35126,57293.63365
35127,56993.87928
35128,56691.93624
35129,56387.89402
35130,56081.84271
35131,55773.873
35132,55464.07614
35133,55152.54393
35134,54839.3687
35135,54524.64324
35136,54208.4608
35137,53890.91509
35138,53572.10019
35139,53252.11059
35140,52931.04109
35141,52608.98684
35142,52286.04327
35143,51962.30607
35144,51637.87119
35145,51312.83474
35146,50987.29305
35147,50661.34259
35148,50335.07993
35149,50008.60176
35150,49682.00482
35151,49355.38589
35152,49028.84175
35153,48702.46917
35154,48376.36485
35155,48050.62543
35156,47725.34743
35157,47400.62724
35158,47076.56107
35159,46753.24497
35160,46430.77473
35161,46109.2459
35162,45788.75377
35163,45469.3933
35164,45151.25913
35165,44834.44552
35166,44519.04635
35167,44205.1551
35168,43892.86475
35169,43582.26786
35170,43273.45647
35171,42966.52207
35172,42661.55563
35173,42358.6475
35174,42057.88745
35175,41759.3646
35176,41463.1674
35177,41169.38363
35178,40878.10035
35179,40589.40386
35180,40303.37971
35181,40020.11265
35182,39739.68664
35183,39462.18475
35184,39187.68922
35185,38916.2814
35186,38648.0417
35187,38383.04961
35188,38121.38365
35189,37863.12136
35190,37608.33927
35191,37357.11287
35192,37109.51662
35193,36865.62387
35194,36625.5069
35195,36389.23686
35196,36156.88376
35197,35928.51646
35198,35704.20262
35199,35484.00871
35200,35267.99998
35201,35056.24044
35202,34848.79284
35203,34645.71865
35204,34447.07804
35205,34252.92988
35206,34063.33169
35207,33878.33966
35208,33698.00861
35209,33522.39196
35210,33351.54177
35211,33185.50865
35212,33024.34181
35213,32868.08901
35214,32716.79653
35215,32570.50922
35216,32429.27043
35217,32293.122
35218,32162.10428
35219,32036.25609
35220,31915.61473
35221,31800.21594
35222,31690.09392
35223,31585.2813
35224,31485.80913
35225,31391.7069
35226,31303.00249
35227,31219.72218
35228,31141.89065
35229,31069.53096
35230,31002.66456
35231,30941.31126
35232,30885.48924
35233,30835.21504
35234,30790.50356
35235,30751.36805
35236,30717.8201
35237,30689.86966
35238,30667.525
35239,30650.79275
35240,30639.67787
35241,30634.18365
35242,30634.31172
35243,30640.06204
35244,30651.43291
35245,30668.42095
35246,30691.02114
35247,30719.22677
35248,30753.02949
35249,30792.41928
35250,30837.38448
35251,30887.91175
35252,30943.98612
35253,31005.59098
35254,31072.70807
35255,31145.3175
35256,31223.39777
35257,31306.92573
35258,31395.87662
35259,31490.2241
35260,31589.94021
35261,31694.99539
35262,31805.35852
35263,31920.99689
35264,32041.87624
35265,32167.96075
35266,32299.21306
35267,32435.59427
35268,32577.06397
35269,32723.58024
35270,32875.09967
35271,33031.57736
35272,33192.96693
35273,33359.22057
35274,33530.28902
35275,33706.12157
35276,33886.66613
35277,34071.86919
35278,34261.67589
35279,34456.02997
35280,34654.87384
35281,34858.14858
35282,35065.79396
35283,35277.74845
35284,35493.94924
35285,35714.33226
35286,35938.83221
35287,36167.38257
35288,36399.91561
35289,36636.36243
35290,36876.65296
35291,37120.716
35292,37368.47924
35293,37619.86924
35294,37874.81152
35295,38133.23054
35296,38395.04971
35297,38660.19146
35298,38928.57722
35299,39200.12747
35300,39474.76172
35301,39752.39861
35302,40032.95587
35303,40316.35035
35304,40602.49809
35305,40891.31429
35306,41182.71337
35307,41476.60898
35308,41772.91403
35309,42071.54073
35310,42372.40058
35311,42675.40443
35312,42980.4625
35313,43287.48438
35314,43596.37911
35315,43907.05515
35316,44219.42044
35317,44533.38242
35318,44848.84805
35319,45165.72386
35320,45483.91595
35321,45803.33004
35322,46123.87146
35323,46445.44525
35324,46767.9561
35325,47091.30846
35326,47415.40651
35327,47740.1542
35328,48065.45532
35329,48391.21347
35330,48717.33211
35331,49043.71461
35332,49370.26426
35333,49696.88429
35334,50023.47792
35335,50349.94838
35336,50676.19891
35337,51002.13285
35338,51327.65362
35339,51652.66476
35340,51977.06995
35341,52300.77308
35342,52623.67821
35343,52945.68967
35344,53266.71204
35345,53586.65019
35346,53905.40932
35347,54222.89497
35348,54539.01307
35349,54853.66993
35350,55166.77233
35351,55478.22748
35352,55787.9431
35353,56095.8274
35354,56401.78915
35355,56705.7377
35356,57007.58297
35357,57307.23552
35358,57604.60656
35359,57899.60797
35360,58192.15233
35361,58482.15296
35362,58769.52392
35363,59054.18007
35364,59336.03705
35365,59615.01133
35366,59891.02026
35367,60163.98205
35368,60433.8158
35369,60700.44157
35370,60963.78035
35371,61223.75411
35372,61480.2858
35373,61733.29941
35374,61982.71998
35375,62228.47358
35376,62470.48741
35377,62708.68973
35378,62943.00998
35379,63173.37872
35380,63399.72767
35381,63621.98978
35382,63840.09918
35383,64053.99124
35384,64263.60257
35385,64468.87107
35386,64669.73591
35387,64866.13757
35388,65058.01785
35389,65245.3199
35390,65427.98821
35391,65605.96865
35392,65779.20848
35393,65947.65638
35394,66111.26242
35395,66269.97812
35396,66423.75646
35397,66572.55186
35398,66716.32023
35399,66855.01898
35400,66988.60701
35401,67117.04472
35402,67240.29406
35403,67358.31851
35404,67471.08309
35405,67578.55439
35406,67680.70057
35407,67777.49135
35408,67868.89806
35409,67954.89361
35410,68035.45251
35411,68110.5509
35412,68180.16652
35413,68244.27875
35414,68302.86858
35415,68355.91865
35416,68403.41325
35417,68445.3383
35418,68481.68138
35419,68512.43171
35420,68537.58019
35421,68557.11937
35422,68571.04345
35423,68579.34831
35424,68582.03148
35425,68579.09218
35426,68570.53127
35427,68556.35129
35428,68536.55644
35429,68511.15259
35430,68480.14726
35431,68443.54965
35432,68401.3706
35433,68353.6226
35434,68300.3198
35435,68241.47801
35436,68177.11465
35437,68107.2488
35438,68031.90115
35439,67951.09405
35440,67864.85143
35441,67773.19885
35442,67676.16346
35443,67573.77403
35444,67466.06088
35445,67353.05594
35446,67234.7927
35447,67111.3062
35448,66982.63302
35449,66848.81131
35450,66709.8807
35451,66565.88238
35452,66416.85901
35453,66262.85475
35454,66103.91523
35455,65940.08755
35456,65771.42027
35457,65597.96334
35458,65419.76819
35459,65236.8876
35460,65049.37577
35461,64857.28827
35462,64660.68201
35463,64459.61526
35464,64254.14759
35465,64044.33988
35466,63830.25432
35467,63611.95433
35468,63389.5046
35469,63162.97105
35470,62932.42081
35471,62697.9222
35472,62459.54469
35473,62217.35893
35474,61971.43669
35475,61721.85082
35476,61468.6753
35477,61211.98515
35478,60951.85642
35479,60688.36619
35480,60421.59255
35481,60151.61455
35482,59878.51219
35483,59602.36639
35484,59323.25898
35485,59041.27266
35486,58756.491
35487,58468.99838
35488,58178.88
35489,57886.22181
35490,57591.11055
35491,57293.63365
35492,56993.87928
35493,56691.93624
35494,56387.89402
35495,56081.84271
35496,55773.873
35497,55464.07614
35498,55152.54393
35499,54839.3687
35500,54524.64324
35501,54208.4608
35502,53890.91509
35503,53572.10019
35504,53252.11059
35505,52931.04109
35506,52608.98684
35507,52286.04327
35508,51962.30607
35509,51637.87119
35510,51312.83474
35511,50987.29305
35512,50661.34259
35513,50335.07993
35514,50008.60176
35515,49682.00482
35516,49355.38589
35517,49028.84175
35518,48702.46917
35519,48376.36485
35520,48050.62543
35521,47725.34743
35522,47400.62724
35523,47076.56107
35524,46753.24497
35525,46430.77473
35526,46109.2459
35527,45788.75377
35528,45469.3933
35529,45151.25913
35530,44834.44552
35531,44519.04635
35532,44205.1551
35533,43892.86475
35534,43582.26786
35535,43273.45647
35536,42966.52207
35537,42661.55563
35538,42358.6475
35539,42057.88745
35540,41759.3646
35541,41463.1674
35542,41169.38363
35543,40878.10035
35544,40589.40386
35545,40303.37971
35546,40020.11265
35547,39739.68664
35548,39462.18475
35549,39187.68922
35550,38916.2814
35551,38648.0417
35552,38383.04961
35553,38121.38365
35554,37863.12136
35555,37608.33927
35556,37357.11287
35557,37109.51662
35558,36865.62387
35559,36625.5069
35560,36389.23686
35561,36156.88376
35562,35928.51646
35563,35704.20262
35564,35484.00871
35565,35267.99998
35566,35056.24044
35567,34848.79284
35568,34645.71865
35569,34447.07804
35570,34252.92988
35571,34063.33169
35572,33878.33966
35573,33698.00861
35574,33522.39196
35575,33351.54177
35576,33185.50865
35577,33024.34181
35578,32868.08901
35579,32716.79653
35580,32570.50922
35581,32429.27043
35582,32293.122
35583,32162.10428
35584,32036.25609
35585,31915.61473
35586,31800.21594
35587,31690.09392
35588,31585.2813
35589,31485.80913
35590,31391.7069
35591,31303.00249
35592,31219.72218
35593,31141.89065
35594,31069.53096
35595,31002.66456
35596,30941.31126
35597,30885.48924
35598,30835.21504
35599,30790.50356
35600,30751.36805
35601,30717.8201
35602,30689.86966
35603,30667.525
35604,30650.79275
35605,30639.67787
35606,30634.18365
35607,30634.31172
35608,30640.06204
35609,30651.43291
35610,30668.42095
35611,30691.02114
35612,30719.22677
35613,30753.02949
35614,30792.41928
35615,30837.38448
35616,30887.91175
35617,30943.98612
35618,31005.59098
35619,31072.70807
35620,31145.3175
35621,31223.39777
35622,31306.92573
35623,31395.87662
35624,31490.2241
35625,31589.94021
35626,31694.99539
35627,31805.35852
35628,31920.99689
35629,32041.87624
35630,32167.96075
35631,32299.21306
35632,32435.59427
35633,32577.06397
35634,32723.58024
35635,32875.09967
35636,33031.57736
35637,33192.96693
35638,33359.22057
35639,33530.28902
35640,33706.12157
35641,33886.66613
35642,34071.86919
35643,34261.67589
35644,34456.02997
35645,34654.87384
35646,34858.14858
35647,35065.79396
35648,35277.74845
35649,35493.94924
35650,35714.33226
35651,35938.83221
35652,36167.38257
35653,36399.91561
35654,36636.36243
35655,36876.65296
35656,37120.716
35657,37368.47924
35658,37619.86924
35659,37874.81152
35660,38133.23054
35661,38395.04971
35662,38660.19146
35663,38928.57722
35664,39200.12747
35665,39474.76172
35666,39752.39861
35667,40032.95587
35668,40316.35035
35669,40602.49809
35670,40891.31429
35671,41182.71337
35672,41476.60898
35673,41772.91403
35674,42071.54073
35675,42372.40058
35676,42675.40443
35677,42980.4625
35678,43287.48438
35679,43596.37911
35680,43907.05515
35681,44219.42044
35682,44533.38242
35683,44848.84805
35684,45165.72386
35685,45483.91595
35686,45803.33004
35687,46123.87146
35688,46445.44525
35689,46767.9561
35690,47091.30846
35691,47415.40651
35692,47740.1542
35693,48065.45532
35694,48391.21347
35695,48717.33211
35696,49043.71461
35697,49370.26426
35698,49696.88429
35699,50023.47792
35700,50349.94838
35701,50676.19891
35702,51002.13285
35703,51327.65362
35704,51652.66476
35705,51977.06995
35706,52300.77308
35707,52623.67821
35708,52945.68967
35709,53266.71204
35710,53586.65019
35711,53905.40932
35712,54222.89497
35713,54539.01307
35714,54853.66993
35715,55166.77233
35716,55478.22748
35717,55787.9431
35718,56095.8274
35719,56401.78915
35720,56705.7377
35721,57007.58297
35722,57307.23552
35723,57604.60656
35724,57899.60797
35725,58192.15233
35726,58482.15296
35727,58769.52392
35728,59054.18007
35729,59336.03705
35730,59615.01133
35731,59891.02026
35732,60163.98205
35733,60433.8158
35734,60700.44157
35735,60963.78035
35736,61223.75411
35737,61480.2858
35738,61733.29941
35739,61982.71998
35740,62228.47358
35741,62470.48741
35742,62708.68973
35743,62943.00998
35744,63173.37872
35745,63399.72767
35746,63621.98978
35747,63840.09918
35748,64053.99124
35749,64263.60257
35750,64468.87107
35751,64669.73591
35752,64866.13757
35753,65058.01785
35754,65245.3199
35755,65427.98821
35756,65605.96865
35757,65779.20848
35758,65947.65638
35759,66111.26242
35760,66269.97812
35761,66423.75646
35762,66572.55186
35763,66716.32023
35764,66855.01898
35765,66988.60701
35766,67117.04472
35767,67240.29406
35768,67358.31851
35769,67471.08309
35770,67578.55439
35771,67680.70057
35772,67777.49135
35773,67868.89806
35774,67954.89361
35775,68035.45251
35776,68110.5509
35777,68180.16652
35778,68244.27875
35779,68302.86858
35780,68355.91865
35781,68403.41325
35782,68445.3383
35783,68481.68138
35784,68512.43171
35785,68537.58019
35786,68557.11937
35787,68571.04345
35788,68579.34831
35789,68582.03148
35790,68579.09218
35791,68570.53127
35792,68556.35129
35793,68536.55644
35794,68511.15259
35795,68480.14726
35796,68443.54965
35797,68401.3706
35798,68353.6226
35799,68300.3198
35800,68241.47801
35801,68177.11465
35802,68107.2488
35803,68031.90115
35804,67951.09405
35805,67864.85143
35806,67773.19885
35807,67676.16346
35808,67573.77403
35809,67466.06088
35810,67353.05594
35811,67234.7927
35812,67111.3062
35813,66982.63302
35814,66848.81131
35815,66709.8807
35816,66565.88238
35817,66416.85901
35818,66262.85475
35819,66103.91523
35820,65940.08755
35821,65771.42027
35822,65597.96334
35823,65419.76819
35824,65236.8876
35825,65049.37577
35826,64857.28827
35827,64660.68201
35828,64459.61526
35829,64254.14759
35830,64044.33988
35831,63830.25432
35832,63611.95433
35833,63389.5046
35834,63162.97105
35835,62932.42081
35836,62697.9222
35837,62459.54469
35838,62217.35893
35839,61971.43669
35840,61721.85082
35841,61468.6753
35842,61211.98515
35843,60951.85642
35844,60688.36619
35845,60421.59255
35846,60151.61455
35847,59878.51219
35848,59602.36639
35849,59323.25898
35850,59041.27266
35851,58756.491
35852,58468.99838
35853,58178.88
35854,57886.22181
35855,57591.11055
35856,57293.63365
35857,56993.87928
35858,56691.93624
35859,56387.89402
35860,56081.84271
35861,55773.873
35862,55464.07614
35863,55152.54393
35864,54839.3687
35865,54524.64324
35866,54208.4608
35867,53890.91509
35868,53572.10019
35869,53252.11059
35870,52931.04109
35871,52608.98684
35872,52286.04327
35873,51962.30607
35874,51637.87119
35875,51312.83474
35876,50987.29305
35877,50661.34259
35878,50335.07993
35879,50008.60176
35880,49682.00482
35881,49355.38589
35882,49028.84175
35883,48702.46917
35884,48376.36485
35885,48050.62543
35886,47725.34743
35887,47400.62724
35888,47076.56107
35889,46753.24497
35890,46430.77473
35891,46109.2459
35892,45788.75377
35893,45469.3933
35894,45151.25913
35895,44834.44552
35896,44519.04635
35897,44205.1551
35898,43892.86475
35899,43582.26786
35900,43273.45647
35901,42966.52207
35902,42661.55563
35903,42358.6475
35904,42057.88745
35905,41759.3646
35906,41463.1674
35907,41169.38363
35908,40878.10035
35909,40589.40386
35910,40303.37971
35911,40020.11265
35912,39739.68664
35913,39462.18475
35914,39187.68922
35915,38916.2814
35916,38648.0417
35917,38383.04961
35918,38121.38365
35919,37863.12136
35920,37608.33927
35921,37357.11287
35922,37109.51662
35923,36865.62387
35924,36625.5069
35925,36389.23686
35926,36156.88376
35927,35928.51646
35928,35704.20262
35929,35484.00871
35930,35267.99998
35931,35056.24044
35932,34848.79284
35933,34645.71865
35934,34447.07804
35935,34252.92988
35936,34063.33169
35937,33878.33966
35938,33698.00861
35939,33522.39196
35940,33351.54177
35941,33185.50865
35942,33024.34181
35943,32868.08901
35944,32716.79653
35945,32570.50922
35946,32429.27043
35947,32293.122
35948,32162.10428
35949,32036.25609
35950,31915.61473
35951,31800.21594
35952,31690.09392
35953,31585.2813
35954,31485.80913
35955,31391.7069
35956,31303.00249
35957,31219.72218
35958,31141.89065
35959,31069.53096
35960,31002.66456
35961,30941.31126
35962,30885.48924
35963,30835.21504
35964,30790.50356
35965,30751.36805
35966,30717.8201
35967,30689.86966
35968,30667.525
35969,30650.79275
35970,30639.67787
35971,30634.18365
35972,30634.31172
35973,30640.06204
35974,30651.43291
35975,30668.42095
35976,30691.02114
35977,30719.22677
35978,30753.02949
35979,30792.41928
35980,30837.38448
35981,30887.91175
35982,30943.98612
35983,31005.59098
35984,31072.70807
35985,31145.3175
35986,31223.39777
35987,31306.92573
35988,31395.87662
35989,31490.2241
35990,31589.94021
35991,31694.99539
35992,31805.35852
35993,31920.99689
35994,32041.87624
35995,32167.96075
35996,32299.21306
35997,32435.59427
35998,32577.06397
35999,32723.58024
36000,32875.09967
36001,33031.57736
36002,33192.96693
36003,33359.22057
36004,33530.28902
36005,33706.12157
36006,33886.66613
36007,34071.86919
36008,34261.67589
36009,34456.02997
36010,34654.87384
36011,34858.14858
36012,35065.79396
36013,35277.74845
36014,35493.94924
36015,35714.33226
36016,35938.83221
36017,36167.38257
36018,36399.91561
36019,36636.36243
36020,36876.65296
36021,37120.716
36022,37368.47924
36023,37619.86924
36024,37874.81152
36025,38133.23054
36026,38395.04971
36027,38660.19146
36028,38928.57722
36029,39200.12747
36030,39474.76172
36031,39752.39861
36032,40032.95587
36033,40316.35035
36034,40602.49809
36035,40891.31429
36036,41182.71337
36037,41476.60898
36038,41772.91403
36039,42071.54073
36040,42372.40058
36041,42675.40443
36042,42980.4625
36043,43287.48438
36044,43596.37911
36045,43907.05515
36046,44219.42044
36047,44533.38242
36048,44848.84805
36049,45165.72386
36050,45483.91595
36051,45803.33004
36052,46123.87146
36053,46445.44525
36054,46767.9561
36055,47091.30846
36056,47415.40651
36057,47740.1542
36058,48065.45532
36059,48391.21347
36060,48717.33211
36061,49043.71461
36062,49370.26426
36063,49696.88429
36064,50023.47792
36065,50349.94838
36066,50676.19891
36067,51002.13285
36068,51327.65362
36069,51652.66476
36070,51977.06995
36071,52300.77308
36072,52623.67821
36073,52945.68967
36074,53266.71204
36075,53586.65019
36076,53905.40932
36077,54222.89497
36078,54539.01307
36079,54853.66993
36080,55166.77233
36081,55478.22748
36082,55787.9431
36083,56095.8274
36084,56401.78915
36085,56705.7377
36086,57007.58297
36087,57307.23552
36088,57604.60656
36089,57899.60797
36090,58192.15233
36091,58482.15296
36092,58769.52392
36093,59054.18007
36094,59336.03705
36095,59615.01133
36096,59891.02026
36097,60163.98205
36098,60433.8158
36099,60700.44157
36100,60963.78035
36101,61223.75411
36102,61480.2858
36103,61733.29941
36104,61982.71998
36105,62228.47358
36106,62470.48741
36107,62708.68973
36108,62943.00998
36109,63173.37872
36110,63399.72767
36111,63621.98978
36112,63840.09918
36113,64053.99124
36114,64263.60257
36115,64468.87107
36116,64669.73591
36117,64866.13757
36118,65058.01785
36119,65245.3199
36120,65427.98821
36121,65605.96865
36122,65779.20848
36123,65947.65638
36124,66111.26242
36125,66269.97812
36126,66423.75646
36127,66572.55186
36128,66716.32023
36129,66855.01898
36130,66988.60701
36131,67117.04472
36132,67240.29406
36133,67358.31851
36134,67471.08309
36135,67578.55439
36136,67680.70057
36137,67777.49135
36138,67868.89806
36139,67954.89361
36140,68035.45251
36141,68110.5509
36142,68180.16652
36143,68244.27875
36144,68302.86858
36145,68355.91865
36146,68403.41325
36147,68445.3383
36148,68481.68138
36149,68512.43171
36150,68537.58019
36151,68557.11937
36152,68571.04345
36153,68579.34831
36154,68582.03148
36155,68579.09218
36156,68570.53127
36157,68556.35129
36158,68536.55644
36159,68511.15259
36160,68480.14726
36161,68443.54965
36162,68401.3706
36163,68353.6226
36164,68300.3198
36165,68241.47801
36166,68177.11465
36167,68107.2488
36168,68031.90115
36169,67951.09405
36170,67864.85143
36171,67773.19885
36172,67676.16346
36173,67573.77403
36174,67466.06088
36175,67353.05594
36176,67234.7927
36177,67111.3062
36178,66982.63302
36179,66848.81131
36180,66709.8807
36181,66565.88238
36182,66416.85901
36183,66262.85475
36184,66103.91523
36185,65940.08755
36186,65771.42027
36187,65597.96334
36188,65419.76819
36189,65236.8876
36190,65049.37577
36191,64857.28827
36192,64660.68201
36193,64459.61526
36194,64254.14759
36195,64044.33988
36196,63830.25432
36197,63611.95433
36198,63389.5046
36199,63162.97105
36200,62932.42081
36201,62697.9222
36202,62459.54469
36203,62217.35893
36204,61971.43669
36205,61721.85082
36206,61468.6753
36207,61211.98515
36208,60951.85642
36209,60688.36619
36210,60421.59255
36211,60151.61455
36212,59878.51219
36213,59602.36639
36214,59323.25898
36215,59041.27266
36216,58756.491
36217,58468.99838
36218,58178.88
36219,57886.22181
36220,57591.11055
36221,57293.63365
36222,56993.87928
36223,56691.93624
36224,56387.89402
36225,56081.84271
36226,55773.873
36227,55464.07614
36228,55152.54393
36229,54839.3687
36230,54524.64324
36231,54208.4608
36232,53890.91509
36233,53572.10019
36234,53252.11059
36235,52931.04109
36236,52608.98684
36237,52286.04327
36238,51962.30607
36239,51637.87119
36240,51312.83474
36241,50987.29305
36242,50661.34259
36243,50335.07993
36244,50008.60176
36245,49682.00482
36246,49355.38589
36247,49028.84175
36248,48702.46917
36249,48376.36485
36250,48050.62543
36251,47725.34743
36252,47400.62724
36253,47076.56107
36254,46753.24497
36255,46430.77473
36256,46109.2459
36257,45788.75377
36258,45469.3933
36259,45151.25913
36260,44834.44552
36261,44519.04635
36262,44205.1551
36263,43892.86475
36264,43582.26786
36265,43273.45647
36266,42966.52207
36267,42661.55563
36268,42358.6475
36269,42057.88745
36270,41759.3646
36271,41463.1674
36272,41169.38363
36273,40878.10035
36274,40589.40386
36275,40303.37971
36276,40020.11265
36277,39739.68664
36278,39462.18475
36279,39187.68922
36280,38916.2814
36281,38648.0417
36282,38383.04961
36283,38121.38365
36284,37863.12136
36285,37608.33927
36286,37357.11287
36287,37109.51662
36288,36865.62387
36289,36625.5069
36290,36389.23686
36291,36156.88376
36292,35928.51646
36293,35704.20262
36294,35484.00871
36295,35267.99998
36296,35056.24044
36297,34848.79284
36298,34645.71865
36299,34447.07804
36300,34252.92988
36301,34063.33169
36302,33878.33966
36303,33698.00861
36304,33522.39196
36305,33351.54177
36306,33185.50865
36307,33024.34181
36308,32868.08901
36309,32716.79653
36310,32570.50922
36311,32429.27043
36312,32293.122
36313,32162.10428
36314,32036.25609
36315,31915.61473
36316,31800.21594
36317,31690.09392
36318,31585.2813
36319,31485.80913
36320,31391.7069
36321,31303.00249
36322,31219.72218
36323,31141.89065
36324,31069.53096
36325,31002.66456
36326,30941.31126
36327,30885.48924
36328,30835.21504
36329,30790.50356
36330,30751.36805
36331,30717.8201
36332,30689.86966
36333,30667.525
36334,30650.79275
36335,30639.67787
36336,30634.18365
36337,30634.31172
36338,30640.06204
36339,30651.43291
36340,30668.42095
36341,30691.02114
36342,30719.22677
36343,30753.02949
36344,30792.41928
36345,30837.38448
36346,30887.91175
36347,30943.98612
36348,31005.59098
36349,31072.70807
36350,31145.3175
36351,31223.39777
36352,31306.92573
36353,31395.87662
36354,31490.2241
36355,31589.94021
36356,31694.99539
36357,31805.35852
36358,31920.99689
36359,32041.87624
36360,32167.96075
36361,32299.21306
36362,32435.59427
36363,32577.06397
36364,32723.58024
36365,32875.09967
36366,33031.57736
36367,33192.96693
36368,33359.22057
36369,33530.28902
36370,33706.12157
36371,33886.66613
36372,34071.86919
36373,34261.67589
36374,34456.02997
36375,34654.87384
36376,34858.14858
36377,35065.79396
36378,35277.74845
36379,35493.94924
36380,35714.33226
36381,35938.83221
36382,36167.38257
36383,36399.91561
36384,36636.36243
36385,36876.65296
36386,37120.716
36387,37368.47924
36388,37619.86924
36389,37874.81152
36390,38133.23054
36391,38395.04971
36392,38660.19146
36393,38928.57722
36394,39200.12747
36395,39474.76172
36396,39752.39861
36397,40032.95587
36398,40316.35035
36399,40602.49809
36400,40891.31429
36401,41182.71337
36402,41476.60898
36403,41772.91403
36404,42071.54073
36405,42372.40058
36406,42675.40443
36407,42980.4625
36408,43287.48438
36409,43596.37911
36410,43907.05515
36411,44219.42044
36412,44533.38242
36413,44848.84805
36414,45165.72386
36415,45483.91595
36416,45803.33004
36417,46123.87146
36418,46445.44525
36419,46767.9561
36420,47091.30846
36421,47415.40651
36422,47740.1542
36423,48065.45532
36424,48391.21347
36425,48717.33211
36426,49043.71461
36427,49370.26426
36428,49696.88429
36429,50023.47792
36430,50349.94838
36431,50676.19891
36432,51002.13285
36433,51327.65362
36434,51652.66476
36435,51977.06995
36436,52300.77308
36437,52623.67821
36438,52945.68967
36439,53266.71204
36440,53586.65019
36441,53905.40932
36442,54222.89497
36443,54539.01307
36444,54853.66993
36445,55166.77233
36446,55478.22748
36447,55787.9431
36448,56095.8274
36449,56401.78915
36450,56705.7377
36451,57007.58297
36452,57307.23552
36453,57604.60656
36454,57899.60797
36455,58192.15233
36456,58482.15296
36457,58769.52392
36458,59054.18007
36459,59336.03705
36460,59615.01133
36461,59891.02026
36462,60163.98205
36463,60433.8158
36464,60700.44157
36465,60963.78035
36466,61223.75411
36467,61480.2858
36468,61733.29941
36469,61982.71998
36470,62228.47358
36471,62470.48741
36472,62708.68973
36473,62943.00998
36474,63173.37872
36475,63399.72767
36476,63621.98978
36477,63840.09918
36478,64053.99124
36479,64263.60257
36480,64468.87107
36481,64669.73591
36482,64866.13757
36483,65058.01785
36484,65245.3199
36485,65427.98821
36486,65605.96865
36487,65779.20848
36488,65947.65638
36489,66111.26242
36490,66269.97812
36491,66423.75646
36492,66572.55186
36493,66716.32023
36494,66855.01898
36495,66988.60701
36496,67117.04472
36497,67240.29406
36498,67358.31851
36499,67471.08309
36500,67578.55439
36501,67680.70057
36502,67777.49135
36503,67868.89806
36504,67954.89361
36505,68035.45251
36506,68110.5509
36507,68180.16652
36508,68244.27875
36509,68302.86858
36510,68355.91865
36511,68403.41325
36512,68445.3383
36513,68481.68138
36514,68512.43171
36515,68537.58019
36516,68557.11937
36517,68571.04345
36518,68579.34831
36519,68582.03148
36520,68579.09218
36521,68570.53127
36522,68556.35129
36523,68536.55644
36524,68511.15259
36525,68480.14726
36526,68443.54965
36527,68401.3706
36528,68353.6226
36529,68300.3198
36530,68241.47801
36531,68177.11465
36532,68107.2488
36533,68031.90115
36534,67951.09405
36535,67864.85143
36536,67773.19885
36537,67676.16346
36538,67573.77403
36539,67466.06088
36540,67353.05594
36541,67234.7927
36542,67111.3062
36543,66982.63302
36544,66848.81131
36545,66709.8807
36546,66565.88238
36547,66416.85901
36548,66262.85475
36549,66103.91523
36550,65940.08755
36551,65771.42027
36552,65597.96334
36553,65419.76819
36554,65236.8876
36555,65049.37577
36556,64857.28827
36557,64660.68201
36558,64459.61526
36559,64254.14759
36560,64044.33988
36561,63830.25432
36562,63611.95433
36563,63389.5046
36564,63162.97105
36565,62932.42081
36566,62697.9222
36567,62459.54469
36568,62217.35893
36569,61971.43669
36570,61721.85082
36571,61468.6753
36572,61211.98515
36573,60951.85642
36574,60688.36619
36575,60421.59255
36576,60151.61455
36577,59878.51219
36578,59602.36639
36579,59323.25898
36580,59041.27266
36581,58756.491
36582,58468.99838
36583,58178.88
36584,57886.22181
36585,57591.11055
36586,57293.63365
36587,56993.87928
36588,56691.93624
36589,56387.89402
36590,56081.84271
36591,55773.873
36592,55464.07614
36593,55152.54393
36594,54839.3687
36595,54524.64324
36596,54208.4608
36597,53890.91509
36598,53572.10019
36599,53252.11059
36600,52931.04109
36601,52608.98684
36602,52286.04327
36603,51962.30607
36604,51637.87119
36605,51312.83474
36606,50987.29305
36607,50661.34259
36608,50335.07993
36609,50008.60176
36610,49682.00482
36611,49355.38589
36612,49028.84175
36613,48702.46917
36614,48376.36485
36615,48050.62543
36616,47725.34743
36617,47400.62724
36618,47076.56107
36619,46753.24497
36620,46430.77473
36621,46109.2459
36622,45788.75377
36623,45469.3933
36624,45151.25913
36625,44834.44552
36626,44519.04635
36627,44205.1551
36628,43892.86475
36629,43582.26786
36630,43273.45647
36631,42966.52207
36632,42661.55563
36633,42358.6475
36634,42057.88745
36635,41759.3646
36636,41463.1674
36637,41169.38363
36638,40878.10035
36639,40589.40386
36640,40303.37971
36641,40020.11265
36642,39739.68664
36643,39462.18475
36644,39187.68922
36645,38916.2814
36646,38648.0417
36647,38383.04961
36648,38121.38365
36649,37863.12136
36650,37608.33927
36651,37357.11287
36652,37109.51662
36653,36865.62387
36654,36625.5069
36655,36389.23686
36656,36156.88376
36657,35928.51646
36658,35704.20262
36659,35484.00871
36660,35267.99998
36661,35056.24044
36662,34848.79284
36663,34645.71865
36664,34447.07804
36665,34252.92988
36666,34063.33169
36667,33878.33966
36668,33698.00861
36669,33522.39196
36670,33351.54177
36671,33185.50865
36672,33024.34181
36673,32868.08901
36674,32716.79653
36675,32570.50922
36676,32429.27043
36677,32293.122
36678,32162.10428
36679,32036.25609
36680,31915.61473
36681,31800.21594
36682,31690.09392
36683,31585.2813
36684,31485.80913
36685,31391.7069
36686,31303.00249
36687,31219.72218
36688,31141.89065
36689,31069.53096
36690,31002.66456
36691,30941.31126
36692,30885.48924
36693,30835.21504
36694,30790.50356
36695,30751.36805
36696,30717.8201
36697,30689.86966
36698,30667.525
36699,30650.79275
36700,30639.67787
36701,30634.18365
36702,30634.31172
36703,30640.06204
36704,30651.43291
36705,30668.42095
36706,30691.02114
36707,30719.22677
36708,30753.02949
36709,30792.41928
36710,30837.38448
36711,30887.91175
36712,30943.98612
36713,31005.59098
36714,31072.70807
36715,31145.3175
36716,31223.39777
36717,31306.92573
36718,31395.87662
36719,31490.2241
36720,31589.94021
36721,31694.99539
36722,31805.35852
36723,31920.99689
36724,32041.87624
36725,32167.96075
36726,32299.21306
36727,32435.59427
36728,32577.06397
36729,32723.58024
36730,32875.09967
36731,33031.57736
36732,33192.96693
36733,33359.22057
36734,33530.28902
36735,33706.12157
36736,33886.66613
36737,34071.86919
36738,34261.67589
36739,34456.02997
36740,34654.87384
36741,34858.14858
36742,35065.79396
36743,35277.74845
36744,35493.94924
36745,35714.33226
36746,35938.83221
36747,36167.38257
36748,36399.91561
36749,36636.36243
36750,36876.65296
36751,37120.716
36752,37368.47924
36753,37619.86924
36754,37874.81152
36755,38133.23054
36756,38395.04971
36757,38660.19146
36758,38928.57722
36759,39200.12747
36760,39474.76172
36761,39752.39861
36762,40032.95587
36763,40316.35035
36764,40602.49809
36765,40891.31429
36766,41182.71337
36767,41476.60898
36768,41772.91403
36769,42071.54073
36770,42372.40058
36771,42675.40443
36772,42980.4625
36773,43287.48438
36774,43596.37911
36775,43907.05515
36776,44219.42044
36777,44533.38242
36778,44848.84805
36779,45165.72386
36780,45483.91595
36781,45803.33004
36782,46123.87146
36783,46445.44525
36784,46767.9561
36785,47091.30846
36786,47415.40651
36787,47740.1542
36788,48065.45532
36789,48391.21347
36790,48717.33211
36791,49043.71461
36792,49370.26426
36793,49696.88429
36794,50023.47792
36795,50349.94838
36796,50676.19891
36797,51002.13285
36798,51327.65362
36799,51652.66476
36800,51977.06995
36801,52300.77308
36802,52623.67821
36803,52945.68967
36804,53266.71204
36805,53586.65019
36806,53905.40932
36807,54222.89497
36808,54539.01307
36809,54853.66993
36810,55166.77233
36811,55478.22748
36812,55787.9431
36813,56095.8274
36814,56401.78915
36815,56705.7377
36816,57007.58297
36817,57307.23552
36818,57604.60656
36819,57899.60797
36820,58192.15233
36821,58482.15296
36822,58769.52392
36823,59054.18007
36824,59336.03705
36825,59615.01133
36826,59891.02026
36827,60163.98205
36828,60433.8158
36829,60700.44157
36830,60963.78035
36831,61223.75411
36832,61480.2858
36833,61733.29941
36834,61982.71998
36835,62228.47358
36836,62470.48741
36837,62708.68973
36838,62943.00998
36839,63173.37872
36840,63399.72767
36841,63621.98978
36842,63840.09918
36843,64053.99124
36844,64263.60257
36845,64468.87107
36846,64669.73591
36847,64866.13757
36848,65058.01785
36849,65245.3199
36850,65427.98821
36851,65605.96865
36852,65779.20848
36853,65947.65638
36854,66111.26242
36855,66269.97812
36856,66423.75646
36857,66572.55186
36858,66716.32023
36859,66855.01898
36860,66988.60701
36861,67117.04472
36862,67240.29406
36863,67358.31851
36864,67471.08309
36865,67578.55439
36866,67680.70057
36867,67777.49135
36868,67868.89806
36869,67954.89361
36870,68035.45251
36871,68110.5509
36872,68180.16652
36873,68244.27875
36874,68302.86858
36875,68355.91865
36876,68403.41325
36877,68445.3383
36878,68481.68138
36879,68512.43171
36880,68537.58019
36881,68557.11937
36882,68571.04345
36883,68579.34831
36884,68582.03148
36885,68579.09218
36886,68570.53127
36887,68556.35129
36888,68536.55644
36889,68511.15259
36890,68480.14726
36891,68443.54965
36892,68401.3706
36893,68353.6226
36894,68300.3198
36895,68241.47801
36896,68177.11465
36897,68107.2488
36898,68031.90115
36899,67951.09405
36900,67864.85143
36901,67773.19885
36902,67676.16346
36903,67573.77403
36904,67466.06088
36905,67353.05594
36906,67234.7927
36907,67111.3062
36908,66982.63302
36909,66848.81131
36910,66709.8807
36911,66565.88238
36912,66416.85901
36913,66262.85475
36914,66103.91523
36915,65940.08755
36916,65771.42027
36917,65597.96334
36918,65419.76819
36919,65236.8876
36920,65049.37577
36921,64857.28827
36922,64660.68201
36923,64459.61526
36924,64254.14759
36925,64044.33988
36926,63830.25432
36927,63611.95433
36928,63389.5046
36929,63162.97105
36930,62932.42081
36931,62697.9222
36932,62459.54469
36933,62217.35893
36934,61971.43669
36935,61721.85082
36936,61468.6753
36937,61211.98515
36938,60951.85642
36939,60688.36619
36940,60421.59255
36941,60151.61455
36942,59878.51219
36943,59602.36639
36944,59323.25898
36945,59041.27266
36946,58756.491
36947,58468.99838
36948,58178.88
36949,57886.22181
36950,57591.11055
36951,57293.63365
36952,56993.87928
36953,56691.93624
36954,56387.89402
36955,56081.84271
36956,55773.873
36957,55464.07614
36958,55152.54393
36959,54839.3687
36960,54524.64324
36961,54208.4608
36962,53890.91509
36963,53572.10019
36964,53252.11059
36965,52931.04109
36966,52608.98684
36967,52286.04327
36968,51962.30607
36969,51637.87119
36970,51312.83474
36971,50987.29305
36972,50661.34259
36973,50335.07993
36974,50008.60176
36975,49682.00482
36976,49355.38589
36977,49028.84175
36978,48702.46917
36979,48376.36485
36980,48050.62543
36981,47725.34743
36982,47400.62724
36983,47076.56107
36984,46753.24497
36985,46430.77473
36986,46109.2459
36987,45788.75377
36988,45469.3933
36989,45151.25913
36990,44834.44552
36991,44519.04635
36992,44205.1551
36993,43892.86475
36994,43582.26786
36995,43273.45647
36996,42966.52207
36997,42661.55563
36998,42358.6475
36999,42057.88745
37000,41759.3646
37001,41463.1674
37002,41169.38363
37003,40878.10035
37004,40589.40386
37005,40303.37971
37006,40020.11265
37007,39739.68664
37008,39462.18475
37009,39187.68922
37010,38916.2814
37011,38648.0417
37012,38383.04961
37013,38121.38365
37014,37863.12136
37015,37608.33927
37016,37357.11287
37017,37109.51662
37018,36865.62387
37019,36625.5069
37020,36389.23686
37021,36156.88376
37022,35928.51646
37023,35704.20262
37024,35484.00871
37025,35267.99998
37026,35056.24044
37027,34848.79284
37028,34645.71865
37029,34447.07804
37030,34252.92988
37031,34063.33169
37032,33878.33966
37033,33698.00861
37034,33522.39196
37035,33351.54177
37036,33185.50865
37037,33024.34181
37038,32868.08901
37039,32716.79653
37040,32570.50922
37041,32429.27043
37042,32293.122
37043,32162.10428
37044,32036.25609
37045,31915.61473
37046,31800.21594
37047,31690.09392
37048,31585.2813
37049,31485.80913
37050,31391.7069
37051,31303.00249
37052,31219.72218
37053,31141.89065
37054,31069.53096
37055,31002.66456
37056,30941.31126
37057,30885.48924
37058,30835.21504
37059,30790.50356
37060,30751.36805
37061,30717.8201
37062,30689.86966
37063,30667.525
37064,30650.79275
37065,30639.67787
37066,30634.18365
37067,30634.31172
37068,30640.06204
37069,30651.43291
37070,30668.42095
37071,30691.02114
37072,30719.22677
37073,30753.02949
37074,30792.41928
37075,30837.38448
37076,30887.91175
37077,30943.98612
37078,31005.59098
37079,31072.70807
37080,31145.3175
37081,31223.39777
37082,31306.92573
37083,31395.87662
37084,31490.2241
37085,31589.94021
37086,31694.99539
37087,31805.35852
37088,31920.99689
37089,32041.87624
37090,32167.96075
37091,32299.21306
37092,32435.59427
37093,32577.06397
37094,32723.58024
37095,32875.09967
37096,33031.57736
37097,33192.96693
37098,33359.22057
37099,33530.28902
37100,33706.12157
37101,33886.66613
37102,34071.86919
37103,34261.67589
37104,34456.02997
37105,34654.87384
37106,34858.14858
37107,35065.79396
37108,35277.74845
37109,35493.94924
37110,35714.33226
37111,35938.83221
37112,36167.38257
37113,36399.91561
37114,36636.36243
37115,36876.65296
37116,37120.716
37117,37368.47924
37118,37619.86924
37119,37874.81152
37120,38133.23054
37121,38395.04971
37122,38660.19146
37123,38928.57722
37124,39200.12747
37125,39474.76172
37126,39752.39861
37127,40032.95587
37128,40316.35035
37129,40602.49809
37130,40891.31429
37131,41182.71337
37132,41476.60898
37133,41772.91403
37134,42071.54073
37135,42372.40058
37136,42675.40443
37137,42980.4625
37138,43287.48438
37139,43596.37911
37140,43907.05515
37141,44219.42044
37142,44533.38242
37143,44848.84805
37144,45165.72386
37145,45483.91595
37146,45803.33004
37147,46123.87146
37148,46445.44525
37149,46767.9561
37150,47091.30846
37151,47415.40651
37152,47740.1542
37153,48065.45532
37154,48391.21347
37155,48717.33211
37156,49043.71461
37157,49370.26426
37158,49696.88429
37159,50023.47792
37160,50349.94838
37161,50676.19891
37162,51002.13285
37163,51327.65362
37164,51652.66476
37165,51977.06995
37166,52300.77308
37167,52623.67821
37168,52945.68967
37169,53266.71204
37170,53586.65019
37171,53905.40932
37172,54222.89497
37173,54539.01307
37174,54853.66993
37175,55166.77233
37176,55478.22748
37177,55787.9431
37178,56095.8274
37179,56401.78915
37180,56705.7377
37181,57007.58297
37182,57307.23552
37183,57604.60656
37184,57899.60797
37185,58192.15233
37186,58482.15296
37187,58769.52392
37188,59054.18007
37189,59336.03705
37190,59615.01133
37191,59891.02026
37192,60163.98205
37193,60433.8158
37194,60700.44157
37195,60963.78035
37196,61223.75411
37197,61480.2858
37198,61733.29941
37199,61982.71998
37200,62228.47358
37201,62470.48741
37202,62708.68973
37203,62943.00998
37204,63173.37872
37205,63399.72767
37206,63621.98978
37207,63840.09918
37208,64053.99124
37209,64263.60257
37210,64468.87107
37211,64669.73591
37212,64866.13757
37213,65058.01785
37214,65245.3199
37215,65427.98821
37216,65605.96865
37217,65779.20848
37218,65947.65638
37219,66111.26242
37220,66269.97812
37221,66423.75646
37222,66572.55186
37223,66716.32023
37224,66855.01898
37225,66988.60701
37226,67117.04472
37227,67240.29406
37228,67358.31851
37229,67471.08309
37230,67578.55439
37231,67680.70057
37232,67777.49135
37233,67868.89806
37234,67954.89361
37235,68035.45251
37236,68110.5509
37237,68180.16652
37238,68244.27875
37239,68302.86858
37240,68355.91865
37241,68403.41325
37242,68445.3383
37243,68481.68138
37244,68512.43171
37245,68537.58019
37246,68557.11937
37247,68571.04345
37248,68579.34831
37249,68582.03148
37250,68579.09218
37251,68570.53127
37252,68556.35129
37253,68536.55644
37254,68511.15259
37255,68480.14726
37256,68443.54965
37257,68401.3706
37258,68353.6226
37259,68300.3198
37260,68241.47801
37261,68177.11465
37262,68107.2488
37263,68031.90115
37264,67951.09405
37265,67864.85143
37266,67773.19885
37267,67676.16346
37268,67573.77403
37269,67466.06088
37270,67353.05594
37271,67234.7927
37272,67111.3062
37273,66982.63302
37274,66848.81131
37275,66709.8807
37276,66565.88238
37277,66416.85901
37278,66262.85475
37279,66103.91523
37280,65940.08755
37281,65771.42027
37282,65597.96334
37283,65419.76819
37284,65236.8876
37285,65049.37577
37286,64857.28827
37287,64660.68201
37288,64459.61526
37289,64254.14759
37290,64044.33988
37291,63830.25432
37292,63611.95433
37293,63389.5046
37294,63162.97105
37295,62932.42081
37296,62697.9222
37297,62459.54469
37298,62217.35893
37299,61971.43669
37300,61721.85082
37301,61468.6753
37302,61211.98515
37303,60951.85642
37304,60688.36619
37305,60421.59255
37306,60151.61455
37307,59878.51219
37308,59602.36639
37309,59323.25898
37310,59041.27266
37311,58756.491
37312,58468.99838
37313,58178.88
37314,57886.22181
37315,57591.11055
37316,57293.63365
37317,56993.87928
37318,56691.93624
37319,56387.89402
37320,56081.84271
37321,55773.873
37322,55464.07614
37323,55152.54393
37324,54839.3687
37325,54524.64324
37326,54208.4608
37327,53890.91509
37328,53572.10019
37329,53252.11059
37330,52931.04109
37331,52608.98684
37332,52286.04327
37333,51962.30607
37334,51637.87119
37335,51312.83474
37336,50987.29305
37337,50661.34259
37338,50335.07993
37339,50008.60176
37340,49682.00482
37341,49355.38589
37342,49028.84175
37343,48702.46917
37344,48376.36485
37345,48050.62543
37346,47725.34743
37347,47400.62724
37348,47076.56107
37349,46753.24497
37350,46430.77473
37351,46109.2459
37352,45788.75377
37353,45469.3933
37354,45151.25913
37355,44834.44552
37356,44519.04635
37357,44205.1551
37358,43892.86475
37359,43582.26786
37360,43273.45647
37361,42966.52207
37362,42661.55563
37363,42358.6475
37364,42057.88745
37365,41759.3646
37366,41463.1674
37367,41169.38363
37368,40878.10035
37369,40589.40386
37370,40303.37971
37371,40020.11265
37372,39739.68664
37373,39462.18475
37374,39187.68922
37375,38916.2814
37376,38648.0417
37377,38383.04961
37378,38121.38365
37379,37863.12136
37380,37608.33927
37381,37357.11287
37382,37109.51662
37383,36865.62387
37384,36625.5069
37385,36389.23686
37386,36156.88376
37387,35928.51646
37388,35704.20262
37389,35484.00871
37390,35267.99998
37391,35056.24044
37392,34848.79284
37393,34645.71865
37394,34447.07804
37395,34252.92988
37396,34063.33169
37397,33878.33966
37398,33698.00861
37399,33522.39196
37400,33351.54177
37401,33185.50865
37402,33024.34181
37403,32868.08901
37404,32716.79653
37405,32570.50922
37406,32429.27043
37407,32293.122
37408,32162.10428
37409,32036.25609
37410,31915.61473
37411,31800.21594
37412,31690.09392
37413,31585.2813
37414,31485.80913
37415,31391.7069
37416,31303.00249
37417,31219.72218
37418,31141.89065
37419,31069.53096
37420,31002.66456
37421,30941.31126
37422,30885.48924
37423,30835.21504
37424,30790.50356
37425,30751.36805
37426,30717.8201
37427,30689.86966
37428,30667.525
37429,30650.79275
37430,30639.67787
37431,30634.18365
37432,30634.31172
37433,30640.06204
37434,30651.43291
37435,30668.42095
37436,30691.02114
37437,30719.22677
37438,30753.02949
37439,30792.41928
37440,30837.38448
37441,30887.91175
37442,30943.98612
37443,31005.59098
37444,31072.70807
37445,31145.3175
37446,31223.39777
37447,31306.92573
37448,31395.87662
37449,31490.2241
37450,31589.94021
37451,31694.99539
37452,31805.35852
37453,31920.99689
37454,32041.87624
37455,32167.96075
37456,32299.21306
37457,32435.59427
37458,32577.06397
37459,32723.58024
37460,32875.09967
37461,33031.57736
37462,33192.96693
37463,33359.22057
37464,33530.28902
37465,33706.12157
37466,33886.66613
37467,34071.86919
37468,34261.67589
37469,34456.02997
37470,34654.87384
37471,34858.14858
37472,35065.79396
37473,35277.74845
37474,35493.94924
37475,35714.33226
37476,35938.83221
37477,36167.38257
37478,36399.91561
37479,36636.36243
37480,36876.65296
37481,37120.716
37482,37368.47924
37483,37619.86924
37484,37874.81152
37485,38133.23054
37486,38395.04971
37487,38660.19146
37488,38928.57722
37489,39200.12747
37490,39474.76172
37491,39752.39861
37492,40032.95587
37493,40316.35035
37494,40602.49809
37495,40891.31429
37496,41182.71337
37497,41476.60898
37498,41772.91403
37499,42071.54073
37500,42372.40058
37501,42675.40443
37502,42980.4625
37503,43287.48438
37504,43596.37911
37505,43907.05515
37506,44219.42044
37507,44533.38242
37508,44848.84805
37509,45165.72386
37510,45483.91595
37511,45803.33004
37512,46123.87146
37513,46445.44525
37514,46767.9561
37515,47091.30846
37516,47415.40651
37517,47740.1542
37518,48065.45532
37519,48391.21347
37520,48717.33211
37521,49043.71461
37522,49370.26426
37523,49696.88429
37524,50023.47792
37525,50349.94838
37526,50676.19891
37527,51002.13285
37528,51327.65362
37529,51652.66476
37530,51977.06995
37531,52300.77308
37532,52623.67821
37533,52945.68967
37534,53266.71204
37535,53586.65019
37536,53905.40932
37537,54222.89497
37538,54539.01307
37539,54853.66993
37540,55166.77233
37541,55478.22748
37542,55787.9431
37543,56095.8274
37544,56401.78915
37545,56705.7377
37546,57007.58297
37547,57307.23552
37548,57604.60656
37549,57899.60797
37550,58192.15233
37551,58482.15296
37552,58769.52392
37553,59054.18007
37554,59336.03705
37555,59615.01133
37556,59891.02026
37557,60163.98205
37558,60433.8158
37559,60700.44157
37560,60963.78035
37561,61223.75411
37562,61480.2858
37563,61733.29941
37564,61982.71998
37565,62228.47358
37566,62470.48741
37567,62708.68973
37568,62943.00998
37569,63173.37872
37570,63399.72767
37571,63621.98978
37572,63840.09918
37573,64053.99124
37574,64263.60257
37575,64468.87107
37576,64669.73591
37577,64866.13757
37578,65058.01785
37579,65245.3199
37580,65427.98821
37581,65605.96865
37582,65779.20848
37583,65947.65638
37584,66111.26242
37585,66269.97812
37586,66423.75646
37587,66572.55186
37588,66716.32023
37589,66855.01898
37590,66988.60701
37591,67117.04472
37592,67240.29406
37593,67358.31851
37594,67471.08309
37595,67578.55439
37596,67680.70057
37597,67777.49135
37598,67868.89806
37599,67954.89361
37600,68035.45251
37601,68110.5509
37602,68180.16652
37603,68244.27875
37604,68302.86858
37605,68355.91865
37606,68403.41325
37607,68445.3383
37608,68481.68138
37609,68512.43171
37610,68537.58019
37611,68557.11937
37612,68571.04345
37613,68579.34831
37614,68582.03148
37615,68579.09218
37616,68570.53127
37617,68556.35129
37618,68536.55644
37619,68511.15259
37620,68480.14726
37621,68443.54965
37622,68401.3706
37623,68353.6226
37624,68300.3198
37625,68241.47801
37626,68177.11465
37627,68107.2488
37628,68031.90115
37629,67951.09405
37630,67864.85143
37631,67773.19885
37632,67676.16346
37633,67573.77403
37634,67466.06088
37635,67353.05594
37636,67234.7927
37637,67111.3062
37638,66982.63302
37639,66848.81131
37640,66709.8807
37641,66565.88238
37642,66416.85901
37643,66262.85475
37644,66103.91523
37645,65940.08755
37646,65771.42027
37647,65597.96334
37648,65419.76819
37649,65236.8876
37650,65049.37577
37651,64857.28827
37652,64660.68201
37653,64459.61526
37654,64254.14759
37655,64044.33988
37656,63830.25432
37657,63611.95433
37658,63389.5046
37659,63162.97105
37660,62932.42081
37661,62697.9222
37662,62459.54469
37663,62217.35893
37664,61971.43669
37665,61721.85082
37666,61468.6753
37667,61211.98515
37668,60951.85642
37669,60688.36619
37670,60421.59255
37671,60151.61455
37672,59878.51219
37673,59602.36639
37674,59323.25898
37675,59041.27266
37676,58756.491
37677,58468.99838
37678,58178.88
37679,57886.22181
37680,57591.11055
37681,57293.63365
37682,56993.87928
37683,56691.93624
37684,56387.89402
37685,56081.84271
37686,55773.873
37687,55464.07614
37688,55152.54393
37689,54839.3687
37690,54524.64324
37691,54208.4608
37692,53890.91509
37693,53572.10019
37694,53252.11059
37695,52931.04109
37696,52608.98684
37697,52286.04327
37698,51962.30607
37699,51637.87119
37700,51312.83474
37701,50987.29305
37702,50661.34259
37703,50335.07993
37704,50008.60176
37705,49682.00482
37706,49355.38589
37707,49028.84175
37708,48702.46917
37709,48376.36485
37710,48050.62543
37711,47725.34743
37712,47400.62724
37713,47076.56107
37714,46753.24497
37715,46430.77473
37716,46109.2459
37717,45788.75377
37718,45469.3933
37719,45151.25913
37720,44834.44552
37721,44519.04635
37722,44205.1551
37723,43892.86475
37724,43582.26786
37725,43273.45647
37726,42966.52207
37727,42661.55563
37728,42358.6475
37729,42057.88745
37730,41759.3646
37731,41463.1674
37732,41169.38363
37733,40878.10035
37734,40589.40386
37735,40303.37971
37736,40020.11265
37737,39739.68664
37738,39462.18475
37739,39187.68922
37740,38916.2814
37741,38648.0417
37742,38383.04961
37743,38121.38365
37744,37863.12136
37745,37608.33927
37746,37357.11287
37747,37109.51662
37748,36865.62387
37749,36625.5069
37750,36389.23686
37751,36156.88376
37752,35928.51646
37753,35704.20262
37754,35484.00871
37755,35267.99998
37756,35056.24044
37757,34848.79284
37758,34645.71865
37759,34447.07804
37760,34252.92988
37761,34063.33169
37762,33878.33966
37763,33698.00861
37764,33522.39196
37765,33351.54177
37766,33185.50865
37767,33024.34181
37768,32868.08901
37769,32716.79653
37770,32570.50922
37771,32429.27043
37772,32293.122
37773,32162.10428
37774,32036.25609
37775,31915.61473
37776,31800.21594
37777,31690.09392
37778,31585.2813
37779,31485.80913
37780,31391.7069
37781,31303.00249
37782,31219.72218
37783,31141.89065
37784,31069.53096
37785,31002.66456
37786,30941.31126
37787,30885.48924
37788,30835.21504
37789,30790.50356
37790,30751.36805
37791,30717.8201
37792,30689.86966
37793,30667.525
37794,30650.79275
37795,30639.67787
37796,30634.18365
37797,30634.31172
37798,30640.06204
37799,30651.43291
37800,30668.42095
37801,30691.02114
37802,30719.22677
37803,30753.02949
37804,30792.41928
37805,30837.38448
37806,30887.91175
37807,30943.98612
37808,31005.59098
37809,31072.70807
37810,31145.3175
37811,31223.39777
37812,31306.92573
37813,31395.87662
37814,31490.2241
37815,31589.94021
37816,31694.99539
37817,31805.35852
37818,31920.99689
37819,32041.87624
37820,32167.96075
37821,32299.21306
37822,32435.59427
37823,32577.06397
37824,32723.58024
37825,32875.09967
37826,33031.57736
37827,33192.96693
37828,33359.22057
37829,33530.28902
37830,33706.12157
37831,33886.66613
37832,34071.86919
37833,34261.67589
37834,34456.02997
37835,34654.87384
37836,34858.14858
37837,35065.79396
37838,35277.74845
37839,35493.94924
37840,35714.33226
37841,35938.83221
37842,36167.38257
37843,36399.91561
37844,36636.36243
37845,36876.65296
37846,37120.716
37847,37368.47924
37848,37619.86924
37849,37874.81152
37850,38133.23054
37851,38395.04971
37852,38660.19146
37853,38928.57722
37854,39200.12747
37855,39474.76172
37856,39752.39861
37857,40032.95587
37858,40316.35035
37859,40602.49809
37860,40891.31429
37861,41182.71337
37862,41476.60898
37863,41772.91403
37864,42071.54073
37865,42372.40058
37866,42675.40443
37867,42980.4625
37868,43287.48438
37869,43596.37911
37870,43907.05515
37871,44219.42044
37872,44533.38242
37873,44848.84805
37874,45165.72386
37875,45483.91595
37876,45803.33004
37877,46123.87146
37878,46445.44525
37879,46767.9561
37880,47091.30846
37881,47415.40651
37882,47740.1542
37883,48065.45532
37884,48391.21347
37885,48717.33211
37886,49043.71461
37887,49370.26426
37888,49696.88429
37889,50023.47792
37890,50349.94838
37891,50676.19891
37892,51002.13285
37893,51327.65362
37894,51652.66476
37895,51977.06995
37896,52300.77308
37897,52623.67821
37898,52945.68967
37899,53266.71204
37900,53586.65019
37901,53905.40932
37902,54222.89497
37903,54539.01307
37904,54853.66993
37905,55166.77233
37906,55478.22748
37907,55787.9431
37908,56095.8274
37909,56401.78915
37910,56705.7377
37911,57007.58297
37912,57307.23552
37913,57604.60656
37914,57899.60797
37915,58192.15233
37916,58482.15296
37917,58769.52392
37918,59054.18007
37919,59336.03705
37920,59615.01133
37921,59891.02026
37922,60163.98205
37923,60433.8158
37924,60700.44157
37925,60963.78035
37926,61223.75411
37927,61480.2858
37928,61733.29941
37929,61982.71998
37930,62228.47358
37931,62470.48741
37932,62708.68973
37933,62943.00998
37934,63173.37872
37935,63399.72767
37936,63621.98978
37937,63840.09918
37938,64053.99124
37939,64263.60257
37940,64468.87107
37941,64669.73591
37942,64866.13757
37943,65058.01785
37944,65245.3199
37945,65427.98821
37946,65605.96865
37947,65779.20848
37948,65947.65638
37949,66111.26242
37950,66269.97812
37951,66423.75646
37952,66572.55186
37953,66716.32023
37954,66855.01898
37955,66988.60701
37956,67117.04472
37957,67240.29406
37958,67358.31851
37959,67471.08309
37960,67578.55439
37961,67680.70057
37962,67777.49135
37963,67868.89806
37964,67954.89361
37965,68035.45251
37966,68110.5509
37967,68180.16652
37968,68244.27875
37969,68302.86858
37970,68355.91865
37971,68403.41325
37972,68445.3383
37973,68481.68138
37974,68512.43171
37975,68537.58019
37976,68557.11937
37977,68571.04345
37978,68579.34831
37979,68582.03148
37980,68579.09218
37981,68570.53127
37982,68556.35129
37983,68536.55644
37984,68511.15259
37985,68480.14726
37986,68443.54965
37987,68401.3706
37988,68353.6226
37989,68300.3198
37990,68241.47801
37991,68177.11465
37992,68107.2488
37993,68031.90115
37994,67951.09405
37995,67864.85143
37996,67773.19885
37997,67676.16346
37998,67573.77403
37999,67466.06088
38000,67353.05594
38001,67234.7927
38002,67111.3062
38003,66982.63302
38004,66848.81131
38005,66709.8807
38006,66565.88238
38007,66416.85901
38008,66262.85475
38009,66103.91523
38010,65940.08755
38011,65771.42027
38012,65597.96334
38013,65419.76819
38014,65236.8876
38015,65049.37577
38016,64857.28827
38017,64660.68201
38018,64459.61526
38019,64254.14759
38020,64044.33988
38021,63830.25432
38022,63611.95433
38023,63389.5046
38024,63162.97105
38025,62932.42081
38026,62697.9222
38027,62459.54469
38028,62217.35893
38029,61971.43669
38030,61721.85082
38031,61468.6753
38032,61211.98515
38033,60951.85642
38034,60688.36619
38035,60421.59255
38036,60151.61455
38037,59878.51219
38038,59602.36639
38039,59323.25898
38040,59041.27266
38041,58756.491
38042,58468.99838
38043,58178.88
38044,57886.22181
38045,57591.11055
38046,57293.63365
38047,56993.87928
38048,56691.93624
38049,56387.89402
38050,56081.84271
38051,55773.873
38052,55464.07614
38053,55152.54393
38054,54839.3687
38055,54524.64324
38056,54208.4608
38057,53890.91509
38058,53572.10019
38059,53252.11059
38060,52931.04109
38061,52608.98684
38062,52286.04327
38063,51962.30607
38064,51637.87119
38065,51312.83474
38066,50987.29305
38067,50661.34259
38068,50335.07993
38069,50008.60176
38070,49682.00482
38071,49355.38589
38072,49028.84175
38073,48702.46917
38074,48376.36485
38075,48050.62543
38076,47725.34743
38077,47400.62724
38078,47076.56107
38079,46753.24497
38080,46430.77473
38081,46109.2459
38082,45788.75377
38083,45469.3933
38084,45151.25913
38085,44834.44552
38086,44519.04635
38087,44205.1551
38088,43892.86475
38089,43582.26786
38090,43273.45647
38091,42966.52207
38092,42661.55563
38093,42358.6475
38094,42057.88745
38095,41759.3646
38096,41463.1674
38097,41169.38363
38098,40878.10035
38099,40589.40386
38100,40303.37971
38101,40020.11265
38102,39739.68664
38103,39462.18475
38104,39187.68922
38105,38916.2814
38106,38648.0417
38107,38383.04961
38108,38121.38365
38109,37863.12136
38110,37608.33927
38111,37357.11287
38112,37109.51662
38113,36865.62387
38114,36625.5069
38115,36389.23686
38116,36156.88376
38117,35928.51646
38118,35704.20262
38119,35484.00871
38120,35267.99998
38121,35056.24044
38122,34848.79284
38123,34645.71865
38124,34447.07804
38125,34252.92988
38126,34063.33169
38127,33878.33966
38128,33698.00861
38129,33522.39196
38130,33351.54177
38131,33185.50865
38132,33024.34181
38133,32868.08901
38134,32716.79653
38135,32570.50922
38136,32429.27043
38137,32293.122
38138,32162.10428
38139,32036.25609
38140,31915.61473
38141,31800.21594
38142,31690.09392
38143,31585.2813
38144,31485.80913
38145,31391.7069
38146,31303.00249
38147,31219.72218
38148,31141.89065
38149,31069.53096
38150,31002.66456
38151,30941.31126
38152,30885.48924
38153,30835.21504
38154,30790.50356
38155,30751.36805
38156,30717.8201
38157,30689.86966
38158,30667.525
38159,30650.79275
38160,30639.67787
38161,30634.18365
38162,30634.31172
38163,30640.06204
38164,30651.43291
38165,30668.42095
38166,30691.02114
38167,30719.22677
38168,30753.02949
38169,30792.41928
38170,30837.38448
38171,30887.91175
38172,30943.98612
38173,31005.59098
38174,31072.70807
38175,31145.3175
38176,31223.39777
38177,31306.92573
38178,31395.87662
38179,31490.2241
38180,31589.94021
38181,31694.99539
38182,31805.35852
38183,31920.99689
38184,32041.87624
38185,32167.96075
38186,32299.21306
38187,32435.59427
38188,32577.06397
38189,32723.58024
38190,32875.09967
38191,33031.57736
38192,33192.96693
38193,33359.22057
38194,33530.28902
38195,33706.12157
38196,33886.66613
38197,34071.86919
38198,34261.67589
38199,34456.02997
38200,34654.87384
38201,34858.14858
38202,35065.79396
38203,35277.74845
38204,35493.94924
38205,35714.33226
38206,35938.83221
38207,36167.38257
38208,36399.91561
38209,36636.36243
38210,36876.65296
38211,37120.716
38212,37368.47924
38213,37619.86924
38214,37874.81152
38215,38133.23054
38216,38395.04971
38217,38660.19146
38218,38928.57722
38219,39200.12747
38220,39474.76172
38221,39752.39861
38222,40032.95587
38223,40316.35035
38224,40602.49809
38225,40891.31429
38226,41182.71337
38227,41476.60898
38228,41772.91403
38229,42071.54073
38230,42372.40058
38231,42675.40443
38232,42980.4625
38233,43287.48438
38234,43596.37911
38235,43907.05515
38236,44219.42044
38237,44533.38242
38238,44848.84805
38239,45165.72386
38240,45483.91595
38241,45803.33004
38242,46123.87146
38243,46445.44525
38244,46767.9561
38245,47091.30846
38246,47415.40651
38247,47740.1542
38248,48065.45532
38249,48391.21347
38250,48717.33211
38251,49043.71461
38252,49370.26426
38253,49696.88429
38254,50023.47792
38255,50349.94838
38256,50676.19891
38257,51002.13285
38258,51327.65362
38259,51652.66476
38260,51977.06995
38261,52300.77308
38262,52623.67821
38263,52945.68967
38264,53266.71204
38265,53586.65019
38266,53905.40932
38267,54222.89497
38268,54539.01307
38269,54853.66993
38270,55166.77233
38271,55478.22748
38272,55787.9431
38273,56095.8274
38274,56401.78915
38275,56705.7377
38276,57007.58297
38277,57307.23552
38278,57604.60656
38279,57899.60797
38280,58192.15233
38281,58482.15296
38282,58769.52392
38283,59054.18007
38284,59336.03705
38285,59615.01133
38286,59891.02026
38287,60163.98205
38288,60433.8158
38289,60700.44157
38290,60963.78035
38291,61223.75411
38292,61480.2858
38293,61733.29941
38294,61982.71998
38295,62228.47358
38296,62470.48741
38297,62708.68973
38298,62943.00998
38299,63173.37872
38300,63399.72767
38301,63621.98978
38302,63840.09918
38303,64053.99124
38304,64263.60257
38305,64468.87107
38306,64669.73591
38307,64866.13757
38308,65058.01785
38309,65245.3199
38310,65427.98821
38311,65605.96865
38312,65779.20848
38313,65947.65638
38314,66111.26242
38315,66269.97812
38316,66423.75646
38317,66572.55186
38318,66716.32023
38319,66855.01898
38320,66988.60701
38321,67117.04472
38322,67240.29406
38323,67358.31851
38324,67471.08309
38325,67578.55439
38326,67680.70057
38327,67777.49135
38328,67868.89806
38329,67954.89361
38330,68035.45251
38331,68110.5509
38332,68180.16652
38333,68244.27875
38334,68302.86858
38335,68355.91865
38336,68403.41325
38337,68445.3383
38338,68481.68138
38339,68512.43171
38340,68537.58019
38341,68557.11937
38342,68571.04345
38343,68579.34831
38344,68582.03148
38345,68579.09218
38346,68570.53127
38347,68556.35129
38348,68536.55644
38349,68511.15259
38350,68480.14726
38351,68443.54965
38352,68401.3706
38353,68353.6226
38354,68300.3198
38355,68241.47801
38356,68177.11465
38357,68107.2488
38358,68031.90115
38359,67951.09405
38360,67864.85143
38361,67773.19885
38362,67676.16346
38363,67573.77403
38364,67466.06088
38365,67353.05594
38366,67234.7927
38367,67111.3062
38368,66982.63302
38369,66848.81131
38370,66709.8807
38371,66565.88238
38372,66416.85901
38373,66262.85475
38374,66103.91523
38375,65940.08755
38376,65771.42027
38377,65597.96334
38378,65419.76819
38379,65236.8876
38380,65049.37577
38381,64857.28827
38382,64660.68201
38383,64459.61526
38384,64254.14759
38385,64044.33988
38386,63830.25432
38387,63611.95433
38388,63389.5046
38389,63162.97105
38390,62932.42081
38391,62697.9222
38392,62459.54469
38393,62217.35893
38394,61971.43669
38395,61721.85082
38396,61468.6753
38397,61211.98515
38398,60951.85642
38399,60688.36619
38400,60421.59255
38401,60151.61455
38402,59878.51219
38403,59602.36639
38404,59323.25898
38405,59041.27266
38406,58756.491
38407,58468.99838
38408,58178.88
38409,57886.22181
38410,57591.11055
38411,57293.63365
38412,56993.87928
38413,56691.93624
38414,56387.89402
38415,56081.84271
38416,55773.873
38417,55464.07614
38418,55152.54393
38419,54839.3687
38420,54524.64324
38421,54208.4608
38422,53890.91509
38423,53572.10019
38424,53252.11059
38425,52931.04109
38426,52608.98684
38427,52286.04327
38428,51962.30607
38429,51637.87119
38430,51312.83474
38431,50987.29305
38432,50661.34259
38433,50335.07993
38434,50008.60176
38435,49682.00482
38436,49355.38589
38437,49028.84175
38438,48702.46917
38439,48376.36485
38440,48050.62543
38441,47725.34743
38442,47400.62724
38443,47076.56107
38444,46753.24497
38445,46430.77473
38446,46109.2459
38447,45788.75377
38448,45469.3933
38449,45151.25913
38450,44834.44552
38451,44519.04635
38452,44205.1551
38453,43892.86475
38454,43582.26786
38455,43273.45647
38456,42966.52207
38457,42661.55563
38458,42358.6475
38459,42057.88745
38460,41759.3646
38461,41463.1674
38462,41169.38363
38463,40878.10035
38464,40589.40386
38465,40303.37971
38466,40020.11265
38467,39739.68664
38468,39462.18475
38469,39187.68922
38470,38916.2814
38471,38648.0417
38472,38383.04961
38473,38121.38365
38474,37863.12136
38475,37608.33927
38476,37357.11287
38477,37109.51662
38478,36865.62387
38479,36625.5069
38480,36389.23686
38481,36156.88376
38482,35928.51646
38483,35704.20262
38484,35484.00871
38485,35267.99998
38486,35056.24044
38487,34848.79284
38488,34645.71865
38489,34447.07804
38490,34252.92988
38491,34063.33169
38492,33878.33966
38493,33698.00861
38494,33522.39196
38495,33351.54177
38496,33185.50865
38497,33024.34181
38498,32868.08901
38499,32716.79653
38500,32570.50922
38501,32429.27043
38502,32293.122
38503,32162.10428
38504,32036.25609
38505,31915.61473
38506,31800.21594
38507,31690.09392
38508,31585.2813
38509,31485.80913
38510,31391.7069
38511,31303.00249
38512,31219.72218
38513,31141.89065
38514,31069.53096
38515,31002.66456
38516,30941.31126
38517,30885.48924
38518,30835.21504
38519,30790.50356
38520,30751.36805
38521,30717.8201
38522,30689.86966
38523,30667.525
38524,30650.79275
38525,30639.67787
38526,30634.18365
38527,30634.31172
38528,30640.06204
38529,30651.43291
38530,30668.42095
38531,30691.02114
38532,30719.22677
38533,30753.02949
38534,30792.41928
38535,30837.38448
38536,30887.91175
38537,30943.98612
38538,31005.59098
38539,31072.70807
38540,31145.3175
38541,31223.39777
38542,31306.92573
38543,31395.87662
38544,31490.2241
38545,31589.94021
38546,31694.99539
38547,31805.35852
38548,31920.99689
38549,32041.87624
38550,32167.96075
38551,32299.21306
38552,32435.59427
38553,32577.06397
38554,32723.58024
38555,32875.09967
38556,33031.57736
38557,33192.96693
38558,33359.22057
38559,33530.28902
38560,33706.12157
38561,33886.66613
38562,34071.86919
38563,34261.67589
38564,34456.02997
38565,34654.87384
38566,34858.14858
38567,35065.79396
38568,35277.74845
38569,35493.94924
38570,35714.33226
38571,35938.83221
38572,36167.38257
38573,36399.91561
38574,36636.36243
38575,36876.65296
38576,37120.716
38577,37368.47924
38578,37619.86924
38579,37874.81152
38580,38133.23054
38581,38395.04971
38582,38660.19146
38583,38928.57722
38584,39200.12747
38585,39474.76172
38586,39752.39861
38587,40032.95587
38588,40316.35035
38589,40602.49809
38590,40891.31429
38591,41182.71337
38592,41476.60898
38593,41772.91403
38594,42071.54073
38595,42372.40058
38596,42675.40443
38597,42980.4625
38598,43287.48438
38599,43596.37911
38600,43907.05515
38601,44219.42044
38602,44533.38242
38603,44848.84805
38604,45165.72386
38605,45483.91595
38606,45803.33004
38607,46123.87146
38608,46445.44525
38609,46767.9561
38610,47091.30846
38611,47415.40651
38612,47740.1542
38613,48065.45532
38614,48391.21347
38615,48717.33211
38616,49043.71461
38617,49370.26426
38618,49696.88429
38619,50023.47792
38620,50349.94838
38621,50676.19891
38622,51002.13285
38623,51327.65362
38624,51652.66476
38625,51977.06995
38626,52300.77308
38627,52623.67821
38628,52945.68967
38629,53266.71204
38630,53586.65019
38631,53905.40932
38632,54222.89497
38633,54539.01307
38634,54853.66993
38635,55166.77233
38636,55478.22748
38637,55787.9431
38638,56095.8274
38639,56401.78915
38640,56705.7377
38641,57007.58297
38642,57307.23552
38643,57604.60656
38644,57899.60797
38645,58192.15233
38646,58482.15296
38647,58769.52392
38648,59054.18007
38649,59336.03705
38650,59615.01133
38651,59891.02026
38652,60163.98205
38653,60433.8158
38654,60700.44157
38655,60963.78035
38656,61223.75411
38657,61480.2858
38658,61733.29941
38659,61982.71998
38660,62228.47358
38661,62470.48741
38662,62708.68973
38663,62943.00998
38664,63173.37872
38665,63399.72767
38666,63621.98978
38667,63840.09918
38668,64053.99124
38669,64263.60257
38670,64468.87107
38671,64669.73591
38672,64866.13757
38673,65058.01785
38674,65245.3199
38675,65427.98821
38676,65605.96865
38677,65779.20848
38678,65947.65638
38679,66111.26242
38680,66269.97812
38681,66423.75646
38682,66572.55186
38683,66716.32023
38684,66855.01898
38685,66988.60701
38686,67117.04472
38687,67240.29406
38688,67358.31851
38689,67471.08309
38690,67578.55439
38691,67680.70057
38692,67777.49135
38693,67868.89806
38694,67954.89361
38695,68035.45251
38696,68110.5509
38697,68180.16652
38698,68244.27875
38699,68302.86858
38700,68355.91865
38701,68403.41325
38702,68445.3383
38703,68481.68138
38704,68512.43171
38705,68537.58019
38706,68557.11937
38707,68571.04345
38708,68579.34831
38709,68582.03148
38710,68579.09218
38711,68570.53127
38712,68556.35129
38713,68536.55644
38714,68511.15259
38715,68480.14726
38716,68443.54965
38717,68401.3706
38718,68353.6226
38719,68300.3198
38720,68241.47801
38721,68177.11465
38722,68107.2488
38723,68031.90115
38724,67951.09405
38725,67864.85143
38726,67773.19885
38727,67676.16346
38728,67573.77403
38729,67466.06088
38730,67353.05594
38731,67234.7927
38732,67111.3062
38733,66982.63302
38734,66848.81131
38735,66709.8807
38736,66565.88238
38737,66416.85901
38738,66262.85475
38739,66103.91523
38740,65940.08755
38741,65771.42027
38742,65597.96334
38743,65419.76819
38744,65236.8876
38745,65049.37577
38746,64857.28827
38747,64660.68201
38748,64459.61526
38749,64254.14759
38750,64044.33988
38751,63830.25432
38752,63611.95433
38753,63389.5046
38754,63162.97105
38755,62932.42081
38756,62697.9222
38757,62459.54469
38758,62217.35893
38759,61971.43669
38760,61721.85082
38761,61468.6753
38762,61211.98515
38763,60951.85642
38764,60688.36619
38765,60421.59255
38766,60151.61455
38767,59878.51219
38768,59602.36639
38769,59323.25898
38770,59041.27266
38771,58756.491
38772,58468.99838
38773,58178.88
38774,57886.22181
38775,57591.11055
38776,57293.63365
38777,56993.87928
38778,56691.93624
38779,56387.89402
38780,56081.84271
38781,55773.873
38782,55464.07614
38783,55152.54393
38784,54839.3687
38785,54524.64324
38786,54208.4608
38787,53890.91509
38788,53572.10019
38789,53252.11059
38790,52931.04109
38791,52608.98684
38792,52286.04327
38793,51962.30607
38794,51637.87119
38795,51312.83474
38796,50987.29305
38797,50661.34259
38798,50335.07993
38799,50008.60176
38800,49682.00482
38801,49355.38589
38802,49028.84175
38803,48702.46917
38804,48376.36485
38805,48050.62543
38806,47725.34743
38807,47400.62724
38808,47076.56107
38809,46753.24497
38810,46430.77473
38811,46109.2459
38812,45788.75377
38813,45469.3933
38814,45151.25913
38815,44834.44552
38816,44519.04635
38817,44205.1551
38818,43892.86475
38819,43582.26786
38820,43273.45647
38821,42966.52207
38822,42661.55563
38823,42358.6475
38824,42057.88745
38825,41759.3646
38826,41463.1674
38827,41169.38363
38828,40878.10035
38829,40589.40386
38830,40303.37971
38831,40020.11265
38832,39739.68664
38833,39462.18475
38834,39187.68922
38835,38916.2814
38836,38648.0417
38837,38383.04961
38838,38121.38365
38839,37863.12136
38840,37608.33927
38841,37357.11287
38842,37109.51662
38843,36865.62387
38844,36625.5069
38845,36389.23686
38846,36156.88376
38847,35928.51646
38848,35704.20262
38849,35484.00871
38850,35267.99998
38851,35056.24044
38852,34848.79284
38853,34645.71865
38854,34447.07804
38855,34252.92988
38856,34063.33169
38857,33878.33966
38858,33698.00861
38859,33522.39196
38860,33351.54177
38861,33185.50865
38862,33024.34181
38863,32868.08901
38864,32716.79653
38865,32570.50922
38866,32429.27043
38867,32293.122
38868,32162.10428
38869,32036.25609
38870,31915.61473
38871,31800.21594
38872,31690.09392
38873,31585.2813
38874,31485.80913
38875,31391.7069
38876,31303.00249
38877,31219.72218
38878,31141.89065
38879,31069.53096
38880,31002.66456
38881,30941.31126
38882,30885.48924
38883,30835.21504
38884,30790.50356
38885,30751.36805
38886,30717.8201
38887,30689.86966
38888,30667.525
38889,30650.79275
38890,30639.67787
38891,30634.18365
38892,30634.31172
38893,30640.06204
38894,30651.43291
38895,30668.42095
38896,30691.02114
38897,30719.22677
38898,30753.02949
38899,30792.41928
38900,30837.38448
38901,30887.91175
38902,30943.98612
38903,31005.59098
38904,31072.70807
38905,31145.3175
38906,31223.39777
38907,31306.92573
38908,31395.87662
38909,31490.2241
38910,31589.94021
38911,31694.99539
38912,31805.35852
38913,31920.99689
38914,32041.87624
38915,32167.96075
38916,32299.21306
38917,32435.59427
38918,32577.06397
38919,32723.58024
38920,32875.09967
38921,33031.57736
38922,33192.96693
38923,33359.22057
38924,33530.28902
38925,33706.12157
38926,33886.66613
38927,34071.86919
38928,34261.67589
38929,34456.02997
38930,34654.87384
38931,34858.14858
38932,35065.79396
38933,35277.74845
38934,35493.94924
38935,35714.33226
38936,35938.83221
38937,36167.38257
38938,36399.91561
38939,36636.36243
38940,36876.65296
38941,37120.716
38942,37368.47924
38943,37619.86924
38944,37874.81152
38945,38133.23054
38946,38395.04971
38947,38660.19146
38948,38928.57722
38949,39200.12747
38950,39474.76172
38951,39752.39861
38952,40032.95587
38953,40316.35035
38954,40602.49809
38955,40891.31429
38956,41182.71337
38957,41476.60898
38958,41772.91403
38959,42071.54073
38960,42372.40058
38961,42675.40443
38962,42980.4625
38963,43287.48438
38964,43596.37911
38965,43907.05515
38966,44219.42044
38967,44533.38242
38968,44848.84805
38969,45165.72386
38970,45483.91595
38971,45803.33004
38972,46123.87146
38973,46445.44525
38974,46767.9561
38975,47091.30846
38976,47415.40651
38977,47740.1542
38978,48065.45532
38979,48391.21347
38980,48717.33211
38981,49043.71461
38982,49370.26426
38983,49696.88429
38984,50023.47792
38985,50349.94838
38986,50676.19891
38987,51002.13285
38988,51327.65362
38989,51652.66476
38990,51977.06995
38991,52300.77308
38992,52623.67821
38993,52945.68967
38994,53266.71204
38995,53586.65019
38996,53905.40932
38997,54222.89497
38998,54539.01307
38999,54853.66993
39000,55166.77233
39001,55478.22748
39002,55787.9431
39003,56095.8274
39004,56401.78915
39005,56705.7377
39006,57007.58297
39007,57307.23552
39008,57604.60656
39009,57899.60797
39010,58192.15233
39011,58482.15296
39012,58769.52392
39013,59054.18007
39014,59336.03705
39015,59615.01133
39016,59891.02026
39017,60163.98205
39018,60433.8158
39019,60700.44157
39020,60963.78035
39021,61223.75411
39022,61480.2858
39023,61733.29941
39024,61982.71998
39025,62228.47358
39026,62470.48741
39027,62708.68973
39028,62943.00998
39029,63173.37872
39030,63399.72767
39031,63621.98978
39032,63840.09918
39033,64053.99124
39034,64263.60257
39035,64468.87107
39036,64669.73591
39037,64866.13757
39038,65058.01785
39039,65245.3199
39040,65427.98821
39041,65605.96865
39042,65779.20848
39043,65947.65638
39044,66111.26242
39045,66269.97812
39046,66423.75646
39047,66572.55186
39048,66716.32023
39049,66855.01898
39050,66988.60701
39051,67117.04472
39052,67240.29406
39053,67358.31851
39054,67471.08309
39055,67578.55439
39056,67680.70057
39057,67777.49135
39058,67868.89806
39059,67954.89361
39060,68035.45251
39061,68110.5509
39062,68180.16652
39063,68244.27875
39064,68302.86858
39065,68355.91865
39066,68403.41325
39067,68445.3383
39068,68481.68138
39069,68512.43171
39070,68537.58019
39071,68557.11937
39072,68571.04345
39073,68579.34831
39074,68582.03148
39075,68579.09218
39076,68570.53127
39077,68556.35129
39078,68536.55644
39079,68511.15259
39080,68480.14726
39081,68443.54965
39082,68401.3706
39083,68353.6226
39084,68300.3198
39085,68241.47801
39086,68177.11465
39087,68107.2488
39088,68031.90115
39089,67951.09405
39090,67864.85143
39091,67773.19885
39092,67676.16346
39093,67573.77403
39094,67466.06088
39095,67353.05594
39096,67234.7927
39097,67111.3062
39098,66982.63302
39099,66848.81131
39100,66709.8807
39101,66565.88238
39102,66416.85901
39103,66262.85475
39104,66103.91523
39105,65940.08755
39106,65771.42027
39107,65597.96334
39108,65419.76819
39109,65236.8876
39110,65049.37577
39111,64857.28827
39112,64660.68201
39113,64459.61526
39114,64254.14759
39115,64044.33988
39116,63830.25432
39117,63611.95433
39118,63389.5046
39119,63162.97105
39120,62932.42081
39121,62697.9222
39122,62459.54469
39123,62217.35893
39124,61971.43669
39125,61721.85082
39126,61468.6753
39127,61211.98515
39128,60951.85642
39129,60688.36619
39130,60421.59255
39131,60151.61455
39132,59878.51219
39133,59602.36639
39134,59323.25898
39135,59041.27266
39136,58756.491
39137,58468.99838
39138,58178.88
39139,57886.22181
39140,57591.11055
39141,57293.63365
39142,56993.87928
39143,56691.93624
39144,56387.89402
39145,56081.84271
39146,55773.873
39147,55464.07614
39148,55152.54393
39149,54839.3687
39150,54524.64324
39151,54208.4608
39152,53890.91509
39153,53572.10019
39154,53252.11059
39155,52931.04109
39156,52608.98684
39157,52286.04327
39158,51962.30607
39159,51637.87119
39160,51312.83474
39161,50987.29305
39162,50661.34259
39163,50335.07993
39164,50008.60176
39165,49682.00482
39166,49355.38589
39167,49028.84175
39168,48702.46917
39169,48376.36485
39170,48050.62543
39171,47725.34743
39172,47400.62724
39173,47076.56107
39174,46753.24497
39175,46430.77473
39176,46109.2459
39177,45788.75377
39178,45469.3933
39179,45151.25913
39180,44834.44552
39181,44519.04635
39182,44205.1551
39183,43892.86475
39184,43582.26786
39185,43273.45647
39186,42966.52207
39187,42661.55563
39188,42358.6475
39189,42057.88745
39190,41759.3646
39191,41463.1674
39192,41169.38363
39193,40878.10035
39194,40589.40386
39195,40303.37971
39196,40020.11265
39197,39739.68664
39198,39462.18475
39199,39187.68922
39200,38916.2814
39201,38648.0417
39202,38383.04961
39203,38121.38365
39204,37863.12136
39205,37608.33927
39206,37357.11287
39207,37109.51662
39208,36865.62387
39209,36625.5069
39210,36389.23686
39211,36156.88376
39212,35928.51646
39213,35704.20262
39214,35484.00871
39215,35267.99998
39216,35056.24044
39217,34848.79284
39218,34645.71865
39219,34447.07804
39220,34252.92988
39221,34063.33169
39222,33878.33966
39223,33698.00861
39224,33522.39196
39225,33351.54177
39226,33185.50865
39227,33024.34181
39228,32868.08901
39229,32716.79653
39230,32570.50922
39231,32429.27043
39232,32293.122
39233,32162.10428
39234,32036.25609
39235,31915.61473
39236,31800.21594
39237,31690.09392
39238,31585.2813
39239,31485.80913
39240,31391.7069
39241,31303.00249
39242,31219.72218
39243,31141.89065
39244,31069.53096
39245,31002.66456
39246,30941.31126
39247,30885.48924
39248,30835.21504
39249,30790.50356
39250,30751.36805
39251,30717.8201
39252,30689.86966
39253,30667.525
39254,30650.79275
39255,30639.67787
39256,30634.18365
39257,30634.31172
39258,30640.06204
39259,30651.43291
39260,30668.42095
39261,30691.02114
39262,30719.22677
39263,30753.02949
39264,30792.41928
39265,30837.38448
39266,30887.91175
39267,30943.98612
39268,31005.59098
39269,31072.70807
39270,31145.3175
39271,31223.39777
39272,31306.92573
39273,31395.87662
39274,31490.2241
39275,31589.94021
39276,31694.99539
39277,31805.35852
39278,31920.99689
39279,32041.87624
39280,32167.96075
39281,32299.21306
39282,32435.59427
39283,32577.06397
39284,32723.58024
39285,32875.09967
39286,33031.57736
39287,33192.96693
39288,33359.22057
39289,33530.28902
39290,33706.12157
39291,33886.66613
39292,34071.86919
39293,34261.67589
39294,34456.02997
39295,34654.87384
39296,34858.14858
39297,35065.79396
39298,35277.74845
39299,35493.94924
39300,35714.33226
39301,35938.83221
39302,36167.38257
39303,36399.91561
39304,36636.36243
39305,36876.65296
39306,37120.716
39307,37368.47924
39308,37619.86924
39309,37874.81152
39310,38133.23054
39311,38395.04971
39312,38660.19146
39313,38928.57722
39314,39200.12747
39315,39474.76172
39316,39752.39861
39317,40032.95587
39318,40316.35035
39319,40602.49809
39320,40891.31429
39321,41182.71337
39322,41476.60898
39323,41772.91403
39324,42071.54073
39325,42372.40058
39326,42675.40443
39327,42980.4625
39328,43287.48438
39329,43596.37911
39330,43907.05515
39331,44219.42044
39332,44533.38242
39333,44848.84805
39334,45165.72386
39335,45483.91595
39336,45803.33004
39337,46123.87146
39338,46445.44525
39339,46767.9561
39340,47091.30846
39341,47415.40651
39342,47740.1542
39343,48065.45532
39344,48391.21347
39345,48717.33211
39346,49043.71461
39347,49370.26426
39348,49696.88429
39349,50023.47792
39350,50349.94838
39351,50676.19891
39352,51002.13285
39353,51327.65362
39354,51652.66476
39355,51977.06995
39356,52300.77308
39357,52623.67821
39358,52945.68967
39359,53266.71204
39360,53586.65019
39361,53905.40932
39362,54222.89497
39363,54539.01307
39364,54853.66993
39365,55166.77233
39366,55478.22748
39367,55787.9431
39368,56095.8274
39369,56401.78915
39370,56705.7377
39371,57007.58297
39372,57307.23552
39373,57604.60656
39374,57899.60797
39375,58192.15233
39376,58482.15296
39377,58769.52392
39378,59054.18007
39379,59336.03705
39380,59615.01133
39381,59891.02026
39382,60163.98205
39383,60433.8158
39384,60700.44157
39385,60963.78035
39386,61223.75411
39387,61480.2858
39388,61733.29941
39389,61982.71998
39390,62228.47358
39391,62470.48741
39392,62708.68973
39393,62943.00998
39394,63173.37872
39395,63399.72767
39396,63621.98978
39397,63840.09918
39398,64053.99124
39399,64263.60257
39400,64468.87107
39401,64669.73591
39402,64866.13757
39403,65058.01785
39404,65245.3199
39405,65427.98821
39406,65605.96865
39407,65779.20848
39408,65947.65638
39409,66111.26242
39410,66269.97812
39411,66423.75646
39412,66572.55186
39413,66716.32023
39414,66855.01898
39415,66988.60701
39416,67117.04472
39417,67240.29406
39418,67358.31851
39419,67471.08309
39420,67578.55439
39421,67680.70057
39422,67777.49135
39423,67868.89806
39424,67954.89361
39425,68035.45251
39426,68110.5509
39427,68180.16652
39428,68244.27875
39429,68302.86858
39430,68355.91865
39431,68403.41325
39432,68445.3383
39433,68481.68138
39434,68512.43171
39435,68537.58019
39436,68557.11937
39437,68571.04345
39438,68579.34831
39439,68582.03148
39440,68579.09218
39441,68570.53127
39442,68556.35129
39443,68536.55644
39444,68511.15259
39445,68480.14726
39446,68443.54965
39447,68401.3706
39448,68353.6226
39449,68300.3198
39450,68241.47801
39451,68177.11465
39452,68107.2488
39453,68031.90115
39454,67951.09405
39455,67864.85143
39456,67773.19885
39457,67676.16346
39458,67573.77403
39459,67466.06088
39460,67353.05594
39461,67234.7927
39462,67111.3062
39463,66982.63302
39464,66848.81131
39465,66709.8807
39466,66565.88238
39467,66416.85901
39468,66262.85475
39469,66103.91523
39470,65940.08755
39471,65771.42027
39472,65597.96334
39473,65419.76819
39474,65236.8876
39475,65049.37577
39476,64857.28827
39477,64660.68201
39478,64459.61526
39479,64254.14759
39480,64044.33988
39481,63830.25432
39482,63611.95433
39483,63389.5046
39484,63162.97105
39485,62932.42081
39486,62697.9222
39487,62459.54469
39488,62217.35893
39489,61971.43669
39490,61721.85082
39491,61468.6753
39492,61211.98515
39493,60951.85642
39494,60688.36619
39495,60421.59255
39496,60151.61455
39497,59878.51219
39498,59602.36639
39499,59323.25898
39500,59041.27266
39501,58756.491
39502,58468.99838
39503,58178.88
39504,57886.22181
39505,57591.11055
39506,57293.63365
39507,56993.87928
39508,56691.93624
39509,56387.89402
39510,56081.84271
39511,55773.873
39512,55464.07614
39513,55152.54393
39514,54839.3687
39515,54524.64324
39516,54208.4608
39517,53890.91509
39518,53572.10019
39519,53252.11059
39520,52931.04109
39521,52608.98684
39522,52286.04327
39523,51962.30607
39524,51637.87119
39525,51312.83474
39526,50987.29305
39527,50661.34259
39528,50335.07993
39529,50008.60176
39530,49682.00482
39531,49355.38589
39532,49028.84175
39533,48702.46917
39534,48376.36485
39535,48050.62543
39536,47725.34743
39537,47400.62724
39538,47076.56107
39539,46753.24497
39540,46430.77473
39541,46109.2459
39542,45788.75377
39543,45469.3933
39544,45151.25913
39545,44834.44552
39546,44519.04635
39547,44205.1551
39548,43892.86475
39549,43582.26786
39550,43273.45647
39551,42966.52207
39552,42661.55563
39553,42358.6475
39554,42057.88745
39555,41759.3646
39556,41463.1674
39557,41169.38363
39558,40878.10035
39559,40589.40386
39560,40303.37971
39561,40020.11265
39562,39739.68664
39563,39462.18475
39564,39187.68922
39565,38916.2814
39566,38648.0417
39567,38383.04961
39568,38121.38365
39569,37863.12136
39570,37608.33927
39571,37357.11287
39572,37109.51662
39573,36865.62387
39574,36625.5069
39575,36389.23686
39576,36156.88376
39577,35928.51646
39578,35704.20262
39579,35484.00871
39580,35267.99998
39581,35056.24044
39582,34848.79284
39583,34645.71865
39584,34447.07804
39585,34252.92988
39586,34063.33169
39587,33878.33966
39588,33698.00861
39589,33522.39196
39590,33351.54177
39591,33185.50865
39592,33024.34181
39593,32868.08901
39594,32716.79653
39595,32570.50922
39596,32429.27043
39597,32293.122
39598,32162.10428
39599,32036.25609
39600,31915.61473
39601,31800.21594
39602,31690.09392
39603,31585.2813
39604,31485.80913
39605,31391.7069
39606,31303.00249
39607,31219.72218
39608,31141.89065
39609,31069.53096
39610,31002.66456
39611,30941.31126
39612,30885.48924
39613,30835.21504
39614,30790.50356
39615,30751.36805
39616,30717.8201
39617,30689.86966
39618,30667.525
39619,30650.79275
39620,30639.67787
39621,30634.18365
39622,30634.31172
39623,30640.06204
39624,30651.43291
39625,30668.42095
39626,30691.02114
39627,30719.22677
39628,30753.02949
39629,30792.41928
39630,30837.38448
39631,30887.91175
39632,30943.98612
39633,31005.59098
39634,31072.70807
39635,31145.3175
39636,31223.39777
39637,31306.92573
39638,31395.87662
39639,31490.2241
39640,31589.94021
39641,31694.99539
39642,31805.35852
39643,31920.99689
39644,32041.87624
39645,32167.96075
39646,32299.21306
39647,32435.59427
39648,32577.06397
39649,32723.58024
39650,32875.09967
39651,33031.57736
39652,33192.96693
39653,33359.22057
39654,33530.28902
39655,33706.12157
39656,33886.66613
39657,34071.86919
39658,34261.67589
39659,34456.02997
39660,34654.87384
39661,34858.14858
39662,35065.79396
39663,35277.74845
39664,35493.94924
39665,35714.33226
39666,35938.83221
39667,36167.38257
39668,36399.91561
39669,36636.36243
39670,36876.65296
39671,37120.716
39672,37368.47924
39673,37619.86924
39674,37874.81152
39675,38133.23054
39676,38395.04971
39677,38660.19146
39678,38928.57722
39679,39200.12747
39680,39474.76172
39681,39752.39861
39682,40032.95587
39683,40316.35035
39684,40602.49809
39685,40891.31429
39686,41182.71337
39687,41476.60898
39688,41772.91403
39689,42071.54073
39690,42372.40058
39691,42675.40443
39692,42980.4625
39693,43287.48438
39694,43596.37911
39695,43907.05515
39696,44219.42044
39697,44533.38242
39698,44848.84805
39699,45165.72386
39700,45483.91595
39701,45803.33004
39702,46123.87146
39703,46445.44525
39704,46767.9561
39705,47091.30846
39706,47415.40651
39707,47740.1542
39708,48065.45532
39709,48391.21347
39710,48717.33211
39711,49043.71461
39712,49370.26426
39713,49696.88429
39714,50023.47792
39715,50349.94838
39716,50676.19891
39717,51002.13285
39718,51327.65362
39719,51652.66476
39720,51977.06995
39721,52300.77308
39722,52623.67821
39723,52945.68967
39724,53266.71204
39725,53586.65019
39726,53905.40932
39727,54222.89497
39728,54539.01307
39729,54853.66993
39730,55166.77233
39731,55478.22748
39732,55787.9431
39733,56095.8274
39734,56401.78915
39735,56705.7377
39736,57007.58297
39737,57307.23552
39738,57604.60656
39739,57899.60797
39740,58192.15233
39741,58482.15296
39742,58769.52392
39743,59054.18007
39744,59336.03705
39745,59615.01133
39746,59891.02026
39747,60163.98205
39748,60433.8158
39749,60700.44157
39750,60963.78035
39751,61223.75411
39752,61480.2858
39753,61733.29941
39754,61982.71998
39755,62228.47358
39756,62470.48741
39757,62708.68973
39758,62943.00998
39759,63173.37872
39760,63399.72767
39761,63621.98978
39762,63840.09918
39763,64053.99124
39764,64263.60257
39765,64468.87107
39766,64669.73591
39767,64866.13757
39768,65058.01785
39769,65245.3199
39770,65427.98821
39771,65605.96865
39772,65779.20848
39773,65947.65638
39774,66111.26242
39775,66269.97812
39776,66423.75646
39777,66572.55186
39778,66716.32023
39779,66855.01898
39780,66988.60701
39781,67117.04472
39782,67240.29406
39783,67358.31851
39784,67471.08309
39785,67578.55439
39786,67680.70057
39787,67777.49135
39788,67868.89806
39789,67954.89361
39790,68035.45251
39791,68110.5509
39792,68180.16652
39793,68244.27875
39794,68302.86858
39795,68355.91865
39796,68403.41325
39797,68445.3383
39798,68481.68138
39799,68512.43171
39800,68537.58019
39801,68557.11937
39802,68571.04345
39803,68579.34831
39804,68582.03148
39805,68579.09218
39806,68570.53127
39807,68556.35129
39808,68536.55644
39809,68511.15259
39810,68480.14726
39811,68443.54965
39812,68401.3706
39813,68353.6226
39814,68300.3198
39815,68241.47801
39816,68177.11465
39817,68107.2488
39818,68031.90115
39819,67951.09405
39820,67864.85143
39821,67773.19885
39822,67676.16346
39823,67573.77403
39824,67466.06088
39825,67353.05594
39826,67234.7927
39827,67111.3062
39828,66982.63302
39829,66848.81131
39830,66709.8807
39831,66565.88238
39832,66416.85901
39833,66262.85475
39834,66103.91523
39835,65940.08755
39836,65771.42027
39837,65597.96334
39838,65419.76819
39839,65236.8876
39840,65049.37577
39841,64857.28827
39842,64660.68201
39843,64459.61526
39844,64254.14759
39845,64044.33988
39846,63830.25432
39847,63611.95433
39848,63389.5046
39849,63162.97105
39850,62932.42081
39851,62697.9222
39852,62459.54469
39853,62217.35893
39854,61971.43669
39855,61721.85082
39856,61468.6753
39857,61211.98515
39858,60951.85642
39859,60688.36619
39860,60421.59255
39861,60151.61455
39862,59878.51219
39863,59602.36639
39864,59323.25898
39865,59041.27266
39866,58756.491
39867,58468.99838
39868,58178.88
39869,57886.22181
39870,57591.11055
39871,57293.63365
39872,56993.87928
39873,56691.93624
39874,56387.89402
39875,56081.84271
39876,55773.873
39877,55464.07614
39878,55152.54393
39879,54839.3687
39880,54524.64324
39881,54208.4608
39882,53890.91509
39883,53572.10019
39884,53252.11059
39885,52931.04109
39886,52608.98684
39887,52286.04327
39888,51962.30607
39889,51637.87119
39890,51312.83474
39891,50987.29305
39892,50661.34259
39893,50335.07993
39894,50008.60176
39895,49682.00482
39896,49355.38589
39897,49028.84175
39898,48702.46917
39899,48376.36485
39900,48050.62543
39901,47725.34743
39902,47400.62724
39903,47076.56107
39904,46753.24497
39905,46430.77473
39906,46109.2459
39907,45788.75377
39908,45469.3933
39909,45151.25913
39910,44834.44552
39911,44519.04635
39912,44205.1551
39913,43892.86475
39914,43582.26786
39915,43273.45647
39916,42966.52207
39917,42661.55563
39918,42358.6475
39919,42057.88745
39920,41759.3646
39921,41463.1674
39922,41169.38363
39923,40878.10035
39924,40589.40386
39925,40303.37971
39926,40020.11265
39927,39739.68664
39928,39462.18475
39929,39187.68922
39930,38916.2814
39931,38648.0417
39932,38383.04961
39933,38121.38365
39934,37863.12136
39935,37608.33927
39936,37357.11287
39937,37109.51662
39938,36865.62387
39939,36625.5069
39940,36389.23686
39941,36156.88376
39942,35928.51646
39943,35704.20262
39944,35484.00871
39945,35267.99998
39946,35056.24044
39947,34848.79284
39948,34645.71865
39949,34447.07804
39950,34252.92988
39951,34063.33169
39952,33878.33966
39953,33698.00861
39954,33522.39196
39955,33351.54177
39956,33185.50865
39957,33024.34181
39958,32868.08901
39959,32716.79653
39960,32570.50922
39961,32429.27043
39962,32293.122
39963,32162.10428
39964,32036.25609
39965,31915.61473
39966,31800.21594
39967,31690.09392
39968,31585.2813
39969,31485.80913
39970,31391.7069
39971,31303.00249
39972,31219.72218
39973,31141.89065
39974,31069.53096
39975,31002.66456
39976,30941.31126
39977,30885.48924
39978,30835.21504
39979,30790.50356
39980,30751.36805
39981,30717.8201
39982,30689.86966
39983,30667.525
39984,30650.79275
39985,30639.67787
39986,30634.18365
39987,30634.31172
39988,30640.06204
39989,30651.43291
39990,30668.42095
39991,30691.02114
39992,30719.22677
39993,30753.02949
39994,30792.41928
39995,30837.38448
39996,30887.91175
39997,30943.98612
39998,31005.59098
39999,31072.70807
40000,31145.3175
40001,31223.39777
40002,31306.92573
40003,31395.87662
40004,31490.2241
40005,31589.94021
40006,31694.99539
40007,31805.35852
40008,31920.99689
40009,32041.87624
40010,32167.96075
40011,32299.21306
40012,32435.59427
40013,32577.06397
40014,32723.58024
40015,32875.09967
40016,33031.57736
40017,33192.96693
40018,33359.22057
40019,33530.28902
40020,33706.12157
40021,33886.66613
40022,34071.86919
40023,34261.67589
40024,34456.02997
40025,34654.87384
40026,34858.14858
40027,35065.79396
40028,35277.74845
40029,35493.94924
40030,35714.33226
40031,35938.83221
40032,36167.38257
40033,36399.91561
40034,36636.36243
40035,36876.65296
40036,37120.716
40037,37368.47924
40038,37619.86924
40039,37874.81152
40040,38133.23054
40041,38395.04971
40042,38660.19146
40043,38928.57722
40044,39200.12747
40045,39474.76172
40046,39752.39861
40047,40032.95587
40048,40316.35035
40049,40602.49809
40050,40891.31429
40051,41182.71337
40052,41476.60898
40053,41772.91403
40054,42071.54073
40055,42372.40058
40056,42675.40443
40057,42980.4625
40058,43287.48438
40059,43596.37911
40060,43907.05515
40061,44219.42044
40062,44533.38242
40063,44848.84805
40064,45165.72386
40065,45483.91595
40066,45803.33004
40067,46123.87146
40068,46445.44525
40069,46767.9561
40070,47091.30846
40071,47415.40651
40072,47740.1542
40073,48065.45532
40074,48391.21347
40075,48717.33211
40076,49043.71461
40077,49370.26426
40078,49696.88429
40079,50023.47792
40080,50349.94838
40081,50676.19891
40082,51002.13285
40083,51327.65362
40084,51652.66476
40085,51977.06995
40086,52300.77308
40087,52623.67821
40088,52945.68967
40089,53266.71204
40090,53586.65019
40091,53905.40932
40092,54222.89497
40093,54539.01307
40094,54853.66993
40095,55166.77233
40096,55478.22748
40097,55787.9431
40098,56095.8274
40099,56401.78915
40100,56705.7377
40101,57007.58297
40102,57307.23552
40103,57604.60656
40104,57899.60797
40105,58192.15233
40106,58482.15296
40107,58769.52392
40108,59054.18007
40109,59336.03705
40110,59615.01133
40111,59891.02026
40112,60163.98205
40113,60433.8158
40114,60700.44157
40115,60963.78035
40116,61223.75411
40117,61480.2858
40118,61733.29941
40119,61982.71998
40120,62228.47358
40121,62470.48741
40122,62708.68973
40123,62943.00998
40124,63173.37872
40125,63399.72767
40126,63621.98978
40127,63840.09918
40128,64053.99124
40129,64263.60257
40130,64468.87107
40131,64669.73591
40132,64866.13757
40133,65058.01785
40134,65245.3199
40135,65427.98821
40136,65605.96865
40137,65779.20848
40138,65947.65638
40139,66111.26242
40140,66269.97812
40141,66423.75646
40142,66572.55186
40143,66716.32023
40144,66855.01898
40145,66988.60701
40146,67117.04472
40147,67240.29406
40148,67358.31851
40149,67471.08309
40150,67578.55439
40151,67680.70057
40152,67777.49135
40153,67868.89806
40154,67954.89361
40155,68035.45251
40156,68110.5509
40157,68180.16652
40158,68244.27875
40159,68302.86858
40160,68355.91865
40161,68403.41325
40162,68445.3383
40163,68481.68138
40164,68512.43171
40165,68537.58019
40166,68557.11937
40167,68571.04345
40168,68579.34831
40169,68582.03148
40170,68579.09218
40171,68570.53127
40172,68556.35129
40173,68536.55644
40174,68511.15259
40175,68480.14726
40176,68443.54965
40177,68401.3706
40178,68353.6226
40179,68300.3198
40180,68241.47801
40181,68177.11465
40182,68107.2488
40183,68031.90115
40184,67951.09405
40185,67864.85143
40186,67773.19885
40187,67676.16346
40188,67573.77403
40189,67466.06088
40190,67353.05594
40191,67234.7927
40192,67111.3062
40193,66982.63302
40194,66848.81131
40195,66709.8807
40196,66565.88238
40197,66416.85901
40198,66262.85475
40199,66103.91523
40200,65940.08755
40201,65771.42027
40202,65597.96334
40203,65419.76819
40204,65236.8876
40205,65049.37577
40206,64857.28827
40207,64660.68201
40208,64459.61526
40209,64254.14759
40210,64044.33988
40211,63830.25432
40212,63611.95433
40213,63389.5046
40214,63162.97105
40215,62932.42081
40216,62697.9222
40217,62459.54469
40218,62217.35893
40219,61971.43669
40220,61721.85082
40221,61468.6753
40222,61211.98515
40223,60951.85642
40224,60688.36619
40225,60421.59255
40226,60151.61455
40227,59878.51219
40228,59602.36639
40229,59323.25898
40230,59041.27266
40231,58756.491
40232,58468.99838
40233,58178.88
40234,57886.22181
40235,57591.11055
40236,57293.63365
40237,56993.87928
40238,56691.93624
40239,56387.89402
40240,56081.84271
40241,55773.873
40242,55464.07614
40243,55152.54393
40244,54839.3687
40245,54524.64324
40246,54208.4608
40247,53890.91509
40248,53572.10019
40249,53252.11059
40250,52931.04109
40251,52608.98684
40252,52286.04327
40253,51962.30607
40254,51637.87119
40255,51312.83474
40256,50987.29305
40257,50661.34259
40258,50335.07993
40259,50008.60176
40260,49682.00482
40261,49355.38589
40262,49028.84175
40263,48702.46917
40264,48376.36485
40265,48050.62543
40266,47725.34743
40267,47400.62724
40268,47076.56107
40269,46753.24497
40270,46430.77473
40271,46109.2459
40272,45788.75377
40273,45469.3933
40274,45151.25913
40275,44834.44552
40276,44519.04635
40277,44205.1551
40278,43892.86475
40279,43582.26786
40280,43273.45647
40281,42966.52207
40282,42661.55563
40283,42358.6475
40284,42057.88745
40285,41759.3646
40286,41463.1674
40287,41169.38363
40288,40878.10035
40289,40589.40386
40290,40303.37971
40291,40020.11265
40292,39739.68664
40293,39462.18475
40294,39187.68922
40295,38916.2814
40296,38648.0417
40297,38383.04961
40298,38121.38365
40299,37863.12136
40300,37608.33927
40301,37357.11287
40302,37109.51662
40303,36865.62387
40304,36625.5069
40305,36389.23686
40306,36156.88376
40307,35928.51646
40308,35704.20262
40309,35484.00871
40310,35267.99998
40311,35056.24044
40312,34848.79284
40313,34645.71865
40314,34447.07804
40315,34252.92988
40316,34063.33169
40317,33878.33966
40318,33698.00861
40319,33522.39196
40320,33351.54177
40321,33185.50865
40322,33024.34181
40323,32868.08901
40324,32716.79653
40325,32570.50922
40326,32429.27043
40327,32293.122
40328,32162.10428
40329,32036.25609
40330,31915.61473
40331,31800.21594
40332,31690.09392
40333,31585.2813
40334,31485.80913
40335,31391.7069
40336,31303.00249
40337,31219.72218
40338,31141.89065
40339,31069.53096
40340,31002.66456
40341,30941.31126
40342,30885.48924
40343,30835.21504
40344,30790.50356
40345,30751.36805
40346,30717.8201
40347,30689.86966
40348,30667.525
40349,30650.79275
40350,30639.67787
40351,30634.18365
40352,30634.31172
40353,30640.06204
40354,30651.43291
40355,30668.42095
40356,30691.02114
40357,30719.22677
40358,30753.02949
40359,30792.41928
40360,30837.38448
40361,30887.91175
40362,30943.98612
40363,31005.59098
40364,31072.70807
40365,31145.3175
40366,31223.39777
40367,31306.92573
40368,31395.87662
40369,31490.2241
40370,31589.94021
40371,31694.99539
40372,31805.35852
40373,31920.99689
40374,32041.87624
40375,32167.96075
40376,32299.21306
40377,32435.59427
40378,32577.06397
40379,32723.58024
40380,32875.09967
40381,33031.57736
40382,33192.96693
40383,33359.22057
40384,33530.28902
40385,33706.12157
40386,33886.66613
40387,34071.86919
40388,34261.67589
40389,34456.02997
40390,34654.87384
40391,34858.14858
40392,35065.79396
40393,35277.74845
40394,35493.94924
40395,35714.33226
40396,35938.83221
40397,36167.38257
40398,36399.91561
40399,36636.36243
40400,36876.65296
40401,37120.716
40402,37368.47924
40403,37619.86924
40404,37874.81152
40405,38133.23054
40406,38395.04971
40407,38660.19146
40408,38928.57722
40409,39200.12747
40410,39474.76172
40411,39752.39861
40412,40032.95587
40413,40316.35035
40414,40602.49809
40415,40891.31429
40416,41182.71337
40417,41476.60898
40418,41772.91403
40419,42071.54073
40420,42372.40058
40421,42675.40443
40422,42980.4625
40423,43287.48438
40424,43596.37911
40425,43907.05515
40426,44219.42044
40427,44533.38242
40428,44848.84805
40429,45165.72386
40430,45483.91595
40431,45803.33004
40432,46123.87146
40433,46445.44525
40434,46767.9561
40435,47091.30846
40436,47415.40651
40437,47740.1542
40438,48065.45532
40439,48391.21347
40440,48717.33211
40441,49043.71461
40442,49370.26426
40443,49696.88429
40444,50023.47792
40445,50349.94838
40446,50676.19891
40447,51002.13285
40448,51327.65362
40449,51652.66476
40450,51977.06995
40451,52300.77308
40452,52623.67821
40453,52945.68967
40454,53266.71204
40455,53586.65019
40456,53905.40932
40457,54222.89497
40458,54539.01307
40459,54853.66993
40460,55166.77233
40461,55478.22748
40462,55787.9431
40463,56095.8274
40464,56401.78915
40465,56705.7377
40466,57007.58297
40467,57307.23552
40468,57604.60656
40469,57899.60797
40470,58192.15233
40471,58482.15296
40472,58769.52392
40473,59054.18007
40474,59336.03705
40475,59615.01133
40476,59891.02026
40477,60163.98205
40478,60433.8158
40479,60700.44157
40480,60963.78035
40481,61223.75411
40482,61480.2858
40483,61733.29941
40484,61982.71998
40485,62228.47358
40486,62470.48741
40487,62708.68973
40488,62943.00998
40489,63173.37872
40490,63399.72767
40491,63621.98978
40492,63840.09918
40493,64053.99124
40494,64263.60257
40495,64468.87107
40496,64669.73591
40497,64866.13757
40498,65058.01785
40499,65245.3199
40500,65427.98821
40501,65605.96865
40502,65779.20848
40503,65947.65638
40504,66111.26242
40505,66269.97812
40506,66423.75646
40507,66572.55186
40508,66716.32023
40509,66855.01898
40510,66988.60701
40511,67117.04472
40512,67240.29406
40513,67358.31851
40514,67471.08309
40515,67578.55439
40516,67680.70057
40517,67777.49135
40518,67868.89806
40519,67954.89361
40520,68035.45251
40521,68110.5509
40522,68180.16652
40523,68244.27875
40524,68302.86858
40525,68355.91865
40526,68403.41325
40527,68445.3383
40528,68481.68138
40529,68512.43171
40530,68537.58019
40531,68557.11937
40532,68571.04345
40533,68579.34831
40534,68582.03148
40535,68579.09218
40536,68570.53127
40537,68556.35129
40538,68536.55644
40539,68511.15259
40540,68480.14726
40541,68443.54965
40542,68401.3706
40543,68353.6226
40544,68300.3198
40545,68241.47801
40546,68177.11465
40547,68107.2488
40548,68031.90115
40549,67951.09405
40550,67864.85143
40551,67773.19885
40552,67676.16346
40553,67573.77403
40554,67466.06088
40555,67353.05594
40556,67234.7927
40557,67111.3062
40558,66982.63302
40559,66848.81131
40560,66709.8807
40561,66565.88238
40562,66416.85901
40563,66262.85475
40564,66103.91523
40565,65940.08755
40566,65771.42027
40567,65597.96334
40568,65419.76819
40569,65236.8876
40570,65049.37577
40571,64857.28827
40572,64660.68201
40573,64459.61526
40574,64254.14759
40575,64044.33988
40576,63830.25432
40577,63611.95433
40578,63389.5046
40579,63162.97105
40580,62932.42081
40581,62697.9222
40582,62459.54469
40583,62217.35893
40584,61971.43669
40585,61721.85082
40586,61468.6753
40587,61211.98515
40588,60951.85642
40589,60688.36619
40590,60421.59255
40591,60151.61455
40592,59878.51219
40593,59602.36639
40594,59323.25898
40595,59041.27266
40596,58756.491
40597,58468.99838
40598,58178.88
40599,57886.22181
40600,57591.11055
40601,57293.63365
40602,56993.87928
40603,56691.93624
40604,56387.89402
40605,56081.84271
40606,55773.873
40607,55464.07614
40608,55152.54393
40609,54839.3687
40610,54524.64324
40611,54208.4608
40612,53890.91509
40613,53572.10019
40614,53252.11059
40615,52931.04109
40616,52608.98684
40617,52286.04327
40618,51962.30607
40619,51637.87119
40620,51312.83474
40621,50987.29305
40622,50661.34259
40623,50335.07993
40624,50008.60176
40625,49682.00482
40626,49355.38589
40627,49028.84175
40628,48702.46917
40629,48376.36485
40630,48050.62543
40631,47725.34743
40632,47400.62724
40633,47076.56107
40634,46753.24497
40635,46430.77473
40636,46109.2459
40637,45788.75377
40638,45469.3933
40639,45151.25913
40640,44834.44552
40641,44519.04635
40642,44205.1551
40643,43892.86475
40644,43582.26786
40645,43273.45647
40646,42966.52207
40647,42661.55563
40648,42358.6475
40649,42057.88745
40650,41759.3646
40651,41463.1674
40652,41169.38363
40653,40878.10035
40654,40589.40386
40655,40303.37971
40656,40020.11265
40657,39739.68664
40658,39462.18475
40659,39187.68922
40660,38916.2814
40661,38648.0417
40662,38383.04961
40663,38121.38365
40664,37863.12136
40665,37608.33927
40666,37357.11287
40667,37109.51662
40668,36865.62387
40669,36625.5069
40670,36389.23686
40671,36156.88376
40672,35928.51646
40673,35704.20262
40674,35484.00871
40675,35267.99998
40676,35056.24044
40677,34848.79284
40678,34645.71865
40679,34447.07804
40680,34252.92988
40681,34063.33169
40682,33878.33966
40683,33698.00861
40684,33522.39196
40685,33351.54177
40686,33185.50865
40687,33024.34181
40688,32868.08901
40689,32716.79653
40690,32570.50922
40691,32429.27043
40692,32293.122
40693,32162.10428
40694,32036.25609
40695,31915.61473
40696,31800.21594
40697,31690.09392
40698,31585.2813
40699,31485.80913
40700,31391.7069
40701,31303.00249
40702,31219.72218
40703,31141.89065
40704,31069.53096
40705,31002.66456
40706,30941.31126
40707,30885.48924
40708,30835.21504
40709,30790.50356
40710,30751.36805
40711,30717.8201
40712,30689.86966
40713,30667.525
40714,30650.79275
40715,30639.67787
40716,30634.18365
40717,30634.31172
40718,30640.06204
40719,30651.43291
40720,30668.42095
40721,30691.02114
40722,30719.22677
40723,30753.02949
40724,30792.41928
40725,30837.38448
40726,30887.91175
40727,30943.98612
40728,31005.59098
40729,31072.70807
40730,31145.3175
40731,31223.39777
40732,31306.92573
40733,31395.87662
40734,31490.2241
40735,31589.94021
40736,31694.99539
40737,31805.35852
40738,31920.99689
40739,32041.87624
40740,32167.96075
40741,32299.21306
40742,32435.59427
40743,32577.06397
40744,32723.58024
40745,32875.09967
40746,33031.57736
40747,33192.96693
40748,33359.22057
40749,33530.28902
40750,33706.12157
40751,33886.66613
40752,34071.86919
40753,34261.67589
40754,34456.02997
40755,34654.87384
40756,34858.14858
40757,35065.79396
40758,35277.74845
40759,35493.94924
40760,35714.33226
40761,35938.83221
40762,36167.38257
40763,36399.91561
40764,36636.36243
40765,36876.65296
40766,37120.716
40767,37368.47924
40768,37619.86924
40769,37874.81152
40770,38133.23054
40771,38395.04971
40772,38660.19146
40773,38928.57722
40774,39200.12747
40775,39474.76172
40776,39752.39861
40777,40032.95587
40778,40316.35035
40779,40602.49809
40780,40891.31429
40781,41182.71337
40782,41476.60898
40783,41772.91403
40784,42071.54073
40785,42372.40058
40786,42675.40443
40787,42980.4625
40788,43287.48438
40789,43596.37911
40790,43907.05515
40791,44219.42044
40792,44533.38242
40793,44848.84805
40794,45165.72386
40795,45483.91595
40796,45803.33004
40797,46123.87146
40798,46445.44525
40799,46767.9561
40800,47091.30846
40801,47415.40651
40802,47740.1542
40803,48065.45532
40804,48391.21347
40805,48717.33211
40806,49043.71461
40807,49370.26426
40808,49696.88429
40809,50023.47792
40810,50349.94838
40811,50676.19891
40812,51002.13285
40813,51327.65362
40814,51652.66476
40815,51977.06995
40816,52300.77308
40817,52623.67821
40818,52945.68967
40819,53266.71204
40820,53586.65019
40821,53905.40932
40822,54222.89497
40823,54539.01307
40824,54853.66993
40825,55166.77233
40826,55478.22748
40827,55787.9431
40828,56095.8274
40829,56401.78915
40830,56705.7377
40831,57007.58297
40832,57307.23552
40833,57604.60656
40834,57899.60797
40835,58192.15233
40836,58482.15296
40837,58769.52392
40838,59054.18007
40839,59336.03705
40840,59615.01133
40841,59891.02026
40842,60163.98205
40843,60433.8158
40844,60700.44157
40845,60963.78035
40846,61223.75411
40847,61480.2858
40848,61733.29941
40849,61982.71998
40850,62228.47358
40851,62470.48741
40852,62708.68973
40853,62943.00998
40854,63173.37872
40855,63399.72767
40856,63621.98978
40857,63840.09918
40858,64053.99124
40859,64263.60257
40860,64468.87107
40861,64669.73591
40862,64866.13757
40863,65058.01785
40864,65245.3199
40865,65427.98821
40866,65605.96865
40867,65779.20848
40868,65947.65638
40869,66111.26242
40870,66269.97812
40871,66423.75646
40872,66572.55186
40873,66716.32023
40874,66855.01898
40875,66988.60701
40876,67117.04472
40877,67240.29406
40878,67358.31851
40879,67471.08309
40880,67578.55439
